<?xml version="1.0" encoding="utf-8"?>
<COLLADA version="1.5.0" xmlns="http://www.collada.org/2008/03/COLLADASchema">
  <asset>
    <contributor />
    <unit meter="1" />
  </asset>
  <library_lights />
  <library_materials>
    <material id="material_1">
      <instance_effect url="#effect-material_1" />
    </material>
  </library_materials>
  <library_effects>
    <effect id="effect-material_1" />
  </library_effects>
  <library_cameras />
  <library_geometries>
    <geometry id="mesh_1">
      <mesh>
        <source id="mesh_1-position" name="position">
          <float_array id="mesh_1-position-array" count="14541">-0.09861266613006592 -0.1162879541516304 -0.007509456481784582 -0.10467090457677841 -0.1139681339263916 0.008427094668149948 -0.1023225262761116 -0.11759911477565765 0.0010595917701721191 0.0281237680464983 0.3700222969055176 -0.01998496986925602 0.025558046996593475 0.3716886341571808 -0.013042805716395378 0.0262749046087265 0.375620037317276 -0.007661526557058096 0.03251958265900612 0.3849257528781891 -0.048466019332408905 0.034208670258522034 0.3801836371421814 -0.05196504294872284 0.03236966207623482 0.38029536604881287 -0.045515257865190506 0.013036632910370827 0.395428866147995 -0.07474400103092194 0.010408677160739899 0.39394184947013855 -0.07003141939640045 0.01659390889108181 0.39710262417793274 -0.07057839632034302 -0.046784501522779465 -0.07578781992197037 0.051886510103940964 -0.06082170829176903 -0.07367528975009918 0.043249864131212234 -0.061900168657302856 -0.074720099568367 0.06006728112697601 -0.08288998156785965 0.16770440340042114 0.03317958861589432 -0.08936672657728195 0.1527411937713623 0.023344608023762703 -0.08891396969556808 0.13257579505443573 0.03061641938984394 -0.08965817838907242 0.17723336815834045 0.020703786984086037 -0.09152103960514069 0.19424191117286682 0.018614154309034348 -0.07735836505889893 0.18906694650650024 0.03825608640909195 -0.08448287844657898 0.23318225145339966 0.027808528393507004 -0.06686674058437347 0.11036185920238495 0.058248769491910934 -0.07303416728973389 0.23733434081077576 0.040112484246492386 -0.09465301036834717 0.22068120539188385 0.015889186412096024 -0.09744369238615036 0.24668896198272705 0.008503305725753307 -0.09316277503967285 0.2638402283191681 0.012323006987571716 -0.09976428002119064 0.2689451575279236 0.004855943378061056 -0.06980637460947037 0.15808452665805817 0.04781348630785942 -0.09152302891016006 0.109032541513443 0.03139367327094078 -0.08114973455667496 0.25417664647102356 0.027348043397068977 -0.08909052610397339 0.28133872151374817 0.013263487257063389 -0.07750973105430603 0.09300410747528076 0.05154719948768616 -0.09422395378351212 0.09652207791805267 0.03231721743941307 -0.09377311170101166 0.077315554022789 0.03565027564764023 -0.0862322449684143 0.059477757662534714 0.04851597547531128 -0.09446533769369125 0.04718976095318794 0.04167718440294266 -0.09561653435230255 0.012699464336037636 0.04726541414856911 -0.07315759360790253 0.02759687416255474 0.0667627826333046 -0.06661030650138855 0.08921820670366287 0.06215544044971466 -0.08637531101703644 -0.004965126048773527 0.05847952887415886 -0.0975802019238472 -0.006886737421154976 0.04666798561811447 -0.08995672315359116 -0.04376210272312164 0.061525993049144745 -0.10142513364553452 -0.030180323868989944 0.04504145309329033 -0.10368286073207855 -0.07782560586929321 0.05191665142774582 -0.09217345714569092 -0.07748141139745712 0.06582009047269821 -0.09394990652799606 -0.1448521614074707 0.07457911968231201 -0.07624240964651108 -0.0852980688214302 0.08214202523231506 -0.08406766504049301 -0.14711573719978333 0.08509544283151627 -0.08515426516532898 -0.1783447563648224 0.08752258121967316 -0.10434909909963608 -0.1790887862443924 0.06582733988761902 -0.10932715982198715 -0.11399529129266739 0.05028502643108368 -0.11254803836345673 -0.13533350825309753 0.0499371774494648 -0.07494200766086578 -0.04259629175066948 0.07501859217882156 -0.06768346577882767 -0.003819697070866823 0.07467125356197357 -0.11256520450115204 -0.1884670853614807 0.05575641989707947 -0.09801330417394638 -0.1898895651102066 0.07664137333631516 -0.059816163033246994 0.1935996562242508 0.053358856588602066 -0.06032784283161163 0.1579749584197998 0.05610386282205582 -0.09829898923635483 0.2885020971298218 0.0047105480916798115 -0.10177498310804367 0.2769710123538971 0.0021583903580904007 -0.06637714058160782 -0.1915404051542282 0.10382450371980667 -0.07503381371498108 0.2880581319332123 0.022027231752872467 -0.0618496872484684 0.23731498420238495 0.04887070879340172 -0.11664345115423203 -0.1624654233455658 0.0463339127600193 -0.0911884754896164 0.30051884055137634 0.005003275349736214 -0.05646989494562149 -0.1829325407743454 0.10758323222398758 -0.06160559132695198 0.03565628081560135 0.0732850432395935 -0.057646363973617554 -0.038980115205049515 0.08648917824029922 -0.04973718896508217 0.09606300294399261 0.07112284749746323 -0.050699785351753235 -0.14404107630252838 0.10573022067546844 -0.052118271589279175 -0.11898313462734222 0.10085947066545486 -0.04904253035783768 -0.10421077907085419 0.10069169104099274 -0.07157329469919205 0.30433931946754456 0.018089534714818 -0.0386432446539402 0.0028446016367524862 0.09091941267251968 -0.04090359807014465 0.06247188150882721 0.08048968017101288 -0.04442828893661499 0.16525693237781525 0.06365471333265305 -0.050074249505996704 -0.19153064489364624 0.11243464797735214 -0.04979737102985382 -0.1676688939332962 0.10887815058231354 -0.03830575570464134 -0.06574518233537674 0.09989036619663239 -0.03746665269136429 0.11370600759983063 0.07447469234466553 -0.023165257647633553 0.05616588518023491 0.08995916694402695 -0.022776613011956215 0.014123613014817238 0.09676901251077652 -0.02323809079825878 -0.02318114973604679 0.10073642432689667 -0.029192501679062843 -0.056562427431344986 0.10250774770975113 -0.03141742944717407 -0.0834297388792038 0.10489247739315033 -0.03864675015211105 -0.12552239000797272 0.10708799213171005 -0.0355554074048996 -0.11066820472478867 0.10652004182338715 -0.059747114777565 0.2784920930862427 0.03398388624191284 -0.06527295708656311 0.28387054800987244 0.02978523075580597 -0.05057487264275551 0.3047970235347748 0.031617213040590286 -0.04149810969829559 0.30243077874183655 0.0382479764521122 -0.06541786342859268 0.3033156991004944 0.023043690249323845 -0.06928692013025284 0.29881763458251953 0.020582986995577812 -0.0475788414478302 0.2672317326068878 0.04231248050928116 -0.022222792729735374 0.1260160207748413 0.07850196957588196 -0.03860216960310936 0.18854469060897827 0.06191175431013107 -0.03946714103221893 0.31142494082450867 0.03477812558412552 -0.110091432929039 0.28922632336616516 0.0012432292569428682 -0.10841520875692368 0.3002137839794159 -0.0011601438745856285 -0.1238829493522644 0.30108267068862915 -0.012552347965538502 -0.1270875781774521 0.28612667322158813 -0.012881950475275517 -0.1117183193564415 0.31273353099823 -0.009208948351442814 -0.1355241984128952 0.2846071422100067 -0.025744915008544922 -0.13111859560012817 0.30215486884117126 -0.024095846340060234 -0.1215076670050621 0.2713578939437866 -0.0136124137789011 -0.12546241283416748 -0.18795141577720642 0.034192170947790146 -0.08387869596481323 0.31405654549598694 0.0010700966231524944 -0.0754987895488739 0.31388217210769653 0.0067368256859481335 -0.10476121306419373 -0.01634572632610798 0.034981466829776764 -0.10993025451898575 0.019548747688531876 0.019074181094765663 -0.11426008492708206 -0.02824169583618641 0.018630938604474068 -0.1097959503531456 -0.05420536920428276 0.030059874057769775 -0.11782754957675934 -0.08032624423503876 0.018346361815929413 -0.10772562026977539 -0.09110447764396667 0.03456437215209007 -0.12031648308038712 -0.11788558214902878 0.01956983096897602 -0.1121319979429245 -0.12911872565746307 0.036742519587278366 -0.12291014194488525 -0.16190962493419647 0.02582990564405918 -0.10623816400766373 0.047656722366809845 0.018047994002699852 -0.10074808448553085 0.07043685019016266 0.02261803112924099 -0.1310303509235382 0.26833683252334595 -0.02516607753932476 -0.10556339472532272 -0.056306786835193634 0.03951014578342438 -0.12427569180727005 0.31361454725265503 -0.024831872433423996 -0.11708629131317139 -0.15617014467716217 0.0369601733982563 -0.1364383101463318 0.26762357354164124 -0.03722766414284706 -0.10767599195241928 0.2599371075630188 -0.011391246691346169 -0.0981946736574173 0.0982070192694664 0.0131104476749897 -0.10333461314439774 0.0751848816871643 0.01084983441978693 -0.11994510889053345 0.25184550881385803 -0.026177067309617996 -0.12138111889362335 0.24622808396816254 -0.03258948773145676 -0.12847070395946503 0.2465696930885315 -0.042193520814180374 -0.09876156598329544 0.09568139910697937 0.010180623270571232 -0.12480371445417404 -0.12597113847732544 -0.0005086257588118315 -0.12908528745174408 -0.17738911509513855 2.6259238438797183E-05 -0.12059678137302399 -0.07103478163480759 -0.0018911383813247085 -0.11918139457702637 -0.044106271117925644 -0.0020203718449920416 -0.09106141328811646 0.14082182943820953 0.014759895391762257 -0.09900485724210739 0.26076778769493103 -0.006648941431194544 -0.11532142013311386 -0.011420807801187038 -0.0025576583575457335 -0.13013051450252533 -0.19030478596687317 0.0009718721848912537 -0.09078357368707657 0.1352982521057129 0.010764947161078453 -0.11072683334350586 0.030711986124515533 -0.0020396034233272076 -0.09161433577537537 0.1675582379102707 -0.011381933465600014 -0.10523104667663574 0.05931413546204567 -1.49419147419394E-05 -0.09072044491767883 0.1820923238992691 0.008078135550022125 -0.09278807789087296 0.1873658001422882 -0.01754758134484291 -0.09108377248048782 0.21312010288238525 -0.0021258422639220953 -0.09174016118049622 0.23338742554187775 -0.01114555262029171 -0.0951988473534584 0.19798080623149872 -0.03002617135643959 -0.09632401168346405 0.23124462366104126 -0.031530559062957764 -0.09770329296588898 0.20996391773223877 -0.039062559604644775 -0.09575486183166504 0.2433527559041977 -0.02553457021713257 -0.09607692807912827 0.25104543566703796 -0.014368237927556038 -0.09262986481189728 0.17994871735572815 -0.034546464681625366 -0.09044253826141357 0.15354032814502716 -0.02105264738202095 -0.09229826182126999 0.12328207492828369 -0.008601611480116844 -0.09100069850683212 0.14181919395923615 0.0036874529905617237 -0.09510380774736404 0.19516423344612122 -0.04405440017580986 -0.1042899563908577 0.24839095771312714 -0.018579864874482155 -0.10899703949689865 0.2435007393360138 -0.025862054899334908 -0.1132228672504425 0.23334279656410217 -0.03178298845887184 -0.10516645759344101 0.23561713099479675 -0.029078016057610512 -0.08759419620037079 0.14324933290481567 -0.030276603996753693 -0.11032817512750626 0.1983320713043213 -0.041459571570158005 -0.12358693033456802 0.21192826330661774 -0.04297927767038345 -0.11894722282886505 0.19780391454696655 -0.04350415617227554 -0.12475588172674179 0.1952492743730545 -0.04618379473686218 -0.12298333644866943 0.1866346299648285 -0.042403895407915115 -0.1343069225549698 0.18930107355117798 -0.046976927667856216 -0.13546444475650787 0.17274612188339233 -0.04334225133061409 -0.10888727754354477 0.18256597220897675 -0.04222424328327179 -0.12262173742055893 0.16586503386497498 -0.040242455899715424 -0.13481296598911285 0.1647317111492157 -0.044804561883211136 -0.0974150151014328 0.09108033776283264 -0.003375929780304432 -0.0908234491944313 0.18739169836044312 -0.05056671425700188 -0.08887750655412674 0.11403445154428482 -0.02264883741736412 -0.1257249265909195 -0.19271454215049744 -0.01699313148856163 -0.09191548079252243 0.09207312017679214 -0.01697731763124466 -0.10643687099218369 0.004226339980959892 -0.02915540523827076 -0.10310032963752747 0.03134774789214134 -0.02956767939031124 -0.11244568228721619 -0.09725390374660492 -0.03414443880319595 -0.11711214482784271 -0.15196290612220764 -0.03560680150985718 -0.11321008950471878 -0.04291900619864464 -0.018057014793157578 -0.12116523087024689 -0.19334833323955536 -0.03440840169787407 -0.09792719781398773 0.06560320407152176 -0.018414853140711784 -0.09812486916780472 0.0325598381459713 -0.042981259524822235 -0.10106967389583588 0.00726013258099556 -0.04310040548443794 -0.10613091289997101 -0.04751282557845116 -0.03775079920887947 -0.12081774324178696 0.15812751650810242 -0.04432282969355583 -0.08472838997840881 0.13581763207912445 -0.03606497123837471 -0.08431565016508102 0.15360718965530396 -0.043413009494543076 -0.08682318031787872 0.07413863390684128 -0.037712179124355316 -0.08269626647233963 0.08742181211709976 -0.03707252815365791 -0.08192556351423264 0.11290673166513443 -0.03762383386492729 -0.09968876093626022 0.1926741898059845 -0.043756864964962006 0.08699733763933182 0.08087403327226639 0.01644281856715679 0.09095814824104309 0.03448896482586861 0.011509560979902744 0.08622942864894867 0.08074413239955902 -0.0016376532148569822 0.09163114428520203 0.027039088308811188 -0.000995563343167305 0.08535683155059814 0.11306650936603546 0.011783124879002571 0.08483809977769852 0.11893519759178162 -0.0020830666180700064 0.08451519906520844 0.1263606697320938 0.015937115997076035 0.09028910845518112 0.029007067903876305 0.03281557559967041 0.09955234825611115 -0.02821308933198452 0.008395914919674397 0.09501270204782486 -0.0023687151260674 0.030947770923376083 0.10300307720899582 -0.07206368446350098 0.028825826942920685 0.10983999073505402 -0.12077505886554718 0.01236353162676096 0.11290100961923599 -0.1526057869195938 0.028625670820474625 0.11538542807102203 -0.17226268351078033 0.013637057505548 0.11674622446298599 -0.1921880692243576 0.02858325093984604 0.11673731356859207 -0.19329304993152618 0.01505300309509039 0.0855674222111702 0.07362999022006989 0.031467512249946594 0.08419213443994522 0.09686346352100372 0.025717709213495255 0.08652447909116745 0.1532452553510666 -0.0017259081359952688 0.08645425736904144 0.16412191092967987 0.009546833112835884 0.09017874300479889 0.183453768491745 -0.010776347480714321 0.08801103383302689 0.1810191124677658 0.007210277020931244 0.08050508052110672 0.10832817107439041 0.03306610882282257 0.07915035635232925 0.14134468138217926 0.031295087188482285 0.10982605814933777 -0.15902842581272125 0.040391430258750916 0.11025673151016235 -0.19220298528671265 0.049042001366615295 0.08400992304086685 0.16999413073062897 0.017525535076856613 0.10410761833190918 -0.14438937604427338 0.05066308751702309 0.09806673228740692 -0.0687357634305954 0.04048781841993332 0.10355377942323685 -0.1919214129447937 0.06484613567590714 0.08008909970521927 0.19128943979740143 0.02647796832025051 0.09431514889001846 0.20069900155067444 -0.02416582778096199 0.09594950079917908 0.22006486356258392 -0.018619701266288757 0.09073370695114136 0.22691945731639862 0.009874511510133743 0.09675247967243195 -0.12528271973133087 0.06035245954990387 0.09238231182098389 -0.06794993579387665 0.05184750631451607 0.08725738525390625 0.20121267437934875 0.01347101479768753 0.08544374257326126 0.23530541360378265 0.025859713554382324 0.07999018579721451 0.2071247100830078 0.030996667221188545 0.09765110909938812 0.23764337599277496 -0.013379762880504131 0.09193175286054611 0.2411029040813446 0.011817933060228825 0.09176444262266159 0.26247283816337585 0.021702341735363007 0.0773518979549408 0.16883140802383423 0.028598705306649208 0.07796221971511841 0.04403063654899597 0.049608245491981506 0.08088993281126022 -0.0022544150706380606 0.05413804575800896 0.08377628028392792 -0.041476719081401825 0.057728223502635956 0.08611532300710678 -0.08500733226537704 0.06465654820203781 0.0749383196234703 0.07469870150089264 0.04762684181332588 0.09514953196048737 0.24893984198570251 0.008967755362391472 0.07273736596107483 0.18783991038799286 0.03654465451836586 0.0674387663602829 0.10822077840566635 0.05063358321785927 0.0888717994093895 -0.14521753787994385 0.0749259740114212 0.0902821347117424 -0.19184565544128418 0.08313506841659546 0.0755125880241394 0.23922580480575562 0.03769806772470474 0.08394671976566315 0.15698464214801788 -0.020527098327875137 0.11340352892875671 -0.1954772174358368 -0.004078354686498642 0.10085384547710419 -0.07015856355428696 -0.012478074058890343 0.10996272414922714 -0.15845908224582672 -0.008949877694249153 0.09312675148248672 -0.011860421858727932 -0.014139463193714619 0.0867987722158432 0.1742149442434311 -0.023742832243442535 0.09272333234548569 0.19648408889770508 -0.030985701829195023 0.1032404974102974 -0.09909751266241074 -0.014017770066857338 0.08181055635213852 0.1151462197303772 -0.015570064075291157 0.08226284384727478 0.08542673289775848 -0.013091146014630795 0.08332286775112152 0.046821460127830505 -0.02493606135249138 0.07718148082494736 0.08941174298524857 -0.02645302005112171 0.0765630453824997 0.07618570327758789 -0.03302353248000145 0.07818116992712021 0.11884111166000366 -0.026165932416915894 0.08272938430309296 0.015408800914883614 -0.033960044384002686 0.08737549185752869 -0.01838412880897522 -0.030589070171117783 0.09554623067378998 -0.1015247255563736 -0.030950631946325302 0.07687907665967941 0.043731968849897385 -0.039959751069545746 0.08280334621667862 0.17844711244106293 -0.04201674088835716 0.09274141490459442 0.20410141348838806 -0.04026447609066963 0.0687275379896164 0.14830519258975983 -0.050828225910663605 0.09325269609689713 0.212240070104599 -0.05230988934636116 0.0788966491818428 0.14948764443397522 -0.02937198244035244 0.10157179832458496 -0.19961991906166077 -0.0271642804145813 0.09785996377468109 -0.15641382336616516 -0.031644150614738464 0.07645898312330246 0.12709727883338928 -0.029936596751213074 0.07588192075490952 0.14270108938217163 -0.032519835978746414 0.06676062196493149 0.12506280839443207 -0.04769203066825867 0.06657280027866364 0.10218483209609985 -0.04639850929379463 0.06473585218191147 0.08747094124555588 -0.04836011677980423 0.06618816405534744 0.07687131315469742 -0.050082914531230927 0.07995889335870743 -0.007565607782453299 -0.041911009699106216 0.08473384380340576 -0.07235611230134964 -0.0439307801425457 0.07881338149309158 0.17717918753623962 -0.0508977435529232 0.08772967755794525 0.20951023697853088 -0.06298986822366714 0.09825530648231506 0.23114530742168427 -0.06528197973966599 0.08451436460018158 -0.1484624594449997 -0.04742031544446945 0.06882454454898834 0.1611621379852295 -0.057086262851953506 0.06886973977088928 0.17802740633487701 -0.06719451397657394 0.08014898002147675 0.20127348601818085 -0.06783655285835266 0.08378347754478455 -0.17988969385623932 -0.04735143110156059 0.06303465366363525 0.03253823518753052 -0.05703243613243103 0.0850304588675499 -0.19915662705898285 -0.044848084449768066 0.07081630825996399 -0.028808029368519783 -0.052917707711458206 0.07944389432668686 0.21755629777908325 -0.07924262434244156 0.08891765028238297 0.2245611697435379 -0.07339221239089966 0.05734454095363617 -0.095645971596241 0.08391255885362625 0.06041385978460312 -0.08310644328594208 0.07990293204784393 0.06397581100463867 -0.11892172694206238 0.08464010804891586 0.056996189057826996 -0.06888517737388611 0.07977565377950668 0.06105402857065201 -0.1410323530435562 0.08931314200162888 0.06576021015644073 -0.14259152114391327 0.08664291352033615 0.04054543748497963 -0.054321546107530594 0.08349329233169556 0.029714494943618774 -0.06550352275371552 0.08857958018779755 0.032658856362104416 -0.10250731557607651 0.09257574379444122 0.044938407838344574 -0.12921273708343506 0.09116295725107193 0.01495551411062479 -0.12829026579856873 0.10392618179321289 0.03701740503311157 -0.15135522186756134 0.09840411692857742 0.013985727913677692 -0.14371129870414734 0.10523092746734619 0.02663900889456272 -0.1647193729877472 0.10330010205507278 0.018051104620099068 -0.17576292157173157 0.10793371498584747 0.02909207157790661 -0.1923532634973526 0.10759157687425613 0.018909575417637825 -0.07552813738584518 0.09480982273817062 0.05256233364343643 -0.04608481749892235 0.07680162787437439 0.013212489895522594 -0.19242550432682037 0.11146024614572525 0.06317823380231857 -0.17262522876262665 0.09628846496343613 0.04537684842944145 -0.19145429134368896 0.10385625809431076 0.06237830966711044 -0.1916295439004898 0.0991707295179367 0.020627133548259735 -0.037800490856170654 0.09082622826099396 0.026485824957489967 -0.017822520807385445 0.08578094840049744 0.04837300628423691 -0.021691763773560524 0.07553751021623611 0.004640124272555113 -0.04991334676742554 0.10016009956598282 0.00802414771169424 -0.0711820051074028 0.10022585093975067 0.0011158495908603072 -0.026866987347602844 0.09762942790985107 0.0240327175706625 -0.10361094027757645 0.09738283604383469 0.010077369399368763 -0.09591371566057205 0.10413169115781784 0.0019769759383052588 -0.10856861621141434 0.10651605576276779 -0.0014164396561682224 -0.08204366266727448 0.10394398123025894 -0.0021381699480116367 -0.06266219168901443 0.10112866014242172 -0.007616470567882061 -0.06574516743421555 0.10345333069562912 -0.009868537075817585 -0.04719145596027374 0.09992771595716476 -0.00260994047857821 -0.03689226880669594 0.09969566017389297 0.0017097170930355787 -0.14172060787677765 0.10719960927963257 0.0020212314557284117 -0.1664348840713501 0.10948178917169571 0.005342226941138506 -0.18822847306728363 0.1116163581609726 0.003652973799034953 -0.19428689777851105 0.11440078914165497 -0.0032286057248711586 -0.08841120451688766 0.10708104074001312 0.0003019495925400406 -0.11921011656522751 0.10956249386072159 0.07360509783029556 -0.19210028648376465 0.09015356749296188 0.07936135679483414 -0.16507947444915771 0.0787958949804306 0.08680372685194016 -0.19166678190231323 0.076278455555439 0.06261779367923737 -0.034051746129989624 0.06318717449903488 0.06807616353034973 -0.05364401638507843 0.0625363439321518 0.08228044211864471 -0.1364179402589798 0.06695685535669327 0.07163584977388382 -0.11667806655168533 0.07524113357067108 0.08011375367641449 -0.10746616870164871 0.06489985436201096 0.07405662536621094 -0.03089575096964836 0.049277953803539276 0.07537594437599182 -0.08302857726812363 0.06224863976240158 0.09477546811103821 -0.17237743735313416 0.06049659103155136 0.09536407887935638 -0.19009679555892944 0.06440863758325577 0.07993784546852112 -0.06183150038123131 0.04819405823945999 0.08185246586799622 -0.08475679904222488 0.050653327256441116 0.08819467574357986 -0.1340409368276596 0.056769803166389465 0.10034851729869843 -0.19166462123394012 0.05537829175591469 0.08386870473623276 -0.10764619708061218 0.056151971220970154 0.09810560941696167 -0.14814883470535278 0.04330411180853844 -0.011218623258173466 -0.03480399772524834 0.09735413640737534 -0.013323054648935795 -0.03555269539356232 0.10063859820365906 -0.015841802582144737 -0.019753392785787582 0.09795420616865158 -0.013764574192464352 -0.01805761456489563 0.09551345556974411 0.09311642497777939 -0.13254402577877045 0.043866757303476334 0.08661793917417526 -0.11436484009027481 0.05097563564777374 0.09538692981004715 -0.11764565855264664 0.033305924385786057 0.08739062398672104 -0.08445841819047928 0.03507693484425545 0.08061748743057251 -0.05247145891189575 0.04236132279038429 0.08140676468610764 -0.026833293959498405 0.03223467245697975 0.08216532319784164 -0.013628644868731499 0.017820049077272415 0.0986945703625679 -0.1361025720834732 0.031028946861624718 0.09426214545965195 -0.10180976241827011 0.026488307863473892 0.08456811308860779 -0.060511521995067596 0.02649553492665291 0.10346736758947372 -0.1629795879125595 0.03131909295916557 0.10412948578596115 -0.19219395518302917 0.04593132063746452 0.10799337923526764 -0.19291625916957855 0.033167894929647446 0.09985961765050888 -0.1212245300412178 0.01572524569928646 0.0954878181219101 -0.10152560472488403 0.015207928605377674 0.09139957278966904 -0.08677930384874344 0.015994388610124588 0.08476334065198898 -0.056617360562086105 0.014595955610275269 0.10075091570615768 -0.14868630468845367 0.014152958989143372 0.10889777541160583 -0.1910324990749359 0.01834491640329361 0.11100151389837265 -0.19496062397956848 0.016801362857222557 0.10321222990751266 -0.1596333533525467 0.01788344234228134 -0.14506083726882935 -0.49925047159194946 0.02295127511024475 -0.08872845023870468 -0.49950671195983887 0.02766343578696251 -0.14715003967285156 -0.4991985857486725 0.038178522139787674 -0.08768279105424881 -0.5000811219215393 0.04190808907151222 -0.08986076712608337 -0.4992212951183319 0.06066436320543289 -0.14709898829460144 -0.49826914072036743 0.04782479256391525 -0.12472129613161087 -0.4940134286880493 0.0764918178319931 -0.1466122567653656 -0.4959605038166046 0.05989276245236397 -0.0982610285282135 -0.49381688237190247 0.08054375648498535 -0.14195403456687927 -0.49203482270240784 0.07725068181753159 -0.11151053756475449 -0.489061176776886 0.09333690255880356 -0.1328130066394806 -0.48854589462280273 0.08995357155799866 -0.08862557262182236 -0.49642252922058105 0.018422387540340424 -0.14155466854572296 -0.4985176622867584 0.015235435217618942 -0.1339494287967682 -0.4947543442249298 0.0010933083249256015 -0.11998984962701797 -0.48983025550842285 -0.010904781520366669 -0.12663044035434723 -0.4913608729839325 -0.013058246113359928 -0.08694813400506973 -0.49140867590904236 0.0011296269949525595 -0.09339215606451035 -0.4907640814781189 -0.006251467391848564 -0.0840872973203659 -0.49273359775543213 -0.005658332724124193 -0.09707092493772507 -0.49178287386894226 -0.010223901830613613 -0.11917875707149506 -0.49065962433815 -0.01355099305510521 -0.14553773403167725 0.054853394627571106 -0.06654419749975204 -0.14480023086071014 0.057913001626729965 -0.04944208264350891 -0.15222571790218353 0.037778470665216446 -0.05136452615261078 -0.13495424389839172 0.0772964283823967 -0.05578510835766792 -0.1386735737323761 0.07177624851465225 -0.0743507370352745 -0.12639053165912628 0.09769202023744583 -0.07944207638502121 -0.12394604831933975 0.10410280525684357 -0.05715756118297577 -0.11642027646303177 0.12209437042474747 -0.06698467582464218 -0.11417920887470245 0.1277523934841156 -0.08192264288663864 -0.10791578143835068 0.14694447815418243 -0.08003327995538712 -0.10803171992301941 0.1452067345380783 -0.0671786516904831 -0.11011967808008194 0.14260543882846832 -0.05767952650785446 -0.15508924424648285 0.03616451472043991 -0.06360206753015518 -0.15992224216461182 0.022833913564682007 -0.06778284907341003 -0.15654899179935455 0.020037967711687088 -0.05237864702939987 -0.15356288850307465 0.030106395483016968 -0.03918351233005524 -0.15714187920093536 0.019405534490942955 -0.022214705124497414 -0.16255921125411987 0.006773598957806826 -0.02565048821270466 -0.1639421135187149 0.002529927296563983 -0.03075609728693962 -0.15989649295806885 0.008112801238894463 -0.015349449589848518 -0.15903650224208832 0.002354342956095934 -0.0022842022590339184 -0.1679864227771759 -0.0017175605753436685 -0.016713162884116173 -0.1604529470205307 -0.0035483126994222403 -0.005989177618175745 -0.11387861520051956 0.14662796258926392 -0.0944572240114212 -0.10765984654426575 0.1506856381893158 -0.06490953266620636 -0.10361175984144211 0.15748564898967743 -0.07979920506477356 -0.1099153682589531 0.15065303444862366 -0.09836532175540924 -0.10465346276760101 0.16091203689575195 -0.09589821100234985 -0.10893689095973969 0.14917218685150146 -0.05393434315919876 -0.10342597216367722 0.1575697958469391 -0.05624089762568474 -0.0996442660689354 0.16194923222064972 -0.06645246595144272 -0.10088976472616196 0.16676421463489532 -0.08128967881202698 -0.10388375073671341 0.16240420937538147 -0.08816178888082504 -0.09521058201789856 0.1741170734167099 -0.054214466363191605 -0.09114310145378113 0.18278099596500397 -0.06479820609092712 -0.09619627892971039 0.17359384894371033 -0.08328765630722046 -0.10545134544372559 0.16690337657928467 -0.09454390406608582 -0.09119759500026703 0.18675392866134644 -0.07997389882802963 -0.08798392117023468 0.18833738565444946 -0.05880369618535042 -0.10071010887622833 0.17387525737285614 -0.09804093092679977 -0.09302784502506256 0.20295566320419312 -0.09784853458404541 -0.08682362735271454 0.20693334937095642 -0.07325072586536407 -0.09040427953004837 0.19365747272968292 -0.06644842028617859 -0.08640230447053909 0.21629241108894348 -0.07961534708738327 -0.08691868931055069 0.22470256686210632 -0.08403157442808151 -0.0908234491944313 0.18739169836044312 -0.05056671425700188 -0.16406172513961792 -0.0077178385108709335 -0.038355328142642975 -0.1582501083612442 0.007123937830328941 -0.054320551455020905 -0.15859641134738922 0.014036650769412518 -0.062272779643535614 -0.16996288299560547 -0.012150458991527557 -0.02229803241789341 -0.16049951314926147 -0.0031556764151901007 -0.06744986772537231 -0.15735973417758942 -0.017303412780165672 -0.061171744018793106 -0.10224828124046326 0.17024415731430054 -0.0984804779291153 -0.17347730696201324 -0.00805577915161848 -0.01013956405222416 -0.1754676252603531 -0.025762183591723442 -0.012923913076519966 -0.1552206575870514 0.0430830717086792 -0.03940080851316452 -0.16840139031410217 -0.03866386041045189 -0.0347132608294487 -0.17147763073444366 -0.03714529052376747 -0.024000102654099464 -0.1224847286939621 0.12636879086494446 -0.09460820257663727 -0.0931348130106926 0.22176247835159302 -0.09879899024963379 -0.0884719118475914 0.23750858008861542 -0.08870728313922882 -0.17525310814380646 -0.042357828468084335 -0.016353320330381393 -0.1742853820323944 -0.040158048272132874 -0.010896466672420502 -0.15695396065711975 -0.023765426129102707 -0.0640714094042778 -0.15404091775417328 -0.040839292109012604 -0.05445152148604393 -0.17781004309654236 -0.026192359626293182 -0.008824646472930908 -0.15914952754974365 -0.01967696286737919 -0.052074044942855835 -0.16509193181991577 -0.03771727532148361 -0.03961821272969246 -0.16249334812164307 -0.043291423469781876 -0.04710124433040619 -0.10904006659984589 0.1638665795326233 -0.04285557568073273 -0.1691810041666031 -0.04683122783899307 -0.026413744315505028 -0.17004303634166718 -0.04973627254366875 -0.032497625797986984 -0.13704317808151245 0.08394890278577805 -0.05055147409439087 -0.11229576170444489 0.15643993020057678 -0.045968811959028244 -0.08722443133592606 0.20007076859474182 -0.06776311993598938 -0.15118058025836945 0.053906768560409546 -0.07305867224931717 -0.11833523958921432 0.14899015426635742 -0.04425983130931854 -0.11067450791597366 0.15989038348197937 -0.10319969058036804 -0.11797793954610825 0.14365926384925842 -0.049773428589105606 -0.10016165673732758 0.20714673399925232 -0.10812177509069443 -0.1706916093826294 -0.05063218995928764 -0.01057767029851675 -0.17409345507621765 -0.050453897565603256 -0.015853948891162872 -0.1349928379058838 0.10148454457521439 -0.09133810549974442 -0.1307840496301651 0.11621266603469849 -0.047515641897916794 -0.10163222253322601 0.18022674322128296 -0.04636811092495918 -0.09968876093626022 0.1926741898059845 -0.043756864964962006 -0.14432185888290405 0.09253538399934769 -0.043460674583911896 -0.16551931202411652 -0.05717012658715248 -0.008381756022572517 -0.1684977114200592 -0.06033652648329735 -0.013611421920359135 -0.1233256608247757 0.142342671751976 -0.04874572902917862 -0.10888727754354477 0.18256597220897675 -0.04222424328327179 -0.09510380774736404 0.19516423344612122 -0.04405440017580986 -0.11924567818641663 0.15289370715618134 -0.043349117040634155 -0.09770329296588898 0.20996391773223877 -0.039062559604644775 0.13919757306575775 0.14696313440799713 -0.016614370048046112 0.12724632024765015 0.12385293841362 -0.01673702709376812 0.1381973773241043 0.09696228057146072 -0.017405660822987556 0.15546318888664246 0.11505982279777527 -0.01731724478304386 0.16078466176986694 0.09533679485321045 -0.017224373295903206 0.16511738300323486 0.07864973694086075 -0.017760638147592545 0.1499885767698288 0.07209601253271103 -0.01790248602628708 0.17017237842082977 0.06544602662324905 -0.018205301836133003 0.1611838936805725 0.04364558681845665 -0.017869651317596436 0.1737520694732666 0.049474459141492844 -0.017802076414227486 0.12301459908485413 0.1450352966785431 -0.01564587466418743 0.11227333545684814 0.15023750066757202 -0.017272254452109337 0.12434523552656174 0.15455326437950134 -0.013448058627545834 0.14068709313869476 0.1555444449186325 -0.015880951657891273 0.12272115796804428 0.17151030898094177 -0.012233298271894455 0.13685351610183716 0.16688339412212372 -0.01495662797242403 0.13546156883239746 0.18039487302303314 -0.014005972072482109 0.14546793699264526 0.1703718900680542 -0.013596276752650738 0.12484920024871826 0.1799926459789276 -0.0139554338529706 0.11259116977453232 0.1674535870552063 -0.011745999567210674 0.14361301064491272 0.18784484267234802 -0.01680770516395569 0.11116739362478256 0.17971445620059967 -0.015024901367723942 0.11822550743818283 0.16001324355602264 -0.015020153485238552 0.11495829373598099 0.13576321303844452 -0.019709736108779907 0.11388969421386719 0.15513423085212708 -0.018116295337677002 0.10830681771039963 0.1607286036014557 -0.01648467592895031 0.16303430497646332 0.03575945273041725 -0.013850127346813679 0.17683523893356323 0.040148984640836716 -0.014077171683311462 0.10557796061038971 0.16921351850032806 -0.01632697880268097 0.10455923527479172 0.18498361110687256 -0.01942027360200882 0.11219006776809692 0.18584157526493073 -0.01449530478566885 0.12651900947093964 0.18301567435264587 -0.0172817911952734 0.1262875199317932 0.20359772443771362 -0.016458723694086075 0.11342418938875198 0.24573934078216553 -0.01063032727688551 0.10465588420629501 0.22357425093650818 -0.014125977642834187 0.10591628402471542 0.24320681393146515 -0.010919438675045967 0.12528954446315765 0.24388284981250763 -0.014452650211751461 0.09804192930459976 0.21928444504737854 -0.01819535158574581 0.09765110909938812 0.23764337599277496 -0.013379762880504131 0.10032250732183456 0.24112042784690857 -0.01224003080278635 0.09594950079917908 0.22006486356258392 -0.018619701266288757 0.09685365110635757 0.20366868376731873 -0.023658212274312973 0.09431514889001846 0.20069900155067444 -0.02416582778096199 0.17784832417964935 0.027047039940953255 -0.006402577273547649 0.16443899273872375 0.025712870061397552 -0.009361721575260162 0.13356277346611023 0.1868959367275238 -0.02091618813574314 0.150849848985672 0.06088036671280861 -0.02063661813735962 0.1642192155122757 0.012859861366450787 -0.00044418222387321293 0.12585854530334473 0.2488325834274292 -0.01733458787202835 0.15696953237056732 0.041536007076501846 -0.02247043326497078 0.13929377496242523 0.08058615773916245 -0.025366680696606636 0.1049162745475769 0.15452709794044495 -0.025668270885944366 0.1002129465341568 0.15878787636756897 -0.02556956373155117 0.10334431380033493 0.15035772323608398 -0.026977041736245155 0.1188054010272026 0.1174270436167717 -0.026325324550271034 0.10815988481044769 0.13749220967292786 -0.026677215471863747 0.09640776365995407 0.16785995662212372 -0.027709145098924637 0.09551726281642914 0.18622131645679474 -0.0298334788531065 0.0946958065032959 0.19532352685928345 -0.02859956957399845 0.09272333234548569 0.19648408889770508 -0.030985701829195023 0.17649537324905396 0.013807330280542374 0.005768490489572287 0.163077250123024 -0.002113769529387355 0.01318160817027092 0.17963454127311707 0.0056824274361133575 0.012187172658741474 0.17559581995010376 0.0006761935073882341 0.016723226755857468 0.16341911256313324 -0.00707189692184329 0.01943497359752655 0.164384126663208 -0.012571841478347778 0.023430803790688515 0.1761934906244278 -0.009069161489605904 0.018403049558401108 0.16792990267276764 -0.017018062993884087 0.023899856954813004 0.1566593199968338 -0.03044900670647621 0.026396747678518295 0.1566963642835617 -0.018775681033730507 0.022770563140511513 0.15201923251152039 -0.02903543785214424 0.023154055699706078 0.16501282155513763 -0.025199420750141144 0.02381528913974762 0.13881488144397736 0.19118322432041168 -0.02541409060359001 0.14504693448543549 0.1929956078529358 -0.027877509593963623 0.14448215067386627 0.19951598346233368 -0.030846605077385902 0.00880520325154066 -0.0355246439576149 0.013621619902551174 0.02601369470357895 -0.036534953862428665 -0.005987850017845631 0.024966692551970482 -0.03144028037786484 0.021754078567028046 -0.0014611952938139439 -0.03982777148485184 -0.005021451506763697 0.007859447039663792 -0.033999137580394745 0.03676999732851982 0.04102693125605583 -0.023786747828125954 0.03448009118437767 0.01917389966547489 -0.027926698327064514 0.06200274080038071 0.05149364843964577 -0.025103570893406868 0.005490700248628855 0.08216532319784164 -0.013628644868731499 0.017820049077272415 -0.0173371322453022 -0.044265810400247574 0.02468976378440857 -0.016979649662971497 -0.03232535347342491 0.07199791818857193 0.04837300628423691 -0.021691763773560524 0.07553751021623611 -0.0015386271988973022 -0.026715315878391266 0.0686613917350769 0.07977315038442612 -0.025642231106758118 -0.01143066305667162 -0.007457531988620758 -0.03603983670473099 0.010082714259624481 0.026485824957489967 -0.017822520807385445 0.08578094840049744 0.0011158495908603072 -0.026866987347602844 0.09762942790985107 0.04348064586520195 -0.041801273822784424 -0.02250579372048378 -0.013764574192464352 -0.01805761456489563 0.09551345556974411 0.020155249163508415 -0.046134233474731445 -0.018461359664797783 0.00572546711191535 -0.04792279750108719 -0.016615601256489754 0.015844859182834625 -0.04901694133877754 -0.033585064113140106 0.02872658334672451 -0.053944941610097885 -0.03278062865138054 0.044943325221538544 -0.051838796585798264 -0.03947111964225769 0.06335510313510895 -0.045312829315662384 -0.03007315658032894 -0.011716507375240326 -0.039843253791332245 0.006812584586441517 0.03551095724105835 -0.0620732344686985 -0.04225516319274902 0.027867883443832397 -0.05849148705601692 -0.04530446231365204 0.023034770041704178 -0.056162506341934204 -0.03472507745027542 0.07405662536621094 -0.03089575096964836 0.049277953803539276 0.06261779367923737 -0.034051746129989624 0.06318717449903488 -0.11333747953176498 -0.2849375307559967 -0.029137002304196358 -0.1164209395647049 -0.32875552773475647 -0.03494250774383545 -0.11799522489309311 -0.31177818775177 -0.02357492223381996 -0.11123112589120865 -0.3344820439815521 -0.04828038811683655 -0.10743434727191925 -0.29096683859825134 -0.044430818408727646 -0.1109829917550087 -0.35963863134384155 -0.047400593757629395 -0.11869916319847107 -0.34484004974365234 -0.02676420472562313 -0.11439593136310577 -0.39439889788627625 -0.026045536622405052 -0.11059194803237915 -0.39543530344963074 -0.0406612753868103 -0.11628080904483795 -0.41130977869033813 -0.022492168471217155 -0.11117231100797653 -0.41862067580223083 -0.03947022929787636 -0.11366144567728043 -0.428403377532959 -0.036744486540555954 -0.11643373221158981 -0.4210960268974304 -0.021897250786423683 -0.11858867853879929 -0.43760189414024353 -0.0207626111805439 -0.1147301122546196 -0.44358500838279724 -0.037714120000600815 -0.11840272694826126 -0.45223334431648254 -0.017842525616288185 -0.1142381876707077 -0.4572369456291199 -0.037270206958055496 -0.11503677070140839 -0.28538498282432556 -0.014952337369322777 -0.10985902696847916 -0.2537578344345093 -0.010543356649577618 -0.1063973531126976 -0.25044015049934387 -0.023805810138583183 -0.10964559018611908 -0.24677272140979767 -0.007931939326226711 -0.10413870960474014 -0.2146882265806198 -0.016181644052267075 -0.10681796818971634 -0.20646752417087555 -0.001736906822770834 -0.1031830683350563 -0.1781821846961975 -0.014416452497243881 -0.10719943791627884 -0.21830695867538452 0.014378371648490429 -0.10653924942016602 -0.1761953979730606 0.015166535042226315 -0.10679683834314346 -0.17721515893936157 0.0003566894738469273 -0.11740066111087799 -0.44542020559310913 -0.0024018201511353254 -0.10878097265958786 -0.1396663933992386 -0.0023922778200358152 -0.10814214497804642 -0.1381457895040512 0.007560566533356905 -0.1163967028260231 -0.43139806389808655 -0.00563234044238925 -0.1159048080444336 -0.3248865604400635 -0.008200490847229958 -0.10698124766349792 -0.2502591907978058 0.009941976517438889 -0.11349563300609589 -0.4106537401676178 -0.008268591947853565 -0.1154770702123642 -0.34781163930892944 -0.010157324373722076 -0.11583548039197922 -0.3742813169956207 -0.025312192738056183 -0.1109423041343689 -0.3957518935203552 -0.008508982136845589 -0.10725141316652298 -0.25463181734085083 0.0006566072697751224 -0.11207001656293869 -0.37367403507232666 -0.008412602357566357 -0.11190049350261688 -0.2946488559246063 -3.272558024036698E-05 -0.11053463816642761 -0.4187604486942291 0.002223547548055649 -0.10345340520143509 -0.14990147948265076 0.0249871164560318 -0.10257438570261002 -0.14020779728889465 0.02651224285364151 -0.1055029109120369 -0.21428850293159485 0.019773036241531372 -0.10523929446935654 -0.25868329405784607 0.007566219195723534 -0.10239050537347794 -0.20408855378627777 0.02625800296664238 -0.11390513926744461 -0.44178342819213867 0.0061287167482078075 -0.12479474395513535 -0.4669884145259857 -0.008550975471735 -0.1241806373000145 -0.4587140679359436 0.0026972678024321795 -0.11640795320272446 -0.4765475392341614 -0.037228863686323166 -0.12321269512176514 -0.4787082076072693 -0.016203168779611588 -0.10202144086360931 -0.15756702423095703 -0.019732899963855743 -0.1110813245177269 -0.4768444299697876 -0.049963150173425674 -0.13283784687519073 -0.47506070137023926 0.007703027687966824 -0.12316431850194931 -0.4557642638683319 0.011314810253679752 -0.13354623317718506 -0.48368605971336365 0.005165277514606714 -0.1437758505344391 -0.4875313937664032 0.027783799916505814 -0.14084848761558533 -0.4778802692890167 0.02818247675895691 -0.1440807729959488 -0.48122188448905945 0.040805552154779434 -0.14652816951274872 -0.4896829426288605 0.04532952979207039 -0.10240203142166138 -0.13874821364879608 -0.015296426601707935 -0.12829968333244324 -0.4851214587688446 -0.009028881788253784 -0.1006380170583725 -0.2519407868385315 -0.036769043654203415 -0.09683170914649963 -0.20604167878627777 -0.027194691821932793 -0.14156220853328705 -0.477804034948349 0.07010389864444733 -0.10610858350992203 -0.4544649124145508 -0.0514841303229332 -0.11789648979902267 -0.479722261428833 -0.03667531907558441 -0.12663044035434723 -0.4913608729839325 -0.013058246113359928 -0.11920961737632751 -0.4962715208530426 -0.03730173036456108 -0.11341918259859085 -0.4951641261577606 -0.05127394199371338 -0.1339494287967682 -0.4947543442249298 0.0010933083249256015 -0.14155466854572296 -0.4985176622867584 0.015235435217618942 -0.14484766125679016 -0.49063318967819214 0.024784978479146957 -0.14715003967285156 -0.4991985857486725 0.038178522139787674 -0.14506083726882935 -0.49925047159194946 0.02295127511024475 -0.1466122567653656 -0.4959605038166046 0.05989276245236397 -0.09829644858837128 -0.18023276329040527 -0.02296593226492405 -0.09522820264101028 -0.13237245380878448 -0.02555491216480732 -0.12407246232032776 -0.4966917335987091 -0.017974959686398506 -0.1045190617442131 -0.4466325640678406 -0.053137507289648056 -0.10452502220869064 -0.4748903214931488 -0.056302618235349655 -0.10428064316511154 -0.40843477845191956 -0.05003022402524948 -0.10657063871622086 -0.38084977865219116 -0.048223648220300674 -0.10277295857667923 -0.4236449897289276 -0.051422685384750366 -0.14709898829460144 -0.49826914072036743 0.04782479256391525 -0.09315463155508041 -0.11709156632423401 -0.011010203510522842 -0.10451345145702362 -0.4793747067451477 -0.059071432799100876 -0.0907377153635025 -0.15321463346481323 -0.03301457688212395 -0.09049628674983978 -0.1274370700120926 -0.03136774152517319 -0.09462893754243851 -0.11688778549432755 -0.022912567481398582 -0.09153132140636444 -0.1140391081571579 -0.031529832631349564 -0.09101016074419022 -0.19222533702850342 -0.03179929777979851 -0.09368409961462021 -0.21555982530117035 -0.03316355496644974 -0.14274103939533234 -0.4848116636276245 0.07020562142133713 -0.141446053981781 -0.47526466846466064 0.048016924411058426 -0.1047925278544426 -0.4947699010372162 -0.05995906889438629 -0.14195403456687927 -0.49203482270240784 0.07725068181753159 -0.08397518843412399 -0.13491511344909668 -0.037655044347047806 -0.08030559867620468 -0.12589718401432037 -0.03871487081050873 -0.10139200836420059 -0.12780793011188507 0.01569286361336708 -0.099904865026474 -0.1259230673313141 0.03294875845313072 -0.10334783792495728 -0.13866323232650757 0.03668705374002457 -0.1049422174692154 -0.11606717109680176 0.020876919850707054 -0.10467090457677841 -0.1139681339263916 0.008427094668149948 -0.09861266613006592 -0.1162879541516304 -0.007509456481784582 -0.08204460144042969 -0.16216011345386505 -0.039226312190294266 -0.09887128323316574 -0.33012697100639343 -0.05622424930334091 -0.08091356605291367 -0.12077030539512634 -0.03525445982813835 -0.08045284450054169 -0.11860056221485138 -0.04143352434039116 -0.08386178314685822 -0.10854554921388626 -0.03686199709773064 -0.09732745587825775 -0.3824433982372284 -0.05453997850418091 -0.13489261269569397 -0.4775921106338501 0.08332620561122894 -0.09463716298341751 -0.41858434677124023 -0.05644650012254715 -0.1328130066394806 -0.48854589462280273 0.08995357155799866 -0.06234727427363396 -0.250171959400177 0.02048408053815365 -0.06874679774045944 -0.2626902759075165 0.02016284130513668 -0.060203295201063156 -0.2685281038284302 0.007967551238834858 -0.056093666702508926 -0.2607227563858032 0.006082718726247549 -0.05491853132843971 -0.22574113309383392 0.02112049050629139 -0.044043317437171936 -0.21254518628120422 0.008258345536887646 -0.04224152863025665 -0.1864442527294159 0.021486368030309677 -0.04671941697597504 -0.1685432344675064 0.03480611741542816 -0.042403437197208405 -0.14670100808143616 0.0360664464533329 -0.03134940192103386 -0.12672509253025055 0.02308296225965023 -0.03395456075668335 -0.10329809039831161 0.03518924489617348 -0.027669843286275864 -0.06703878939151764 0.0362006276845932 -0.024489371106028557 -0.09957846999168396 0.020925287157297134 -0.0173371322453022 -0.044265810400247574 0.02468976378440857 -0.03649638220667839 -0.17335355281829834 0.012005400843918324 -0.05218740925192833 -0.2651705741882324 -0.007164655718952417 -0.049690525978803635 -0.24790266156196594 -0.004680883139371872 -0.051731258630752563 -0.29649144411087036 -0.013789582066237926 -0.06243610382080078 -0.2901715338230133 0.005391960497945547 -0.058000657707452774 -0.32565951347351074 -0.009744926355779171 -0.05196772888302803 -0.3255567252635956 -0.028675541281700134 -0.05873046815395355 -0.36500272154808044 -0.02860872447490692 -0.0665387511253357 -0.36561307311058044 -0.00945989415049553 -0.0679134652018547 -0.390167236328125 -0.011410578154027462 -0.07214513421058655 -0.3771020174026489 -0.0029979904647916555 -0.06846676021814346 -0.35388579964637756 -0.0045653642155230045 -0.02011687308549881 -0.08991450071334839 0.01142475288361311 -0.0628030002117157 -0.3906730115413666 -0.02873491682112217 -0.07506515830755234 -0.40718358755111694 0.0003101071051787585 -0.0690404623746872 -0.41595789790153503 -0.012347017414867878 -0.0795045718550682 -0.41844481229782104 0.007666469551622868 -0.029289759695529938 -0.1324750930070877 0.010776412673294544 -0.06509050726890564 -0.4155941307544708 -0.02487785741686821 -0.014866756275296211 -0.0524119958281517 0.010304698720574379 -0.011716507375240326 -0.039843253791332245 0.006812584586441517 -0.039772819727659225 -0.20293569564819336 -0.0013202106347307563 -0.06958182901144028 -0.43613699078559875 -0.011285224929451942 -0.07457613945007324 -0.4302152395248413 0.0010478934273123741 -0.08038975298404694 -0.4531160593032837 0.003284574719145894 -0.07361297309398651 -0.45294249057769775 -0.012224317528307438 -0.07779560983181 -0.46547582745552063 -0.009894953109323978 -0.08414775133132935 -0.46242770552635193 0.013332948088645935 -0.08399815112352371 -0.47249749302864075 0.005247695837169886 -0.06720925867557526 -0.4409902095794678 -0.025206003338098526 -0.049521300941705704 -0.2570889890193939 -0.016291644424200058 -0.0328097827732563 -0.1607658565044403 -0.001214885269291699 -0.08173836767673492 -0.4769817292690277 -0.008342131972312927 -0.08689530193805695 -0.4803779423236847 0.006990583147853613 -0.07536192983388901 -0.475064754486084 -0.027344584465026855 -0.07242071628570557 -0.46054384112358093 -0.03299658000469208 -0.07367070764303207 -0.4746626019477844 -0.03583642467856407 -0.08696615695953369 -0.4879540503025055 0.006816668901592493 -0.0840872973203659 -0.49273359775543213 -0.005658332724124193 -0.024637246504426003 -0.1160823404788971 -0.001047474448569119 -0.08250599354505539 -0.49937644600868225 -0.010149563662707806 -0.07578963786363602 -0.4797881543636322 -0.021961204707622528 -0.07523496448993683 -0.4979223310947418 -0.026373857632279396 -0.027657223865389824 -0.045420147478580475 0.07029850780963898 -0.07253853231668472 -0.4967148005962372 -0.038055483251810074 -0.08649363368749619 -0.4754583537578583 0.02559373341500759 -0.08794448524713516 -0.4654660224914551 0.029935713857412338 -0.04730907827615738 -0.23300284147262573 -0.018415318801999092 -0.042429011315107346 -0.21105588972568512 -0.017567621544003487 -0.08877165615558624 -0.48786094784736633 0.024194279685616493 -0.08862557262182236 -0.49642252922058105 0.018422387540340424 -0.08694813400506973 -0.49140867590904236 0.0011296269949525595 -0.019527720287442207 -0.08878382295370102 -0.000873780285473913 -0.08597775548696518 -0.445833295583725 0.014015027321875095 -0.08784200996160507 -0.48429954051971436 0.04940418154001236 -0.08965493738651276 -0.4769943058490753 0.054649777710437775 -0.09309620410203934 -0.4784278869628906 0.06791071593761444 -0.08868440985679626 -0.4901621639728546 0.053288232535123825 -0.08807674050331116 -0.4894452393054962 0.041970495134592056 -0.0950276330113411 -0.48608866333961487 0.07228892296552658 -0.08768279105424881 -0.5000811219215393 0.04190808907151222 -0.08986076712608337 -0.4992212951183319 0.06066436320543289 -0.09315460920333862 -0.4900813102722168 0.07137566059827805 -0.08872845023870468 -0.49950671195983887 0.02766343578696251 -0.07396925985813141 -0.47764843702316284 -0.05033997818827629 -0.0982610285282135 -0.49381688237190247 0.08054375648498535 -0.0739259347319603 -0.49591323733329773 -0.04928022250533104 -0.085784912109375 -0.44171440601348877 0.01541532389819622 -0.10182864964008331 -0.4758622646331787 0.08155810087919235 -0.08103109896183014 -0.397957444190979 0.008548980578780174 -0.016979649662971497 -0.03232535347342491 0.07199791818857193 -0.019837241619825363 -0.03465263545513153 0.09579052776098251 -0.013764574192464352 -0.01805761456489563 0.09551345556974411 -0.015841802582144737 -0.019753392785787582 0.09795420616865158 -0.0708707720041275 -0.329384982585907 0.003097356064245105 -0.07922402024269104 -0.3618069291114807 0.004181906580924988 -0.09129073470830917 -0.4678451120853424 0.04491958022117615 -0.08997922390699387 -0.4563918709754944 0.027460917830467224 -0.03451673313975334 -0.04970477521419525 0.0939757227897644 -0.04443079233169556 -0.1081387847661972 0.044387590140104294 -0.11151053756475449 -0.489061176776886 0.09333690255880356 -0.1107284352183342 -0.48093900084495544 0.0912761315703392 -0.08844251185655594 -0.4059728682041168 0.01583242230117321 -0.046784501522779465 -0.07578781992197037 0.051886510103940964 -0.057572782039642334 -0.19091796875 0.0356731191277504 -0.041428398340940475 -0.05679866299033165 0.07155033200979233 -0.05083067715167999 -0.06763384491205215 0.05393727496266365 -0.09141027927398682 -0.40933331847190857 0.01682138629257679 -0.0649576485157013 -0.22812631726264954 0.028060849756002426 -0.052553217858076096 -0.1299806833267212 0.04683477804064751 -0.07616610080003738 -0.2714020907878876 0.019370265305042267 -0.061900168657302856 -0.074720099568367 0.06006728112697601 -0.053577810525894165 -0.06894899904727936 0.08733667433261871 -0.04579729586839676 -0.05734199658036232 0.09041522443294525 -0.06199008598923683 -0.1582649052143097 0.0467914380133152 -0.07938442379236221 -0.29939159750938416 0.013548572547733784 -0.0813865140080452 -0.3269907534122467 0.009341102093458176 -0.07671617716550827 -0.25582391023635864 0.026712164282798767 -0.06207548826932907 -0.10189316421747208 0.056213364005088806 -0.06082170829176903 -0.07367528975009918 0.043249864131212234 -0.054479893296957016 -0.06349488347768784 0.04781489819288254 -0.06610340625047684 -0.4147413969039917 -0.04414290562272072 -0.06841980665922165 -0.44147932529449463 -0.03887610882520676 -0.06532048434019089 -0.38456717133522034 -0.04619450494647026 -0.06275786459445953 -0.3544258177280426 -0.0469420924782753 -0.056909624487161636 -0.3198946714401245 -0.04505433514714241 -0.05020705983042717 -0.2864178419113159 -0.0352662168443203 -0.06919194757938385 -0.42296499013900757 -0.04871683195233345 -0.07120344787836075 -0.4423811435699463 -0.048334021121263504 -0.07505211979150772 -0.4591062366962433 -0.04971954599022865 -0.07566511631011963 -0.4741803705692291 -0.0493304580450058 -0.05156485736370087 -0.25217217206954956 -0.031173424795269966 -0.04851635918021202 -0.22421610355377197 -0.028238235041499138 -0.046229757368564606 -0.20838890969753265 -0.028656307607889175 -0.04043695330619812 -0.1911955028772354 -0.020420556887984276 -0.0354534350335598 -0.15123705565929413 -0.017069116234779358 -0.0307877529412508 -0.1212301105260849 -0.021357230842113495 -0.026919076219201088 -0.07604610174894333 -0.025702863931655884 -0.01972690224647522 -0.06508568674325943 -0.010968249291181564 -0.014784093014895916 -0.046868856996297836 -0.005226603709161282 -0.02071978710591793 -0.044731564819812775 -0.025858039036393166 -0.029664983972907066 -0.06295590847730637 -0.03955187276005745 -0.024953411892056465 -0.050502073019742966 -0.03747773543000221 -0.023126108571887016 -0.031361065804958344 -0.043971024453639984 -0.024272236973047256 -0.03285923972725868 -0.049187399446964264 -0.009973890148103237 -0.034255411475896835 -0.008112890645861626 -0.02333228662610054 -0.045029789209365845 -0.05222523957490921 -0.06953836977481842 -0.39951270818710327 -0.05098273605108261 -0.03563788905739784 -0.09732765704393387 -0.0333598330616951 -0.035795167088508606 -0.07519004493951797 -0.0407555066049099 -0.03790329769253731 -0.10197824984788895 -0.03788722679018974 -0.04150847718119621 -0.11286753416061401 -0.0373154915869236 -0.04304185509681702 -0.1033036932349205 -0.04771073907613754 -0.06143724545836449 -0.29481813311576843 -0.050554435700178146 -0.061259523034095764 -0.2687455117702484 -0.0460195429623127 -0.04230186343193054 -0.15386486053466797 -0.02561669424176216 -0.03742891922593117 -0.13482144474983215 -0.024609088897705078 -0.047546207904815674 -0.19533272087574005 -0.028856534510850906 -0.08230400085449219 -0.4736329913139343 -0.057154618203639984 -0.036553606390953064 -0.09892706573009491 -0.04175453260540962 -0.022628232836723328 -0.053968168795108795 -0.04379599541425705 -0.007457531988620758 -0.03603983670473099 0.010082714259624481 -0.01848139986395836 -0.06273628026247025 -0.04923924431204796 -0.023575173690915108 -0.04671090468764305 -0.05558609217405319 -0.022661231458187103 -0.0570005364716053 -0.0543854683637619 -0.018231555819511414 -0.07101740688085556 -0.05247832089662552 -0.016866028308868408 -0.07311985641717911 -0.04854701831936836 -0.014815001748502254 -0.08781057596206665 -0.051758117973804474 -0.01358276978135109 -0.08803414553403854 -0.04807455092668533 -0.00943282712250948 -0.09970072656869888 -0.048879459500312805 -0.0297856368124485 -0.0540512353181839 -0.06050877273082733 -0.05715196579694748 -0.1172475814819336 -0.04752962291240692 0.15004955232143402 0.0574466846883297 -0.024969881400465965 0.15722103416919708 0.040325090289115906 -0.046638280153274536 0.15696953237056732 0.041536007076501846 -0.02247043326497078 0.14377442002296448 0.07127927988767624 -0.04859582707285881 0.13929377496242523 0.08058615773916245 -0.025366680696606636 0.13055984675884247 0.09603112190961838 -0.049860816448926926 0.1188054010272026 0.1174270436167717 -0.026325324550271034 0.1170661598443985 0.12176068872213364 -0.05020645633339882 0.10815988481044769 0.13749220967292786 -0.026677215471863747 0.1050596535205841 0.14853590726852417 -0.04916638880968094 0.10343669354915619 0.14908015727996826 -0.039455775171518326 0.10334431380033493 0.15035772323608398 -0.026977041736245155 0.16105984151363373 0.015968691557645798 -0.03609331324696541 0.1594889611005783 0.028191903606057167 -0.025157703086733818 0.16367338597774506 0.007867176085710526 -0.031000612303614616 0.16366560757160187 0.0009911182569339871 -0.04919026792049408 0.17005419731140137 -0.007016621995717287 -0.02691410295665264 0.16402876377105713 0.0014898881781846285 -0.00976922083646059 0.16122020781040192 0.008725956082344055 -0.005860363598912954 0.16893383860588074 -0.008210730738937855 -0.004260981921106577 0.17343592643737793 -0.018488919362425804 -0.006323318928480148 0.17630547285079956 -0.029892241582274437 -0.03084505721926689 0.17967720329761505 -0.03650204837322235 -0.025429563596844673 0.1783723086118698 -0.03270675614476204 -0.016940632835030556 0.1802336722612381 -0.036476392298936844 -0.009854495525360107 0.1765327751636505 -0.02841520868241787 -0.0010338551364839077 0.16064180433750153 0.026929818093776703 -0.04774988815188408 0.1749476194381714 -0.028213059529662132 -0.03958752006292343 0.17208875715732574 -0.010132256895303726 -0.00121563661377877 0.17978040874004364 -0.04513704776763916 4.14107198594138E-05 0.18095752596855164 -0.045192595571279526 -0.00531303184106946 0.18203690648078918 -0.046651121228933334 -0.010107889771461487 0.16134420037269592 -0.0049180383794009686 0.003323861164972186 0.16056758165359497 -0.005381543189287186 0.008663255721330643 0.16879728436470032 -0.020495081320405006 -0.05060811713337898 0.1695443093776703 -0.023339368402957916 -0.05325499176979065 0.16098351776599884 0.030936703085899353 -0.017748799175024033 0.16407722234725952 0.006905564572662115 -0.052751265466213226 0.17849864065647125 -0.046635646373033524 -0.016150398179888725 0.17985019087791443 -0.04987003281712532 -0.024693848565220833 0.16636034846305847 -0.012983959168195724 0.001982670510187745 0.10357435047626495 0.15358415246009827 -0.03364250436425209 0.1698865443468094 -0.03839106485247612 -0.05469975247979164 0.150849848985672 0.06088036671280861 -0.02063661813735962 0.17466574907302856 -0.04668314382433891 -0.03750582039356232 0.16814255714416504 -0.039625849574804306 -0.048039328306913376 0.15943226218223572 -0.014214949682354927 0.008684247732162476 0.1115630492568016 0.1468411087989807 -0.059247057884931564 0.10570435225963593 0.154137521982193 -0.049484945833683014 0.10020521283149719 0.1586928516626358 -0.03868700563907623 0.1002129465341568 0.15878787636756897 -0.02556956373155117 0.0965883880853653 0.16421498358249664 -0.03415900468826294 0.09640776365995407 0.16785995662212372 -0.027709145098924637 0.10076416283845901 0.1642640233039856 -0.049853160977363586 0.09551726281642914 0.18622131645679474 -0.0298334788531065 0.10013020783662796 0.1775195151567459 -0.050316933542490005 0.09463845193386078 0.21050165593624115 -0.05147651582956314 0.09274141490459442 0.20410141348838806 -0.04026447609066963 0.09272333234548569 0.19648408889770508 -0.030985701829195023 0.10227295756340027 0.18452945351600647 -0.059604059904813766 0.10651501268148422 0.16342002153396606 -0.06344331055879593 0.09745234251022339 0.22236663103103638 -0.06246275082230568 0.10408949851989746 0.2000163197517395 -0.06745927780866623 0.11387120932340622 0.15659156441688538 -0.06323569267988205 0.17398285865783691 -0.04691271483898163 -0.032186590135097504 0.1784566342830658 -0.059755176305770874 -0.004028892610222101 0.17698705196380615 -0.061453260481357574 0.0013498784974217415 0.1049162745475769 0.15452709794044495 -0.025668270885944366 0.12188529968261719 0.12269330769777298 -0.05728690326213837 0.16387169063091278 0.02762807160615921 -0.05250095948576927 0.10994568467140198 0.15146887302398682 -0.05650617182254791 0.14635545015335083 0.08325791358947754 -0.05980860814452171 0.1530095487833023 0.06600487977266312 -0.05617787316441536 0.11582837253808975 0.15979008376598358 -0.0706755593419075 0.14131908118724823 0.0964338481426239 -0.06163101643323898 0.09325269609689713 0.212240070104599 -0.05230988934636116 0.09825530648231506 0.23114530742168427 -0.06528197973966599 0.13305316865444183 0.1161992996931076 -0.06456267833709717 0.17471881210803986 -0.03628949820995331 -0.05640833452343941 0.11426807194948196 0.1729377657175064 -0.07295458763837814 0.1646043211221695 0.03809969872236252 -0.05417822673916817 0.18522988259792328 -0.04847356677055359 -0.009133742190897465 0.163077250123024 -0.002113769529387355 0.01318160817027092 0.1631104052066803 0.043254345655441284 -0.05273007974028587 0.16303430497646332 0.03575945273041725 -0.013850127346813679 0.16443899273872375 0.025712870061397552 -0.009361721575260162 0.1642192155122757 0.012859861366450787 -0.00044418222387321293 0.1712792068719864 -0.027512548491358757 -0.04589574411511421 0.17711293697357178 -0.03333558142185211 -0.04033892974257469 0.15160317718982697 -0.027400802820920944 0.01815507560968399 0.15385748445987701 -0.029347026720643044 0.0148293012753129 0.15545766055583954 -0.03493574634194374 0.020795946940779686 0.15201923251152039 -0.02903543785214424 0.023154055699706078 0.12482289224863052 0.1440044492483139 -0.06816618144512177 0.17517393827438354 -0.06681046634912491 -0.002641398925334215 0.17388072609901428 -0.07387526333332062 0.0005220876773819327 0.17702671885490417 -0.08025789260864258 -0.0017613430973142385 0.17673124372959137 -0.07604194432497025 0.006192510016262531 0.16726362705230713 -0.01774933561682701 0.007372599560767412 0.18001365661621094 -0.06814343482255936 -0.0057445126585662365 0.16944068670272827 0.007364951074123383 -0.05648203194141388 0.12510719895362854 0.1542147994041443 -0.06849159300327301 0.18526983261108398 -0.05344351381063461 -0.008514922112226486 0.1566963642835617 -0.018775681033730507 0.022770563140511513 0.16516366600990295 -0.04490431770682335 -0.0488201379776001 0.1566593199968338 -0.03044900670647621 0.026396747678518295 0.1627965271472931 -0.04886997118592262 -0.05144193395972252 0.15948519110679626 -0.05825628340244293 -0.051806144416332245 0.15097035467624664 -0.05719315633177757 -0.045142512768507004 0.1514083743095398 -0.06160065159201622 -0.04499712586402893 0.16133710741996765 -0.06657745689153671 -0.04248485714197159 0.16480714082717896 -0.062272801995277405 -0.04951537027955055 -0.09377489238977432 -0.17150133848190308 0.03958753123879433 -0.0920674279332161 -0.21722246706485748 0.03444468230009079 -0.08646658807992935 -0.18994592130184174 0.04019544646143913 -0.08952752500772476 -0.14611656963825226 0.04520684480667114 -0.0762687399983406 -0.16456274688243866 0.04629811272025108 -0.07713943719863892 -0.12270695716142654 0.05149414390325546 -0.08935760706663132 -0.10129372775554657 0.04670684039592743 -0.09716677665710449 -0.14692236483097076 0.0405573844909668 -0.09955980628728867 -0.12827807664871216 0.039721544831991196 -0.09923043102025986 -0.1094449982047081 0.04087835177779198 -0.07380242645740509 -0.21437132358551025 0.03616328537464142 -0.061993036419153214 -0.13059374690055847 0.0513254776597023 -0.0706997960805893 -0.10005564242601395 0.05633978173136711 -0.07577038556337357 -0.0754663273692131 0.058352988213300705 -0.07033216208219528 -0.07075251638889313 0.06040194258093834 -0.08389017730951309 -0.0944606214761734 0.0524216964840889 -0.08555010706186295 -0.10723519325256348 0.049083411693573 -0.0755634531378746 -0.23320800065994263 0.03128625079989433 -0.06207548826932907 -0.10189316421747208 0.056213364005088806 -0.061900168657302856 -0.074720099568367 0.06006728112697601 -0.09079676121473312 -0.2540787160396576 0.026520583778619766 -0.09630939364433289 -0.22182972729206085 0.03109479695558548 -0.07671617716550827 -0.25582391023635864 0.026712164282798767 -0.06199008598923683 -0.1582649052143097 0.0467914380133152 -0.0672183558344841 -0.18599042296409607 0.04114576429128647 -0.09829122573137283 -0.170261949300766 0.035027068108320236 -0.09878608584403992 -0.2545316517353058 0.020817939192056656 -0.09138317406177521 -0.267471581697464 0.019269026815891266 -0.07616610080003738 -0.2714020907878876 0.019370265305042267 -0.0931723490357399 -0.2918010652065277 0.014357500709593296 -0.07938442379236221 -0.29939159750938416 0.013548572547733784 -0.0813865140080452 -0.3269907534122467 0.009341102093458176 -0.10106536746025085 -0.28034788370132446 0.011572680436074734 -0.10566550493240356 -0.32954108715057373 0.00515764020383358 -0.10290179401636124 -0.34932875633239746 0.004685108549892902 -0.09190883487462997 -0.3517173230648041 0.008163580670952797 -0.10278571397066116 -0.3720640242099762 0.004068214446306229 -0.09018561989068985 -0.3807462155818939 0.009720697067677975 -0.09907114505767822 -0.26399725675582886 0.01500234566628933 -0.09681794792413712 -0.39435529708862305 0.009277626872062683 -0.11109422892332077 -0.3316226601600647 -0.0006203189841471612 -0.08844251185655594 -0.4059728682041168 0.01583242230117321 -0.10229377448558807 -0.39602547883987427 0.00527710048481822 -0.10197806358337402 -0.22896526753902435 0.023934176191687584 -0.10239050537347794 -0.20408855378627777 0.02625800296664238 -0.07922402024269104 -0.3618069291114807 0.004181906580924988 -0.11190049350261688 -0.2946488559246063 -3.272558024036698E-05 -0.10523929446935654 -0.25868329405784607 0.007566219195723534 -0.10259853303432465 -0.412596195936203 0.011255946010351181 -0.09141027927398682 -0.40933331847190857 0.01682138629257679 -0.10417657345533371 -0.4387112259864807 0.017231956124305725 -0.09457696974277496 -0.4406185448169708 0.019605442881584167 -0.10802911221981049 -0.43955063819885254 0.014190752990543842 -0.11207001656293869 -0.37367403507232666 -0.008412602357566357 -0.10059228539466858 -0.1386258602142334 0.036751292645931244 -0.10334783792495728 -0.13866323232650757 0.03668705374002457 -0.09898871928453445 -0.14385172724723816 0.03522486984729767 -0.10698124766349792 -0.2502591907978058 0.009941976517438889 -0.1109423041343689 -0.3957518935203552 -0.008508982136845589 -0.1154770702123642 -0.34781163930892944 -0.010157324373722076 -0.1159048080444336 -0.3248865604400635 -0.008200490847229958 -0.1055029109120369 -0.21428850293159485 0.019773036241531372 -0.11053463816642761 -0.4187604486942291 0.002223547548055649 -0.11390513926744461 -0.44178342819213867 0.0061287167482078075 -0.10345340520143509 -0.14990147948265076 0.0249871164560318 -0.10074053704738617 -0.15012085437774658 0.0289866104722023 -0.10257438570261002 -0.14020779728889465 0.02651224285364151 -0.08103109896183014 -0.397957444190979 0.008548980578780174 -0.0649576485157013 -0.22812631726264954 0.028060849756002426 -0.057572782039642334 -0.19091796875 0.0356731191277504 -0.06874679774045944 -0.2626902759075165 0.02016284130513668 -0.052553217858076096 -0.1299806833267212 0.04683477804064751 -0.085784912109375 -0.44171440601348877 0.01541532389819622 -0.08597775548696518 -0.445833295583725 0.014015027321875095 0.058706268668174744 -0.0984921082854271 -0.043184250593185425 0.048154573887586594 -0.09516631066799164 -0.048135872930288315 0.06203899532556534 -0.12444356828927994 -0.045623600482940674 0.036513131111860275 -0.06637495011091232 -0.04899514839053154 0.04959651827812195 -0.07159153372049332 -0.043810635805130005 0.0602022185921669 -0.07512299716472626 -0.0376705639064312 0.07255841046571732 -0.10025116056203842 -0.035992298275232315 0.06335510313510895 -0.045312829315662384 -0.03007315658032894 0.05339433625340462 -0.0528261698782444 -0.03657354786992073 0.06840890645980835 -0.12687084078788757 -0.04103716462850571 0.07518172264099121 -0.12958809733390808 -0.037257563322782516 0.0749371200799942 -0.15709015727043152 -0.037727292627096176 0.06293550878763199 -0.16153018176555634 -0.04432765394449234 0.06458549946546555 -0.19011196494102478 -0.045608021318912506 0.07939264923334122 -0.1745201200246811 -0.03570568934082985 0.08012066781520844 -0.19503669440746307 -0.03836664929986 0.04478224739432335 -0.13594338297843933 -0.05083050578832626 0.0388517752289772 -0.09609761834144592 -0.05069180577993393 0.02615012787282467 -0.0840454027056694 -0.053902361541986465 0.029633549973368645 -0.05964343622326851 -0.05142033472657204 0.03818169981241226 -0.1603013277053833 -0.05173712596297264 0.05033707991242409 -0.19361519813537598 -0.04853358864784241 0.029109226539731026 -0.18906937539577484 -0.05635342746973038 0.04047797992825508 -0.20139744877815247 -0.054200559854507446 0.0353897325694561 -0.13212288916110992 -0.05167243629693985 0.05439034476876259 -0.2012816071510315 -0.0493461899459362 0.022913305088877678 -0.1593182235956192 -0.05378195643424988 0.021511944010853767 -0.16795533895492554 -0.05629450082778931 0.021972186863422394 -0.19683818519115448 -0.058556415140628815 0.04292739927768707 -0.061994519084692 -0.0427839532494545 0.044943325221538544 -0.051838796585798264 -0.03947111964225769 0.02843966893851757 -0.19758057594299316 -0.05957752466201782 0.025353929027915 -0.09291204810142517 -0.0529211089015007 0.07203183323144913 -0.20171037316322327 -0.04636632278561592 0.06119732931256294 -0.20405979454517365 -0.051811445504426956 0.026842745020985603 -0.15562093257904053 -0.05165057256817818 0.021744610741734505 -0.0417342334985733 -0.05874915421009064 0.025743473321199417 -0.04250003769993782 -0.05607040971517563 0.015820976346731186 -0.08710779249668121 -0.062025535851716995 0.012357081286609173 -0.07578855007886887 -0.06371688097715378 0.010989916510879993 -0.0349033959209919 -0.06404581665992737 0.016896763816475868 -0.02488236129283905 -0.05980618670582771 0.009725323878228664 -0.014408303424715996 -0.05991519242525101 -0.002623431384563446 -0.016964659094810486 -0.0631045252084732 -0.006505752447992563 -0.012358076870441437 -0.06263424456119537 0.0009220213978551328 -0.0640191063284874 -0.0646132305264473 0.016736535355448723 -0.10327766090631485 -0.058991916477680206 0.022626377642154694 -0.033218059688806534 -0.05495531111955643 0.0697278305888176 -0.04444461315870285 -0.02428651787340641 0.07977315038442612 -0.025642231106758118 -0.01143066305667162 0.0006796395755372941 -0.0375601127743721 -0.06452104449272156 -0.0017144139856100082 -0.02449098974466324 -0.06676861643791199 0.020300060510635376 -0.15766751766204834 -0.05629546940326691 0.09110476076602936 -0.19562892615795135 -0.026663709431886673 0.08865521103143692 -0.15556375682353973 -0.023549867793917656 0.08335542678833008 -0.20171406865119934 -0.04027580842375755 0.08248299360275269 -0.12066296488046646 -0.02730940282344818 0.07911944389343262 -0.05894114822149277 -0.013728835619986057 0.0023376946337521076 -0.08160657435655594 -0.06315970420837402 0.09685128182172775 -0.19605141878128052 -0.019094588235020638 0.07726231962442398 -0.08621694892644882 -0.025781642645597458 0.006899236235767603 -0.08331451565027237 -0.0614478625357151 0.01092574279755354 -0.1020578071475029 -0.05908189341425896 0.014449924230575562 -0.11875856667757034 -0.05587766692042351 0.09199969470500946 -0.1383827030658722 -0.01514396257698536 0.09536445885896683 -0.13373582065105438 -0.00887508224695921 0.09485580772161484 -0.1603795439004898 -0.013408067636191845 0.03551095724105835 -0.0620732344686985 -0.04225516319274902 0.09015963226556778 -0.1065162941813469 -0.0057958620600402355 0.0956253856420517 -0.12197741121053696 -0.0025607929565012455 0.09100254625082016 -0.10358376801013947 -0.001276926719583571 0.01660572737455368 -0.16984421014785767 -0.055434513837099075 0.10015825182199478 -0.16830532252788544 -0.0014704341301694512 0.10324665904045105 -0.18498331308364868 -0.0005852914182469249 0.10430353134870529 -0.19755548238754272 -0.0067337509244680405 0.0823315903544426 -0.059512946754693985 -0.004644258413463831 0.09883236885070801 -0.20147216320037842 -0.023447858169674873 0.10737007856369019 -0.19969229400157928 -0.008903522044420242 0.09932893514633179 -0.14215418696403503 0.00028138095512986183 0.09715310484170914 -0.16158753633499146 -0.005105872172862291 0.0954878181219101 -0.10152560472488403 0.015207928605377674 0.09139957278966904 -0.08677930384874344 0.015994388610124588 0.09290382266044617 -0.20223915576934814 -0.03388013690710068 0.023077376186847687 -0.10192099213600159 -0.04764460772275925 0.09985961765050888 -0.1212245300412178 0.01572524569928646 0.10321222990751266 -0.1596333533525467 0.01788344234228134 0.10889777541160583 -0.1910324990749359 0.01834491640329361 0.10075091570615768 -0.14868630468845367 0.014152958989143372 0.11100151389837265 -0.19496062397956848 0.016801362857222557 0.018557270988821983 -0.1052665114402771 -0.048025183379650116 0.015359165146946907 -0.13247203826904297 -0.05470472201704979 0.08476334065198898 -0.056617360562086105 0.014595955610275269 0.08216532319784164 -0.013628644868731499 0.017820049077272415 0.042360879480838776 0.44693323969841003 -0.005908578168600798 0.04088225215673447 0.45301395654678345 -0.0019193821353837848 0.03783668205142021 0.4294740557670593 0.005055520683526993 0.03926863148808479 0.4577797055244446 0.0056728520430624485 0.036804623901844025 0.4471050500869751 0.010657529346644878 0.03462427854537964 0.4312416613101959 0.016241401433944702 0.03256261721253395 0.40488243103027344 0.011611196212470531 0.03832234442234039 0.41794949769973755 -0.005531791131943464 0.043067801743745804 0.4353712499141693 -0.017124773934483528 0.04205113649368286 0.4261223375797272 -0.018797574564814568 0.045062605291604996 0.4537349343299866 -0.019950764253735542 0.03954273462295532 0.41503700613975525 -0.015337902121245861 0.04093877226114273 0.46662092208862305 -0.0076851616613566875 0.026947015896439552 0.39875200390815735 0.02198929898440838 0.037918347865343094 0.408359557390213 -0.01743224635720253 0.050541628152132034 0.4458986222743988 -0.03189586475491524 0.02581023797392845 0.3861650228500366 0.012749525718390942 0.02980910614132881 0.3910370469093323 -0.0021190280094742775 0.034156836569309235 0.4006112515926361 -0.017528126016259193 0.02974306419491768 0.43058332800865173 0.024468399584293365 0.007144078146666288 0.3693867325782776 0.03487801551818848 0.03809313476085663 0.47103843092918396 -0.004554539453238249 0.036202918738126755 0.47034186124801636 0.006286943331360817 0.0324668250977993 0.46136951446533203 0.018943652510643005 0.03128272667527199 0.44533172249794006 0.01893974468111992 0.04455844685435295 0.4119178056716919 -0.021421218290925026 0.0505417175590992 0.4254103899002075 -0.02877340279519558 0.0502484068274498 0.40765294432640076 -0.02997312881052494 0.051558881998062134 0.42151063680648804 -0.032771997153759 0.052279993891716 0.4250822961330414 -0.0365050844848156 0.05258781835436821 0.4303498864173889 -0.03635004162788391 0.052467796951532364 0.4351966679096222 -0.029823245480656624 0.05440607666969299 0.40919381380081177 -0.03528386354446411 0.019895970821380615 0.3964284658432007 0.029562555253505707 0.02393071912229061 0.435314416885376 0.02819744497537613 0.051282014697790146 0.40249669551849365 -0.028956394642591476 0.045374128967523575 0.4062158167362213 -0.02036145143210888 0.046631257981061935 0.3988818824291229 -0.023757200688123703 0.0476410910487175 0.39511311054229736 -0.027410276234149933 0.044162191450595856 0.3863917291164398 -0.025394082069396973 0.05192764848470688 0.3955806791782379 -0.03950725495815277 0.052823249250650406 0.40449291467666626 -0.03755635768175125 0.04035970941185951 0.3931966722011566 -0.018243856728076935 0.006940396502614021 0.3790169954299927 0.036417990922927856 0.047085367143154144 0.38923564553260803 -0.03480689600110054 0.02504190243780613 0.451458603143692 0.025427749380469322 0.018400084227323532 0.42481040954589844 0.03405838832259178 0.019659731537103653 0.43405410647392273 0.03571896627545357 0.031244682148098946 0.4798530638217926 0.007725773844867945 0.027896491810679436 0.4711344242095947 0.019913814961910248 0.023702368140220642 0.4666617810726166 0.02749386988580227 0.023113925009965897 0.48001569509506226 0.020955275744199753 0.024701494723558426 0.4876049757003784 0.00851034838706255 0.011552007868885994 0.39125511050224304 0.034841153770685196 0.0009305825224146247 0.3898542523384094 0.043254412710666656 -0.0009688839199952781 0.36748480796813965 0.040353380143642426 0.005086325574666262 0.39695701003074646 0.03884544223546982 -0.0030844910070300102 0.39904874563217163 0.04602020978927612 0.039251212030649185 0.4000715911388397 -0.01861872337758541 0.00982366781681776 0.40470170974731445 0.036386262625455856 0.002737288363277912 0.4119251072406769 0.04830995574593544 0.006771891377866268 0.41572725772857666 0.038892507553100586 0.005273184273391962 0.4181534945964813 0.04858376830816269 0.008482132107019424 0.4236471354961395 0.04284162446856499 0.011889447458088398 0.43401259183883667 0.040822308510541916 0.0033217344898730516 0.42300623655319214 0.04778515174984932 0.01440972089767456 0.4480578303337097 0.03135029971599579 0.04073992744088173 0.38426992297172546 -0.024244215339422226 0.03792482987046242 0.3771571218967438 -0.0273269210010767 0.042431626468896866 0.3803257942199707 -0.03660660237073898 0.012563583441078663 0.47764599323272705 0.0318673811852932 0.011375365778803825 0.4660550355911255 0.03715990111231804 0.007298791781067848 0.44690415263175964 0.03597305342555046 0.009509440511465073 0.43612632155418396 0.03736075013875961 0.0037214532494544983 0.36447831988334656 0.0333581268787384 0.04396278038620949 0.3929346799850464 -0.02957192063331604 -0.003115029539912939 0.3733963668346405 0.04090013727545738 0.05238849297165871 0.4170445501804352 -0.04087027534842491 0.014781421050429344 0.4908679723739624 0.018803047016263008 -0.11920961737632751 -0.4962715208530426 -0.03730173036456108 -0.08750246465206146 -0.49712100625038147 -0.04228973388671875 -0.10910382866859436 -0.4983259439468384 -0.023426154628396034 -0.11341918259859085 -0.4951641261577606 -0.05127394199371338 -0.1047925278544426 -0.4947699010372162 -0.05995906889438629 -0.09204620867967606 -0.49467822909355164 -0.06376782804727554 -0.08250599354505539 -0.49937644600868225 -0.010149563662707806 -0.07523496448993683 -0.4979223310947418 -0.026373857632279396 -0.0739259347319603 -0.49591323733329773 -0.04928022250533104 -0.07253853231668472 -0.4967148005962372 -0.038055483251810074 -0.12407246232032776 -0.4966917335987091 -0.017974959686398506 -0.07844805717468262 -0.4948323667049408 -0.05681223049759865 -0.14500337839126587 0.16800495982170105 -0.05198628455400467 -0.15206778049468994 0.14728273451328278 -0.05538520589470863 -0.13849511742591858 0.1597689837217331 -0.04408693313598633 -0.14327731728553772 0.14325177669525146 -0.04729991778731346 -0.15009477734565735 0.1661495417356491 -0.057550594210624695 -0.16085848212242126 0.12266603112220764 -0.0535786971449852 -0.14885878562927246 0.12734778225421906 -0.04569529369473457 -0.15384826064109802 0.10710552334785461 -0.043538838624954224 -0.17159013450145721 0.0914076566696167 -0.05352471023797989 -0.16731750965118408 0.08597615361213684 -0.047308601438999176 -0.15888242423534393 0.08840715140104294 -0.040369462221860886 -0.16311194002628326 0.06465639919042587 -0.03578295558691025 -0.1749333292245865 0.07346878200769424 -0.04977913573384285 -0.1790856122970581 0.05261729285120964 -0.042093098163604736 -0.1705462783575058 0.05151837691664696 -0.03370760753750801 -0.16598135232925415 0.12126439809799194 -0.059872351586818695 -0.15816865861415863 0.14645516872406006 -0.06444521993398666 -0.13481296598911285 0.1647317111492157 -0.044804561883211136 -0.15629777312278748 0.14810815453529358 -0.0661371722817421 -0.1534121185541153 0.1641789972782135 -0.06755148619413376 -0.15145619213581085 0.16893614828586578 -0.06787212193012238 -0.13546444475650787 0.17274612188339233 -0.04334225133061409 -0.14296026527881622 0.17821842432022095 -0.050618547946214676 -0.14901979267597198 0.17545728385448456 -0.0583278127014637 -0.14437545835971832 0.1877954602241516 -0.05645086616277695 -0.1343069225549698 0.18930107355117798 -0.046976927667856216 -0.1378425806760788 0.20064766705036163 -0.05910022556781769 -0.1331624537706375 0.19968271255493164 -0.0532195158302784 -0.14847122132778168 0.18794436752796173 -0.06819014251232147 -0.1326656937599182 0.24705888330936432 -0.051777709275484085 -0.12780055403709412 0.22743567824363708 -0.04361650347709656 -0.14096499979496002 0.19731391966342926 -0.061176057904958725 -0.138240784406662 0.21306273341178894 -0.06167649105191231 -0.12847070395946503 0.2465696930885315 -0.042193520814180374 -0.14500267803668976 0.19635112583637238 -0.07209217548370361 -0.12138111889362335 0.24622808396816254 -0.03258948773145676 -0.12475588172674179 0.1952492743730545 -0.04618379473686218 -0.12358693033456802 0.21192826330661774 -0.04297927767038345 -0.1132228672504425 0.23334279656410217 -0.03178298845887184 -0.1364383101463318 0.26762357354164124 -0.03722766414284706 -0.14622651040554047 0.20099322497844696 -0.06161389872431755 -0.14534761011600494 0.21270184218883514 -0.06237184256315231 -0.11833523958921432 0.14899015426635742 -0.04425983130931854 -0.11924567818641663 0.15289370715618134 -0.043349117040634155 -0.12081774324178696 0.15812751650810242 -0.04432282969355583 -0.1307840496301651 0.11621266603469849 -0.047515641897916794 -0.1233256608247757 0.142342671751976 -0.04874572902917862 -0.14432185888290405 0.09253538399934769 -0.043460674583911896 -0.11797793954610825 0.14365926384925842 -0.049773428589105606 -0.11229576170444489 0.15643993020057678 -0.045968811959028244 -0.12262173742055893 0.16586503386497498 -0.040242455899715424 -0.10904006659984589 0.1638665795326233 -0.04285557568073273 -0.10888727754354477 0.18256597220897675 -0.04222424328327179 -0.020666005089879036 -0.15361791849136353 -0.04946024715900421 -0.025938283652067184 -0.16119666397571564 -0.06212875247001648 -0.020928170531988144 -0.17514269053936005 -0.056034963577985764 -0.026920007541775703 -0.13300809264183044 -0.05633595958352089 -0.017248015850782394 -0.2021569460630417 -0.05177212879061699 -0.022035442292690277 -0.20232796669006348 -0.06429794430732727 -0.025673244148492813 -0.1298236846923828 -0.0496494434773922 -0.029549099504947662 -0.11894995719194412 -0.05658433586359024 -0.02650170959532261 -0.1876661628484726 -0.06468765437602997 -0.03107278235256672 -0.11108217388391495 -0.05130061134696007 -0.022207001224160194 -0.14347538352012634 -0.042262520641088486 -0.01986045204102993 -0.15801717340946198 -0.04260862618684769 -0.024443527683615685 -0.13453423976898193 -0.04010472446680069 -0.02975250594317913 -0.1138860210776329 -0.04023202881217003 -0.026124050840735435 -0.14393854141235352 -0.06217676028609276 -0.02703193388879299 -0.16441312432289124 -0.06560061126947403 -0.026624033227562904 -0.12468147277832031 -0.058739446103572845 -0.018770139664411545 -0.20316681265830994 -0.0440225787460804 -0.035373616963624954 -0.10496879369020462 -0.04894468933343887 -0.03516578674316406 -0.10397043079137802 -0.04463119059801102 -0.02947741001844406 -0.09915491938591003 -0.055141203105449677 -0.030138002708554268 -0.17036809027194977 -0.06602568179368973 -0.03215726092457771 -0.17129461467266083 -0.06958189606666565 -0.027294671162962914 -0.10045011341571808 -0.03968522697687149 -0.09748245775699615 0.33209991455078125 -0.05003754049539566 -0.11725685745477676 0.32318660616874695 -0.03778274357318878 -0.09715741127729416 0.3319990634918213 -0.0369216650724411 -0.11646781861782074 0.3237457871437073 -0.05028088763356209 -0.06440220773220062 0.34274592995643616 -0.049522820860147476 -0.061801448464393616 0.34304481744766235 -0.038136400282382965 -0.048922814428806305 0.35060936212539673 -0.048897746950387955 -0.0629320740699768 0.34190547466278076 -0.05914798751473427 -0.03995655104517937 0.35288339853286743 -0.05628039687871933 -0.09734243899583817 0.3284038305282593 -0.06438080966472626 -0.11333700269460678 0.3214848041534424 -0.06319582462310791 -0.050691261887550354 0.35157275199890137 -0.037157054990530014 -0.11423870921134949 0.32143285870552063 -0.024426203221082687 -0.09679920971393585 0.3287433087825775 -0.023713482543826103 -0.06838247925043106 0.3370595872402191 -0.02494269423186779 -0.05622406676411629 0.34323838353157043 -0.024413736537098885 -0.07282204180955887 0.3287052512168884 -0.01057265792042017 -0.12427569180727005 0.31361454725265503 -0.024831872433423996 -0.12959319353103638 0.31251218914985657 -0.05019744858145714 -0.09516021609306335 0.322177916765213 -0.010902496986091137 -0.054519761353731155 0.33721765875816345 -0.013005117885768414 -0.1305578500032425 0.3101538419723511 -0.03612692654132843 -0.1117183193564415 0.31273353099823 -0.009208948351442814 -0.05413351207971573 0.3295965790748596 -0.00294644758105278 -0.0754987895488739 0.31388217210769653 0.0067368256859481335 -0.08387869596481323 0.31405654549598694 0.0010700966231524944 -0.06541786342859268 0.3033156991004944 0.023043690249323845 -0.05057487264275551 0.3047970235347748 0.031617213040590286 -0.03946714103221893 0.31142494082450867 0.03477812558412552 -0.037973061203956604 0.3226293921470642 0.021982185542583466 -0.04061908274888992 0.341675341129303 0.0014479850651696324 -0.038882311433553696 0.32898008823394775 0.014830871485173702 -0.04329352080821991 0.35147741436958313 -0.01287047564983368 -0.03896600380539894 0.3662588596343994 -0.035813577473163605 -0.039016831666231155 0.3606393039226532 -0.023863347247242928 -0.13111859560012817 0.30215486884117126 -0.024095846340060234 -0.034537214785814285 0.37103667855262756 -0.04580003768205643 -0.03967483714222908 0.35186684131622314 -0.015426448546350002 -0.12398919463157654 0.31168052554130554 -0.06623111665248871 -0.05393359065055847 0.34055325388908386 -0.06782451272010803 -0.11137383431196213 0.3122953772544861 -0.0793890431523323 -0.02958006225526333 0.3527466058731079 -0.06295628100633621 -0.07910259068012238 0.32534340023994446 -0.07855096459388733 -0.05053839087486267 0.3347189724445343 -0.07732181996107101 -0.023713979870080948 0.3722691833972931 -0.055397383868694305 -0.03297547996044159 -0.10878875851631165 0.10235767066478729 -0.0355554074048996 -0.11066820472478867 0.10652004182338715 -0.03420973941683769 -0.1359480619430542 0.09953674674034119 -0.03141742944717407 -0.0834297388792038 0.10489247739315033 -0.03739370405673981 -0.15066319704055786 0.10802873224020004 -0.03608313947916031 -0.16031692922115326 0.10300624370574951 -0.03713840991258621 -0.18676170706748962 0.10776803642511368 -0.032347582280635834 -0.10096721351146698 0.09876710921525955 -0.029545754194259644 -0.07757445424795151 0.09870325028896332 -0.02731958031654358 -0.05252750217914581 0.10215972363948822 -0.03751053288578987 -0.1859445422887802 0.1033170074224472 -0.029286742210388184 -0.06874649971723557 0.09635180979967117 -0.02486439421772957 -0.05068393796682358 0.09593356400728226 -0.02480281889438629 -0.04863773658871651 0.10043532401323318 -0.019837241619825363 -0.03465263545513153 0.09579052776098251 -0.02323809079825878 -0.02318114973604679 0.10073642432689667 -0.04381842538714409 -0.1761232167482376 0.10961414128541946 -0.050074249505996704 -0.19153064489364624 0.11243464797735214 -0.029192501679062843 -0.056562427431344986 0.10250774770975113 -0.04979737102985382 -0.1676688939332962 0.10887815058231354 -0.03864675015211105 -0.12552239000797272 0.10708799213171005 0.15433622896671295 0.28775882720947266 -0.045272547751665115 0.13773095607757568 0.2621036171913147 -0.046628281474113464 0.15523846447467804 0.268352210521698 -0.041475169360637665 0.13481667637825012 0.2708933651447296 -0.05040857568383217 0.14759071171283722 0.2927745580673218 -0.04994983226060867 0.14121082425117493 0.25134095549583435 -0.044921088963747025 0.14554418623447418 0.23876090347766876 -0.04567023739218712 0.1564616560935974 0.2379126399755478 -0.04142934828996658 0.14537039399147034 0.2239246666431427 -0.04321648180484772 0.15417277812957764 0.22220829129219055 -0.04041526839137077 0.16139371693134308 0.23300157487392426 -0.04196494072675705 0.15752823650836945 0.29774996638298035 -0.050674740225076675 0.16125431656837463 0.28664833307266235 -0.04683975875377655 0.15714222192764282 0.3068749010562897 -0.05767643079161644 0.13941273093223572 0.2468089759349823 -0.04293645918369293 0.14759114384651184 0.30108004808425903 -0.057326313108205795 0.1623372882604599 0.25859206914901733 -0.04444450885057449 0.16571973264217377 0.3015802502632141 -0.05781799927353859 0.1368250548839569 0.2810814678668976 -0.0549035519361496 0.1469235122203827 0.21974767744541168 -0.04593520984053612 0.16250444948673248 0.22126100957393646 -0.04668013006448746 0.13226181268692017 0.27090856432914734 -0.05439791455864906 0.07923436909914017 0.333565354347229 -0.02115699276328087 0.04845939204096794 0.3458396792411804 -0.02223554067313671 0.05785705894231796 0.33667534589767456 -0.009394301101565361 0.091516874730587 0.3252459764480591 -0.0071162567473948 0.10821361094713211 0.32151690125465393 -0.017872322350740433 0.11069396138191223 0.3175356388092041 -0.007003375329077244 0.04746069759130478 0.3422561585903168 -0.009814625605940819 0.0954771637916565 0.31752318143844604 0.004751499276608229 0.1117316335439682 0.3100568354129791 0.0048376331105828285 0.055884528905153275 0.32997027039527893 0.0025734296068549156 0.0423881858587265 0.33544763922691345 0.0027790595777332783 0.03407403826713562 0.32341229915618896 0.018441226333379745 0.05625763162970543 0.31368109583854675 0.018681874498724937 0.05153847485780716 0.3083091378211975 0.027590174227952957 0.027837181463837624 0.31570449471473694 0.033270902931690216 0.09745272248983383 0.3103259205818176 0.011004382744431496 0.02062886767089367 0.32670000195503235 0.024893438443541527 0.042698413133621216 0.3061669170856476 0.04224357753992081 0.05059622973203659 0.3060973286628723 0.03320566564798355 0.028728265315294266 0.3081529140472412 0.04336152598261833 0.019943689927458763 0.3363112211227417 0.01661449298262596 0.025542831048369408 0.34398430585861206 0.00706148287281394 0.03062758967280388 0.3486100137233734 -1.8411234123050235E-05 0.034808337688446045 0.35377368330955505 -0.010096213780343533 0.022744085639715195 0.34920334815979004 0.0011754415463656187 0.028686024248600006 0.36123788356781006 -0.012482416816055775 0.11250590533018112 0.2969528138637543 0.012420655228197575 0.12614190578460693 0.30488917231559753 -0.007745181210339069 0.07948287576436996 0.30352428555488586 0.019281622022390366 0.12419654428958893 0.2976798117160797 0.003173324977979064 0.032095108181238174 0.36286765336990356 -0.022448299452662468 0.12302389740943909 0.3115553855895996 -0.019693205133080482 0.08402718603610992 0.32714322209358215 -0.04567895829677582 0.05901661887764931 0.33947741985321045 -0.04428170993924141 0.07097417116165161 0.3362410366535187 -0.034134022891521454 0.10748191177845001 0.3199222683906555 -0.03349811211228371 0.04433650150895119 0.34858468174934387 -0.028929682448506355 0.036269690841436386 0.35000526905059814 -0.04550304263830185 0.10821361094713211 0.32151690125465393 -0.017872322350740433 0.07923436909914017 0.333565354347229 -0.02115699276328087 0.04845939204096794 0.3458396792411804 -0.02223554067313671 0.12302389740943909 0.3115553855895996 -0.019693205133080482 0.12294291704893112 0.3097609877586365 -0.032192956656217575 0.034808337688446045 0.35377368330955505 -0.010096213780343533 0.1110314130783081 0.31169843673706055 -0.04600559547543526 0.11069396138191223 0.3175356388092041 -0.007003375329077244 0.0451914481818676 0.33878976106643677 -0.056591860949993134 0.023689698427915573 0.3493950366973877 -0.0578446127474308 0.12583787739276886 0.29987749457359314 -0.04523646458983421 0.0899181142449379 0.3135756552219391 -0.05923226475715637 0.04534488916397095 0.3319123387336731 -0.06539077311754227 0.1159827783703804 0.30425411462783813 -0.050318073481321335 0.010025670751929283 0.3495651185512543 -0.06460627168416977 0.07608868181705475 0.31484100222587585 -0.0653662458062172 0.13231834769248962 0.2973233759403229 -0.03322947025299072 0.1009594053030014 0.298814594745636 -0.06483941525220871 0.035576093941926956 0.3562949597835541 -0.03689900040626526 0.02180134877562523 0.3697050213813782 -0.04690688103437424 0.032095108181238174 0.36286765336990356 -0.022448299452662468 0.028541840612888336 0.3678416609764099 -0.03494224697351456 0.12988154590129852 0.2920629382133484 -0.04670099914073944 0.1206616759300232 0.2877810299396515 -0.05790096893906593 0.13395236432552338 0.2958085536956787 -0.021015187725424767 0.011157332919538021 0.3710040748119354 -0.055125925689935684 0.08441180735826492 0.2986525297164917 -0.07240056991577148 0.040495872497558594 0.32265087962150574 -0.07351816445589066 0.005342903081327677 0.33237218856811523 -0.07684017717838287 -0.0006663500680588186 0.3500513732433319 -0.06725800782442093 0.13226181268692017 0.27090856432914734 -0.05439791455864906 0.13493527472019196 0.2826376259326935 -0.04376509413123131 0.13481667637825012 0.2708933651447296 -0.05040857568383217 -0.0019456889713183045 0.37194669246673584 -0.05960827320814133 -0.17302650213241577 0.01170390099287033 0.002508204197511077 -0.16994310915470123 -0.002200331771746278 0.009621262550354004 -0.1607099175453186 0.001258014002814889 0.006963678169995546 -0.15784114599227905 -0.01477931346744299 0.014442226849496365 -0.15246126055717468 -0.00997324101626873 0.008752518333494663 -0.1466965526342392 -0.020746992900967598 0.01158806961029768 -0.14893072843551636 -0.02799457125365734 0.014835283160209656 -0.16382598876953125 0.01882830262184143 -0.008618081919848919 -0.17519928514957428 0.030776670202612877 -0.013636508956551552 -0.17236900329589844 0.03911660239100456 -0.02241646870970726 -0.162084698677063 0.03261255472898483 -0.022113122045993805 -0.16480512917041779 0.04844954237341881 -0.0319463349878788 -0.15920446813106537 0.044882263988256454 -0.03448353335261345 -0.1705462783575058 0.05151837691664696 -0.03370760753750801 -0.13933922350406647 -0.0402010902762413 0.0104374960064888 -0.15714187920093536 0.019405534490942955 -0.022214705124497414 -0.15903650224208832 0.002354342956095934 -0.0022842022590339184 -0.15356288850307465 0.030106395483016968 -0.03918351233005524 -0.1552206575870514 0.0430830717086792 -0.03940080851316452 -0.15397201478481293 0.06253381818532944 -0.03926311060786247 -0.14480023086071014 0.057913001626729965 -0.04944208264350891 -0.16311194002628326 0.06465639919042587 -0.03578295558691025 -0.14432185888290405 0.09253538399934769 -0.043460674583911896 -0.15888242423534393 0.08840715140104294 -0.040369462221860886 -0.15384826064109802 0.10710552334785461 -0.043538838624954224 -0.13704317808151245 0.08394890278577805 -0.05055147409439087 -0.14885878562927246 0.12734778225421906 -0.04569529369473457 0.16511359810829163 0.2608337104320526 -0.064458467066288 0.16425910592079163 0.26048144698143005 -0.04884572699666023 0.1622602790594101 0.2509254515171051 -0.05274626612663269 0.16881807148456573 0.28750312328338623 -0.06435650587081909 0.16552932560443878 0.2694256901741028 -0.0782175287604332 0.1677020937204361 0.2943449020385742 -0.08146548271179199 0.16485559940338135 0.2834816575050354 -0.09222617745399475 0.1650276631116867 0.26918187737464905 -0.0889214277267456 0.16198697686195374 0.258912593126297 -0.08033668994903564 0.15740683674812317 0.2434980273246765 -0.07607713341712952 0.1633034646511078 0.25749337673187256 -0.09286563843488693 0.16679061949253082 0.2880631685256958 -0.05245380476117134 0.16705633699893951 0.3053654432296753 -0.06810828298330307 0.15720421075820923 0.24511343240737915 -0.0629301592707634 0.15408855676651 0.23247826099395752 -0.0722285583615303 0.1528027206659317 0.23176567256450653 -0.05816945433616638 0.15815924108028412 0.24308718740940094 -0.054068442434072495 0.15361279249191284 0.23061396181583405 -0.05415600910782814 0.14961950480937958 0.23057599365711212 -0.06644105166196823 0.16571973264217377 0.3015802502632141 -0.05781799927353859 0.1623372882604599 0.25859206914901733 -0.04444450885057449 0.16446051001548767 0.23362474143505096 -0.04691930115222931 0.1656491458415985 0.25434547662734985 -0.08889184892177582 0.16615280508995056 0.24049772322177887 -0.08285458385944366 0.16591192781925201 0.22882555425167084 -0.07546743005514145 0.1678350418806076 0.2349187582731247 -0.0849577784538269 0.16139371693134308 0.23300157487392426 -0.04196494072675705 0.16250444948673248 0.22126100957393646 -0.04668013006448746 0.16439203917980194 0.2343984991312027 -0.08741842955350876 0.1545514464378357 0.24296081066131592 -0.07991249114274979 0.16014307737350464 0.22546397149562836 -0.05090133845806122 0.16125431656837463 0.28664833307266235 -0.04683975875377655 0.16810311377048492 0.2190658003091812 -0.07805430889129639 0.16962018609046936 0.21996726095676422 -0.07184422016143799 0.16812343895435333 0.21072036027908325 -0.06973825395107269 0.1680910438299179 0.20562568306922913 -0.05973998084664345 0.14548110961914062 0.2273164987564087 -0.05857326090335846 -0.016375239938497543 0.4986554980278015 -0.0007252015639096498 -0.007705133408308029 0.4984076917171478 -0.021230915561318398 -0.01784108765423298 0.49766457080841064 -0.013624421320855618 -0.027274757623672485 0.49805957078933716 -0.003292105859145522 -0.026296621188521385 0.49717965722084045 0.007531057111918926 -0.011828780174255371 0.497774213552475 0.017335616052150726 -0.010878424160182476 0.5005398988723755 0.002289320109412074 0.0005176633130759001 0.49974340200424194 -0.011794304475188255 -0.015465809963643551 0.496261328458786 -0.02307659573853016 0.009812218137085438 0.49734944105148315 -0.019933899864554405 0.0004658391699194908 0.4978718161582947 0.014370031654834747 0.005742238834500313 0.499411016702652 0.0005652944673784077 0.013579742051661015 0.4981990158557892 -0.002188490703701973 0.01607060804963112 0.49686846137046814 -0.009066046215593815 0.010111558251082897 0.4968923032283783 0.009159749373793602 -0.012651695869863033 0.4983925223350525 -0.027184274047613144 0.0003070203529205173 0.4993976652622223 -0.02287658117711544 6.847036274848506E-05 0.49879637360572815 -0.03579162806272507 -0.010739688761532307 0.4985088109970093 -0.04114975407719612 0.012763948179781437 0.4974338710308075 -0.03269738703966141 0.02050171047449112 0.4953858256340027 -0.021810010075569153 -0.0021845209412276745 0.49595335125923157 -0.046599481254816055 -0.01236980501562357 0.4922463595867157 -0.05531170964241028 0.0011187451891601086 0.49272260069847107 -0.05533117428421974 0.02262798324227333 0.492418497800827 -0.01763555407524109 0.014320927672088146 0.49424323439598083 -0.03894979879260063 0.0003543656785041094 0.49785810708999634 -0.044740449637174606 0.017048820853233337 0.4926144778728485 -0.04721563309431076 -0.03128053620457649 0.49207255244255066 -0.01644768752157688 -0.020881224423646927 0.49482062458992004 -0.018317926675081253 -0.026894627138972282 0.49426305294036865 -0.025898216292262077 -0.035043805837631226 0.49206385016441345 -0.019447006285190582 -0.022435659542679787 0.494292676448822 -0.03143855184316635 -0.031117701902985573 0.493411123752594 -0.03325686603784561 -0.030289888381958008 0.4916149377822876 -0.03890172019600868 -0.036306194961071014 0.48964348435401917 -0.029340557754039764 -0.02000780776143074 0.49694544076919556 -0.034447964280843735 -0.013371961191296577 0.4952801764011383 -0.04653995484113693 -0.020412256941199303 0.49317505955696106 -0.047822803258895874 -0.0325322151184082 0.48910510540008545 -0.04781757667660713 -0.024621589109301567 0.4874354600906372 -0.05600179731845856 -0.04216960072517395 0.4860016107559204 -0.01650654524564743 -0.03744937479496002 0.49104514718055725 0.005663239862769842 -0.01264041569083929 0.48583483695983887 -0.06295539438724518 -0.04203353077173233 0.4867969751358032 -0.03434629738330841 -0.04733045771718025 0.48166167736053467 -0.029868097975850105 -0.04390116035938263 0.4798576533794403 -0.04665406420826912 -0.031468525528907776 0.48982003331184387 0.019955910742282867 -0.05164800211787224 0.4777432978153229 -0.021309640258550644 0.0104615343734622 0.48797258734703064 -0.05724775418639183 -0.05063267797231674 0.4769900441169739 -0.009839169681072235 -0.04443426430225372 0.48403307795524597 0.008441377431154251 -0.011120029725134373 0.4923456609249115 0.02611091546714306 -0.002510824939236045 0.4935814440250397 0.02204357273876667 0.0020430388394743204 0.4917733669281006 0.0262150801718235 -0.05379132553935051 0.4737243354320526 -0.034397367388010025 -0.03223118558526039 0.47705382108688354 -0.062202733010053635 -0.023789098486304283 0.4756721258163452 -0.06750914454460144 -0.0032955065835267305 0.4816913902759552 -0.06757455319166183 0.0005104595329612494 0.4855901300907135 -0.06542190909385681 -0.050442032516002655 0.4693107008934021 -0.04886730760335922 0.018127316609025 0.48582667112350464 -0.05621733143925667 -0.03989507630467415 0.4805575907230377 0.018314620479941368 -0.04404795169830322 0.4700019955635071 -0.05623406544327736 -0.012962779961526394 0.47577089071273804 -0.07106959819793701 -0.05876801162958145 0.4629620313644409 -0.03344393149018288 0.0005835303454659879 0.47549620270729065 -0.07252725213766098 0.011810489930212498 0.47902899980545044 -0.06613506376743317 -0.038613539189100266 0.46114930510520935 -0.06599795818328857 -0.03539148345589638 0.4582366645336151 -0.07016459852457047 -0.027493292465806007 0.4691365957260132 -0.06876842677593231 -0.04390538111329079 0.455587238073349 -0.06433302164077759 -0.04742391034960747 0.45581820607185364 -0.05985727161169052 -0.053780730813741684 0.45940399169921875 -0.051308028399944305 -0.015000585466623306 0.459977924823761 -0.07814878970384598 -0.034120239317417145 0.43989574909210205 -0.07315372675657272 -0.04341410472989082 0.4375118315219879 -0.06632298231124878 -0.02973349019885063 0.354838490486145 -0.012253711000084877 -0.031603049486875534 0.3462645709514618 -0.016410911455750465 -0.025669405236840248 0.34309831261634827 -0.006874387152493 -0.025400225073099136 0.3537215292453766 -0.005755694583058357 -0.03255389258265495 0.3378455638885498 -0.018352918326854706 -0.02475936897099018 0.33333534002304077 -0.0065025221556425095 -0.03658584877848625 0.3578498363494873 -0.024005429819226265 -0.038318391889333725 0.3487798273563385 -0.028012413531541824 -0.03316763415932655 0.36594000458717346 -0.016619909554719925 -0.026945214718580246 0.3635673522949219 -0.005881317425519228 -0.03597184270620346 0.3764028549194336 -0.01997298002243042 -0.0207062941044569 0.3616023659706116 0.004066197667270899 -0.018908530473709106 0.3417123556137085 0.0026721491012722254 -0.023543501272797585 0.37124982476234436 0.0022952803410589695 -0.02887372113764286 0.37622618675231934 -0.005480137187987566 -0.03659011051058769 0.3420323133468628 -0.027685219421982765 -0.027105821296572685 0.38102591037750244 0.001237288466654718 -0.021513836458325386 0.3297327160835266 0.0007101199589669704 -0.03707769513130188 0.3932002782821655 -0.009909790940582752 -0.03827168419957161 0.3813244700431824 -0.023115647956728935 -0.039016831666231155 0.3606393039226532 -0.023863347247242928 -0.04305178299546242 0.40202808380126953 -0.025119803845882416 -0.041372161358594894 0.4011920988559723 -0.019044406712055206 -0.03310395032167435 0.38718438148498535 -0.00314912898465991 -0.04258435592055321 0.407713383436203 -0.015062637627124786 -0.04133039712905884 0.3895965814590454 -0.035716064274311066 -0.049067724496126175 0.4098232686519623 -0.030476827174425125 -0.055358532816171646 0.4181559085845947 -0.03813496232032776 -0.05160653963685036 0.42037320137023926 -0.03136801719665527 -0.03889751806855202 0.3777979016304016 -0.03398777171969414 -0.03670318424701691 0.39724302291870117 0.005704281385987997 -0.03977726772427559 0.4225020408630371 0.014744114130735397 -0.043819524347782135 0.4376756548881531 0.007833643816411495 -0.03210814297199249 0.39993515610694885 0.020339466631412506 -0.04608297720551491 0.4309910833835602 -0.004686984233558178 -0.029999008402228355 0.3838339149951935 0.012520712800323963 -0.04716560244560242 0.42147281765937805 -0.020088952034711838 -0.03402513265609741 0.38552454113960266 0.0011740810004994273 -0.037893425673246384 0.431025892496109 0.022169338539242744 -0.04137232527136803 0.44146448373794556 0.016460973769426346 -0.03277486562728882 0.4202730357646942 0.027582066133618355 -0.03349074348807335 0.4324842393398285 0.031503405421972275 -0.04940992593765259 0.4288782477378845 -0.01715131662786007 -0.0179618988186121 0.37108999490737915 0.024626025930047035 -0.05137800797820091 0.44357559084892273 -0.0020511969923973083 -0.05483081564307213 0.4430827796459198 -0.010184944607317448 -0.056063082069158554 0.4539581537246704 -0.004541922360658646 -0.058932866901159286 0.4453521966934204 -0.017277143895626068 -0.052234817296266556 0.4529452323913574 0.009438865818083286 -0.056941185146570206 0.43470460176467896 -0.022693095728754997 -0.05534455180168152 0.4637075960636139 -0.00012724769476335496 -0.05699140578508377 0.4597107172012329 -0.009137310087680817 -0.04922768846154213 0.4499581456184387 0.011144012212753296 -0.026859451085329056 0.37565892934799194 0.005260784644633532 -0.051421865820884705 0.4675390422344208 0.009992087259888649 -0.048192594200372696 0.4685003161430359 0.019775522872805595 -0.04807134345173836 0.4506138563156128 0.017825165763497353 -0.024096941575407982 0.4006454646587372 0.031205853447318077 -0.01813112013041973 0.37772390246391296 0.02808917686343193 -0.009725251235067844 0.3674401044845581 0.037350598722696304 -0.058959491550922394 0.4637695848941803 -0.020909588783979416 -0.019860580563545227 0.3539586663246155 0.0076606906950473785 -0.060346003621816635 0.43786272406578064 -0.024479420855641365 -0.061972204595804214 0.4508455991744995 -0.021920878440141678 -0.03896600380539894 0.3662588596343994 -0.035813577473163605 -0.057472292333841324 0.42830708622932434 -0.03168599307537079 -0.06126023828983307 0.4347572922706604 -0.03452567011117935 -0.05824068933725357 0.4334878623485565 -0.027781132608652115 -0.060784194618463516 0.4486078917980194 -0.029500816017389297 -0.062295716255903244 0.4495917558670044 -0.03448957949876785 -0.031557317823171616 0.4363464117050171 0.03046233020722866 -0.02192005142569542 0.37112507224082947 0.009648061357438564 -0.0452721007168293 0.3996132016181946 -0.04891854152083397 -0.05565306916832924 0.46812328696250916 -0.010056146420538425 -0.040376294404268265 0.4614650309085846 0.02653653174638748 -0.0306863971054554 0.4436914920806885 0.030159547924995422 -0.039022546261548996 0.4476752281188965 0.023681221529841423 -0.03363719582557678 0.4479597508907318 0.03181988373398781 -0.03307413309812546 0.4675039052963257 0.03525564819574356 -0.030738873407244682 0.46097612380981445 0.03672407940030098 -0.05876801162958145 0.4629620313644409 -0.03344393149018288 -0.013782215304672718 0.3659079074859619 0.0218088086694479 -0.03989507630467415 0.4805575907230377 0.018314620479941368 -0.05186910182237625 0.4148416519165039 -0.04920061677694321 -0.036428578197956085 0.3857012093067169 -0.050238434225320816 -0.05850555747747421 0.43965426087379456 -0.04811766743659973 -0.05892747640609741 0.4445984959602356 -0.04420200735330582 -0.034537214785814285 0.37103667855262756 -0.04580003768205643 -0.01044942531734705 0.36289483308792114 0.015276683494448662 -0.03252067416906357 0.47805434465408325 0.030532872304320335 -0.05064640939235687 0.4744814336299896 0.0016588333528488874 -0.010858191177248955 0.33725616335868835 0.010233771987259388 -0.04443426430225372 0.48403307795524597 0.008441377431154251 -0.05063267797231674 0.4769900441169739 -0.009839169681072235 -0.0027650310657918453 0.36141741275787354 0.03137136623263359 -0.05164800211787224 0.4777432978153229 -0.021309640258550644 -0.053780730813741684 0.45940399169921875 -0.051308028399944305 -0.050442032516002655 0.4693107008934021 -0.04886730760335922 -0.04983529448509216 0.426320880651474 -0.05858076736330986 -0.031468525528907776 0.48982003331184387 0.019955910742282867 -0.043395888060331345 0.409782737493515 -0.05869428813457489 -0.042847782373428345 0.41830500960350037 -0.06359748542308807 -0.05321955680847168 0.44303983449935913 -0.05516280606389046 -0.0009688839199952781 0.36748480796813965 0.040353380143642426 -0.0032308807130903006 0.3622320890426636 0.01700085774064064 -0.03401670977473259 0.4025622606277466 -0.06377463042736053 -0.032432131469249725 0.3949572443962097 -0.061298348009586334 -0.04742391034960747 0.45581820607185364 -0.05985727161169052 -0.04341410472989082 0.4375118315219879 -0.06632298231124878 -0.04390538111329079 0.455587238073349 -0.06433302164077759 -0.026268815621733665 0.3833026587963104 -0.05686035752296448 -0.023713979870080948 0.3722691833972931 -0.055397383868694305 -0.03391631320118904 0.42005038261413574 -0.07115625590085983 -0.034120239317417145 0.43989574909210205 -0.07315372675657272 -0.022758975625038147 0.4080604910850525 -0.07161908596754074 -0.05260210484266281 -0.1328037530183792 -0.09615617990493774 -0.0473954863846302 -0.14244218170642853 -0.08361025154590607 -0.0447000227868557 -0.16980277001857758 -0.08049663156270981 -0.04599285125732422 -0.18991462886333466 -0.08503349125385284 -0.051649097353219986 -0.11990778148174286 -0.09452028572559357 -0.04697335883975029 -0.11205756664276123 -0.08325807750225067 -0.05305325984954834 -0.20051251351833344 -0.09788867086172104 -0.04771021008491516 -0.2008858472108841 -0.08861303329467773 -0.04232697933912277 -0.2012750655412674 -0.08054673671722412 -0.03989081457257271 -0.17378832399845123 -0.0738929808139801 -0.04956136643886566 -0.09596404433250427 -0.08270091563463211 -0.04673931747674942 -0.10909655690193176 -0.08059465140104294 -0.04415488615632057 -0.09681521356105804 -0.07486721128225327 -0.04850392043590546 -0.07261544466018677 -0.07366762310266495 -0.044112831354141235 -0.10115918517112732 -0.07139937579631805 -0.05193338915705681 -0.08879639208316803 -0.08268114179372787 -0.0394611582159996 -0.09109603613615036 -0.06919030100107193 -0.03426338732242584 -0.20133066177368164 -0.07504506409168243 -0.03215726092457771 -0.17129461467266083 -0.06958189606666565 -0.02495698072016239 -0.16480952501296997 -0.06623049080371857 -0.02002720721065998 -0.20244745910167694 -0.06936916708946228 -0.020763052627444267 -0.16819308698177338 -0.06542465090751648 -0.01511229295283556 -0.15558569133281708 -0.05763940140604973 -0.010679690167307854 -0.18869580328464508 -0.05301400274038315 -0.009587807580828667 -0.14954450726509094 -0.04931831359863281 -0.023235660046339035 -0.1374654471874237 -0.06088472157716751 -0.006983231753110886 -0.19767272472381592 -0.049258362501859665 -0.012498083524405956 -0.20567400753498077 -0.05283953994512558 -0.015725351870059967 -0.11392217129468918 -0.05306129902601242 -0.004805035423487425 -0.16479933261871338 -0.04672553390264511 -0.010208070278167725 -0.11880545318126678 -0.049463704228401184 -0.00943282712250948 -0.09970072656869888 -0.048879459500312805 -0.014815001748502254 -0.08781057596206665 -0.051758117973804474 -0.007490312214940786 -0.20256051421165466 -0.04832793027162552 -0.0033504448365420103 -0.17296737432479858 -0.046356480568647385 -0.026727190241217613 -0.09214943647384644 -0.055068489164114 -0.026624033227562904 -0.12468147277832031 -0.058739446103572845 -0.018231555819511414 -0.07101740688085556 -0.05247832089662552 -0.03448507934808731 -0.06840065121650696 -0.057510994374752045 -0.022661231458187103 -0.0570005364716053 -0.0543854683637619 -0.0297856368124485 -0.0540512353181839 -0.06050877273082733 -0.004799416288733482 -0.10808217525482178 -0.04855926334857941 -0.026124050840735435 -0.14393854141235352 -0.06217676028609276 -0.0035270079970359802 -0.19485953450202942 -0.04960518702864647 -0.02703193388879299 -0.16441312432289124 -0.06560061126947403 -0.0003833563532680273 -0.20466357469558716 -0.05261457711458206 0.08680372685194016 -0.19166678190231323 0.076278455555439 0.0902821347117424 -0.19184565544128418 0.08313506841659546 0.07360509783029556 -0.19210028648376465 0.09015356749296188 0.06750764697790146 -0.1924683302640915 0.10596523433923721 0.10355377942323685 -0.1919214129447937 0.06484613567590714 0.06237830966711044 -0.1916295439004898 0.0991707295179367 0.04537684842944145 -0.19145429134368896 0.10385625809431076 0.052313949912786484 -0.19233426451683044 0.11002850532531738 0.02909207157790661 -0.1923532634973526 0.10759157687425613 0.02810334786772728 -0.19298511743545532 0.11569336801767349 0.013212489895522594 -0.19242550432682037 0.11146024614572525 0.09536407887935638 -0.19009679555892944 0.06440863758325577 0.10034851729869843 -0.19166462123394012 0.05537829175591469 0.10412948578596115 -0.19219395518302917 0.04593132063746452 0.11025673151016235 -0.19220298528671265 0.049042001366615295 0.10799337923526764 -0.19291625916957855 0.033167894929647446 0.11100151389837265 -0.19496062397956848 0.016801362857222557 0.11674622446298599 -0.1921880692243576 0.02858325093984604 0.11673731356859207 -0.19329304993152618 0.01505300309509039 0.10737007856369019 -0.19969229400157928 -0.008903522044420242 0.003652973799034953 -0.19428689777851105 0.11440078914165497 0.004738077521324158 -0.19442406296730042 0.1211148053407669 0.010365564376115799 -0.193618506193161 0.12400397658348083 0.10430353134870529 -0.19755548238754272 -0.0067337509244680405 0.09685128182172775 -0.19605141878128052 -0.019094588235020638 0.16215766966342926 0.28549501299858093 -0.09535975009202957 0.1633034646511078 0.25749337673187256 -0.09286563843488693 0.15881168842315674 0.27908700704574585 -0.09701638668775558 0.16485559940338135 0.2834816575050354 -0.09222617745399475 0.16358210146427155 0.29893821477890015 -0.08902408927679062 0.1677020937204361 0.2943449020385742 -0.08146548271179199 0.16535510122776031 0.3055082857608795 -0.0786968246102333 0.16705633699893951 0.3053654432296753 -0.06810828298330307 0.0017036031931638718 -0.03535309433937073 -0.022521404549479485 0.0020065270364284515 -0.02760862559080124 -0.033932894468307495 0.01036195456981659 -0.03263694420456886 -0.0364532470703125 0.014867321588099003 -0.02027623914182186 -0.053944822400808334 0.0009993243729695678 -0.01377734262496233 -0.051128629595041275 0.00408138008788228 -0.011985101737082005 -0.05673933029174805 0.02221287414431572 -0.03344796970486641 -0.049520380795001984 -0.006047575734555721 -0.03295017033815384 -0.01315842755138874 0.009725323878228664 -0.014408303424715996 -0.05991519242525101 -0.0014611952938139439 -0.03982777148485184 -0.005021451506763697 0.00572546711191535 -0.04792279750108719 -0.016615601256489754 0.015844859182834625 -0.04901694133877754 -0.033585064113140106 0.027592632919549942 -0.04580933228135109 -0.0498075932264328 0.027867883443832397 -0.05849148705601692 -0.04530446231365204 0.023034770041704178 -0.056162506341934204 -0.03472507745027542 -0.007457531988620758 -0.03603983670473099 0.010082714259624481 0.022626377642154694 -0.033218059688806534 -0.05495531111955643 0.025743473321199417 -0.04250003769993782 -0.05607040971517563 0.029633549973368645 -0.05964343622326851 -0.05142033472657204 0.016896763816475868 -0.02488236129283905 -0.05980618670582771 -0.004678964149206877 -0.024599477648735046 -0.035107795149087906 0.03551095724105835 -0.0620732344686985 -0.04225516319274902 -0.008556553162634373 -0.011554582044482231 -0.05808708816766739 -0.016885116696357727 -0.018304049968719482 -0.047577742487192154 -0.012224568985402584 -0.027317170053720474 -0.030222393572330475 -0.009973890148103237 -0.034255411475896835 -0.008112890645861626 -0.006505752447992563 -0.012358076870441437 -0.06263424456119537 -0.04680050164461136 -0.15632130205631256 -0.08048327267169952 -0.05331354960799217 -0.16859233379364014 -0.07536430656909943 -0.045355841517448425 -0.1699938029050827 -0.07756786048412323 -0.05272488296031952 -0.1770755499601364 -0.0733218863606453 -0.05451934039592743 -0.14886905252933502 -0.07561516761779785 -0.0473954863846302 -0.14244218170642853 -0.08361025154590607 -0.04697335883975029 -0.11205756664276123 -0.08325807750225067 -0.05691253021359444 -0.16240309178829193 -0.07065491378307343 -0.06267787516117096 -0.17480522394180298 -0.06899953633546829 -0.05886353552341461 -0.19674451649188995 -0.07059522718191147 -0.07586383074522018 -0.19347135722637177 -0.062287550419569016 -0.07680897414684296 -0.17299921810626984 -0.06055368855595589 -0.059430789202451706 -0.15227973461151123 -0.06737574189901352 -0.058025285601615906 -0.13888859748840332 -0.06657984107732773 -0.051157575100660324 -0.11536169797182083 -0.07570686936378479 -0.06477062404155731 -0.13851815462112427 -0.06120342016220093 -0.059016209095716476 -0.11031852662563324 -0.05732935667037964 -0.05479581654071808 -0.11547277867794037 -0.06398751586675644 -0.0710025504231453 -0.12098792940378189 -0.05345713347196579 -0.08624503016471863 -0.13320273160934448 -0.046773284673690796 -0.08753875643014908 -0.15593035519123077 -0.05267544463276863 -0.09526189416646957 -0.13874860107898712 -0.03975389525294304 -0.09657561779022217 -0.16053609549999237 -0.04551555588841438 -0.09494531154632568 -0.11663084477186203 -0.0372130423784256 -0.09719367325305939 -0.182572141289711 -0.050583794713020325 -0.08650742471218109 -0.17358458042144775 -0.056860726326704025 -0.08724238723516464 -0.19681517779827118 -0.05920618772506714 -0.09399518370628357 -0.19613970816135406 -0.05467776581645012 -0.08648385107517242 -0.11183188855648041 -0.041214585304260254 -0.09500981867313385 -0.10410328209400177 -0.032919906079769135 -0.07245319336652756 -0.19765721261501312 -0.0649944320321083 -0.07895297557115555 -0.12191755324602127 -0.04666147753596306 -0.06757897883653641 -0.11431427299976349 -0.052160073071718216 -0.10527357459068298 -0.14971303939819336 -0.032092105597257614 -0.10345644503831863 -0.12384314090013504 -0.027701586484909058 -0.10023589432239532 -0.10613471269607544 -0.02635975554585457 -0.04755145311355591 -0.08880288898944855 -0.058498088270425797 -0.10482379049062729 -0.19312776625156403 -0.04234524443745613 -0.10988085716962814 -0.17743448913097382 -0.03227097913622856 -0.1104971170425415 -0.193708598613739 -0.034880381077528 -0.044112831354141235 -0.10115918517112732 -0.07139937579631805 -0.0394611582159996 -0.09109603613615036 -0.06919030100107193 -0.03884071111679077 -0.07724251598119736 -0.05994780734181404 -0.06001589819788933 -0.20021651685237885 -0.07245403528213501 -0.04679730162024498 -0.20076803863048553 -0.07261606305837631 -0.0447000227868557 -0.16980277001857758 -0.08049663156270981 -0.03554118797183037 -0.074029840528965 -0.06539873778820038 -0.04673931747674942 -0.10909655690193176 -0.08059465140104294 -0.04290797933936119 -0.08106110990047455 -0.05641940236091614 -0.03448507934808731 -0.06840065121650696 -0.057510994374752045 -0.0540386438369751 -0.10008774697780609 -0.05513564124703407 -0.06000995635986328 -0.10990460962057114 -0.05292702093720436 -0.10338383913040161 -0.10799939185380936 -0.007148522883653641 -0.1059250459074974 -0.11385520547628403 0.0005486900336109102 -0.10706949234008789 -0.11345122754573822 -0.0033760417718440294 -0.1106337159872055 -0.12050247192382812 0.009113072417676449 -0.11097285151481628 -0.12752319872379303 0.018733268603682518 -0.11570823192596436 -0.15162773430347443 0.020472239702939987 -0.11524786800146103 -0.12978406250476837 -7.970639853738248E-05 -0.11023052781820297 -0.11717882007360458 0.005752493627369404 -0.11114123463630676 -0.112539142370224 -0.0005655729328282177 -0.11826644837856293 -0.15473546087741852 0.002427603816613555 -0.11805407702922821 -0.18193519115447998 0.004743931815028191 -0.11377794295549393 -0.18066073954105377 0.0327797569334507 -0.11888021975755692 -0.1893114596605301 0.004616002086549997 -0.11644501239061356 -0.18901093304157257 0.029278689995408058 -0.11533422768115997 -0.18515975773334503 -0.017119508236646652 -0.11441875994205475 -0.16221068799495697 -0.01596699096262455 -0.11089485138654709 -0.14203834533691406 -0.018949072808027267 -0.1099783405661583 -0.12459221482276917 -0.011019608937203884 -0.11621557921171188 -0.19292087852954865 -0.01938685029745102 -0.12035208940505981 -0.19131803512573242 0.0025279736146330833 -0.10623452067375183 -0.11656910181045532 -0.012804670259356499 -0.1049422174692154 -0.11606717109680176 0.020876919850707054 -0.10933060944080353 -0.15121936798095703 0.03386126086115837 -0.1062212660908699 -0.15012137591838837 0.04119035601615906 -0.1036139652132988 -0.14788196980953217 0.04923378676176071 -0.10215198248624802 -0.13078851997852325 0.043206360191106796 -0.10334783792495728 -0.13866323232650757 0.03668705374002457 -0.10066689550876617 -0.12437249720096588 0.0483262725174427 -0.09925323724746704 -0.10651778429746628 0.04719776287674904 -0.09923043102025986 -0.1094449982047081 0.04087835177779198 -0.099904865026474 -0.1259230673313141 0.03294875845313072 -0.09955980628728867 -0.12827807664871216 0.039721544831991196 -0.036604464054107666 0.33055058121681213 -0.005964674521237612 -0.03847770765423775 0.3382816016674042 5.819311263621785E-05 -0.03500259667634964 0.32448816299438477 0.0006645708344876766 -0.0366748608648777 0.3282166123390198 0.010887891054153442 -0.033988337963819504 0.3172163963317871 0.007974877022206783 -0.037973061203956604 0.3226293921470642 0.021982185542583466 -0.03391531482338905 0.3103998601436615 0.013426964171230793 -0.034149497747421265 0.30069369077682495 0.01968728005886078 -0.03946714103221893 0.31142494082450867 0.03477812558412552 -0.03276117891073227 0.2900024950504303 0.02575480192899704 -0.03711015358567238 0.2971092164516449 0.03952288627624512 -0.03009241633117199 0.27278316020965576 0.033545903861522675 -0.03387974947690964 0.2781870663166046 0.044261470437049866 -0.02908708155155182 0.2597604990005493 0.04771323874592781 -0.02543555200099945 0.25707945227622986 0.03947862237691879 -0.021799834445118904 0.24084258079528809 0.045221660286188126 -0.026957174763083458 0.2498321384191513 0.051651667803525925 -0.04061908274888992 0.341675341129303 0.0014479850651696324 -0.03967483714222908 0.35186684131622314 -0.015426448546350002 -0.02582012675702572 0.23854878544807434 0.05459566414356232 -0.03849373385310173 0.34091129899024963 -0.019664887338876724 -0.038318391889333725 0.3487798273563385 -0.028012413531541824 -0.03659011051058769 0.3420323133468628 -0.027685219421982765 -0.0385546013712883 0.3333891034126282 -0.010819397866725922 -0.038882311433553696 0.32898008823394775 0.014830871485173702 -0.03658584877848625 0.3578498363494873 -0.024005429819226265 -0.024458441883325577 0.23523230850696564 0.05623641237616539 -0.019218208268284798 0.23558174073696136 0.04661182686686516 -0.0178582314401865 0.22475942969322205 0.0513000413775444 -0.01881442405283451 0.21766264736652374 0.05708799511194229 -0.039016831666231155 0.3606393039226532 -0.023863347247242928 -0.03255389258265495 0.3378455638885498 -0.018352918326854706 -0.12752778828144073 0.294679194688797 -0.07935352623462677 -0.12950995564460754 0.27631592750549316 -0.08085940778255463 -0.1361120343208313 0.28266388177871704 -0.0679221823811531 -0.13157165050506592 0.3027327358722687 -0.0662175640463829 -0.13085509836673737 0.2613931894302368 -0.0774836614727974 -0.13690237700939178 0.26527857780456543 -0.06294775754213333 -0.13387466967105865 0.24983300268650055 -0.06279775500297546 -0.13982367515563965 0.28008922934532166 -0.0490688718855381 -0.12941588461399078 0.2550486922264099 -0.07752341777086258 -0.136452317237854 0.2993875741958618 -0.048696864396333694 -0.13700665533542633 0.260711133480072 -0.051469139754772186 -0.13842140138149261 0.28897908329963684 -0.03731793165206909 -0.1364383101463318 0.26762357354164124 -0.03722766414284706 -0.1326656937599182 0.24705888330936432 -0.051777709275484085 -0.1355241984128952 0.2846071422100067 -0.025744915008544922 -0.12959319353103638 0.31251218914985657 -0.05019744858145714 -0.1305578500032425 0.3101538419723511 -0.03612692654132843 -0.13111859560012817 0.30215486884117126 -0.024095846340060234 -0.12398919463157654 0.31168052554130554 -0.06623111665248871 -0.11137383431196213 0.3122953772544861 -0.0793890431523323 -0.11333700269460678 0.3214848041534424 -0.06319582462310791 0.10591628402471542 0.24320681393146515 -0.010919438675045967 0.11342418938875198 0.24573934078216553 -0.01063032727688551 0.10574829578399658 0.2505786418914795 0.0006560354959219694 0.10032250732183456 0.24112042784690857 -0.01224003080278635 0.09514953196048737 0.24893984198570251 0.008967755362391472 0.11300823837518692 0.2606034278869629 0.005311815999448299 0.12719205021858215 0.26142632961273193 -0.009644377045333385 0.09765110909938812 0.23764337599277496 -0.013379762880504131 0.09176444262266159 0.26247283816337585 0.021702341735363007 0.12585854530334473 0.2488325834274292 -0.01733458787202835 0.11131685227155685 0.27214083075523376 0.013261564075946808 0.12358500063419342 0.275085985660553 0.0039053354412317276 0.1340377777814865 0.25049495697021484 -0.02792597934603691 0.11172907799482346 0.28415900468826294 0.01681460812687874 0.1251322627067566 0.2838249206542969 0.004915818106383085 0.018135862424969673 -0.19892185926437378 -0.06554803997278214 0.021972186863422394 -0.19683818519115448 -0.058556415140628815 0.012921709567308426 -0.19993136823177338 -0.0575442872941494 0.0015146828955039382 -0.2049618363380432 -0.051661744713783264 0.008425037376582623 -0.20206715166568756 -0.07023061066865921 0.005815001670271158 -0.20165452361106873 -0.07585771381855011 0.026495926082134247 -0.20188482105731964 -0.07010620087385178 0.023862676694989204 -0.20175842940807343 -0.07632508128881454 0.03555885702371597 -0.20205295085906982 -0.06337109208106995 -0.0003833563532680273 -0.20466357469558716 -0.05261457711458206 0.04047797992825508 -0.20139744877815247 -0.054200559854507446 0.046001777052879333 -0.2016073614358902 -0.056468263268470764 0.06119732931256294 -0.20405979454517365 -0.051811445504426956 0.02843966893851757 -0.19758057594299316 -0.05957752466201782 0.05439034476876259 -0.2012816071510315 -0.0493461899459362 0.0027419202961027622 -0.20249302685260773 -0.04675658792257309 -0.007490312214940786 -0.20256051421165466 -0.04832793027162552 0.18526983261108398 -0.05344351381063461 -0.008514922112226486 0.17746971547603607 -0.06270081549882889 -0.006996257230639458 0.18491309881210327 -0.06546825170516968 -0.008743038401007652 0.1806277632713318 -0.07679465413093567 -0.009991893544793129 0.1651005893945694 -0.07529429346323013 -0.011625354178249836 0.17667828500270844 -0.07895037531852722 -0.011287648230791092 0.16728326678276062 -0.06593678146600723 -0.0109232347458601 0.18203690648078918 -0.046651121228933334 -0.010107889771461487 0.18522988259792328 -0.04847356677055359 -0.009133742190897465 0.192574605345726 -0.05664294958114624 -0.012123040854930878 0.19066332280635834 -0.04493071883916855 -0.009758943691849709 0.18825891613960266 -0.06890309602022171 -0.01197569165378809 0.1940835565328598 -0.04355422034859657 -0.013776283711194992 0.19209438562393188 -0.03376489505171776 -0.012779035605490208 0.1921459287405014 -0.016836563125252724 -0.011776752769947052 0.03121330961585045 0.30300506949424744 0.03503689542412758 0.03244233503937721 0.30340465903282166 0.04723508283495903 0.02903980016708374 0.30080974102020264 0.04105119779706001 0.02874922566115856 0.30090779066085815 0.04896059259772301 0.02309497818350792 0.29308798909187317 0.04940827190876007 0.017112206667661667 0.28412553668022156 0.05219521373510361 0.021927373483777046 0.2791822850704193 0.040213920176029205 0.028198305517435074 0.2892189025878906 0.03504296764731407 0.014613533392548561 0.26632964611053467 0.044107772409915924 0.008618365973234177 0.2703378200531006 0.054430730640888214 0.00875968486070633 0.25281479954719543 0.04808046668767929 0.0003138152533210814 0.25299111008644104 0.05686566233634949 0.0024470577482134104 0.24253445863723755 0.05150454118847847 -0.0026705970522016287 0.23019267618656158 0.0550055205821991 0.042698413133621216 0.3061669170856476 0.04224357753992081 0.037829771637916565 0.3008415400981903 0.029601577669382095 0.05059622973203659 0.3060973286628723 0.03320566564798355 0.04893336072564125 0.30274924635887146 0.02875616028904915 0.05153847485780716 0.3083091378211975 0.027590174227952957 0.0272004883736372 0.39029547572135925 -0.05885722488164902 0.03622564300894737 0.38795989751815796 -0.05800987780094147 0.03332913666963577 0.38314926624298096 -0.05737936124205589 0.022594459354877472 0.38549286127090454 -0.05813869088888168 0.027607383206486702 0.37960579991340637 -0.056344445794820786 0.0342169925570488 0.39223456382751465 -0.05959053337574005 0.02169400081038475 0.37835001945495605 -0.0584193579852581 0.0020212314557284117 -0.1664348840713501 0.10948178917169571 0.003652973799034953 -0.19428689777851105 0.11440078914165497 0.004738077521324158 -0.19442406296730042 0.1211148053407669 0.003797448705881834 -0.17265136539936066 0.11875665932893753 0.0013494085287675261 -0.15811516344547272 0.11232027411460876 0.0017097170930355787 -0.14172060787677765 0.10719960927963257 0.00046465598279610276 -0.12383538484573364 0.11302407830953598 0.0003019495925400406 -0.11921011656522751 0.10956249386072159 -0.002138837706297636 -0.09284992516040802 0.11130813509225845 -0.0032286057248711586 -0.08841120451688766 0.10708104074001312 -0.007503591012209654 -0.06656332314014435 0.10772847384214401 -0.007616470567882061 -0.06574516743421555 0.10345333069562912 -0.009868537075817585 -0.04719145596027374 0.09992771595716476 -0.011523773893713951 -0.037487439811229706 0.10427888482809067 -0.013323054648935795 -0.03555269539356232 0.10063859820365906 0.00420399522408843 -0.14225850999355316 0.11825180798768997 -0.054479893296957016 -0.06349488347768784 0.04781489819288254 -0.046784501522779465 -0.07578781992197037 0.051886510103940964 -0.04985648766160011 -0.06324614584445953 0.04838632792234421 -0.06082170829176903 -0.07367528975009918 0.043249864131212234 -0.061900168657302856 -0.074720099568367 0.06006728112697601 -0.07738889753818512 -0.08788217604160309 0.06258843094110489 -0.07577038556337357 -0.0754663273692131 0.058352988213300705 -0.07033216208219528 -0.07075251638889313 0.06040194258093834 -0.12252121418714523 -0.48067447543144226 0.09297215193510056 -0.12983188033103943 -0.48047539591789246 0.09007033705711365 -0.1328130066394806 -0.48854589462280273 0.08995357155799866 -0.11151053756475449 -0.489061176776886 0.09333690255880356 -0.1107284352183342 -0.48093900084495544 0.0912761315703392 -0.12371829152107239 -0.46803387999534607 0.0841555967926979 -0.11029598116874695 -0.4749833643436432 0.08701295405626297 -0.11320773512125015 -0.46810683608055115 0.08247525990009308 -0.10182864964008331 -0.4758622646331787 0.08155810087919235 -0.10064647346735 -0.46919119358062744 0.06907450407743454 -0.09309620410203934 -0.4784278869628906 0.06791071593761444 -0.09129073470830917 -0.4678451120853424 0.04491958022117615 -0.09880591183900833 -0.4608320891857147 0.04411439970135689 -0.08997922390699387 -0.4563918709754944 0.027460917830467224 -0.0952560305595398 -0.45354461669921875 0.03123185783624649 -0.09457696974277496 -0.4406185448169708 0.019605442881584167 -0.08597775548696518 -0.445833295583725 0.014015027321875095 -0.10904088616371155 -0.46298840641975403 0.0533590242266655 -0.12184816598892212 -0.4642964005470276 0.05364589765667915 -0.10743021965026855 -0.4598722457885742 0.04387519136071205 -0.12142320722341537 -0.4610312879085541 0.0398993119597435 -0.13349464535713196 -0.4699789583683014 0.07622664421796799 -0.13271471858024597 -0.4676196277141571 0.04203784838318825 -0.12673760950565338 -0.46090513467788696 0.021270789206027985 -0.1189824789762497 -0.4554902911186218 0.029904328286647797 -0.10761918872594833 -0.45314571261405945 0.030789783224463463 -0.11477061361074448 -0.4484790563583374 0.02126913145184517 -0.141446053981781 -0.47526466846466064 0.048016924411058426 -0.12316431850194931 -0.4557642638683319 0.011314810253679752 -0.14156220853328705 -0.477804034948349 0.07010389864444733 -0.14084848761558533 -0.4778802692890167 0.02818247675895691 -0.11390513926744461 -0.44178342819213867 0.0061287167482078075 -0.10802911221981049 -0.43955063819885254 0.014190752990543842 -0.10417657345533371 -0.4387112259864807 0.017231956124305725 -0.13489261269569397 -0.4775921106338501 0.08332620561122894 -0.15122078359127045 -0.060243669897317886 -0.03059837967157364 -0.14747971296310425 -0.0662602037191391 -0.027167625725269318 -0.14769692718982697 -0.05771315470337868 -0.04199174791574478 -0.15584959089756012 -0.05259170010685921 -0.04081252962350845 -0.14002668857574463 -0.06574815511703491 -0.03406386822462082 -0.16316868364810944 -0.054455384612083435 -0.03164467215538025 -0.1547001153230667 -0.06226087361574173 -0.02715570479631424 -0.14194448292255402 -0.061959829181432724 -0.048098620027303696 -0.14475762844085693 -0.054606519639492035 -0.05133470520377159 -0.1511804759502411 -0.049123018980026245 -0.049268126487731934 -0.15259042382240295 -0.043328430503606796 -0.05700622871518135 -0.1622547209262848 -0.045598261058330536 -0.03923157602548599 -0.16249334812164307 -0.043291423469781876 -0.04710124433040619 -0.17004303634166718 -0.04973627254366875 -0.032497625797986984 -0.15615101158618927 -0.050821077078580856 -0.04678400233387947 -0.144631028175354 -0.06742482632398605 -0.021943537518382072 -0.1596945822238922 -0.058462101966142654 -0.020019343122839928 -0.15205880999565125 -0.06890980899333954 -0.013143409974873066 -0.168489009141922 -0.053316980600357056 -0.017384743317961693 -0.16517597436904907 -0.05332722142338753 -0.029301904141902924 -0.14393916726112366 -0.0706392228603363 -0.020133737474679947 -0.16143803298473358 -0.057447053492069244 -0.026536162942647934 -0.1691810041666031 -0.04683122783899307 -0.026413744315505028 -0.17525310814380646 -0.042357828468084335 -0.016353320330381393 -0.15404091775417328 -0.040839292109012604 -0.05445152148604393 -0.16017144918441772 -0.0361834391951561 -0.04981653019785881 -0.15695396065711975 -0.023765426129102707 -0.0640714094042778 -0.1463894546031952 -0.07022710889577866 -0.026879040524363518 -0.16509193181991577 -0.03771727532148361 -0.03961821272969246 -0.13918738067150116 -0.0685209333896637 -0.04073250666260719 -0.15914952754974365 -0.01967696286737919 -0.052074044942855835 -0.1511339396238327 -0.07349592447280884 -0.01418396644294262 -0.17409345507621765 -0.050453897565603256 -0.015853948891162872 -0.14150622487068176 -0.07213065028190613 -0.03312905877828598 -0.15427465736865997 -0.043317362666130066 -0.06079356372356415 -0.15896375477313995 -0.021679550409317017 0.001956479623913765 -0.15335117280483246 -0.017236601561307907 0.0006987199303694069 -0.14755336940288544 -0.02868744172155857 0.0012649247655645013 -0.15515752136707306 -0.029281875118613243 0.0048807659186422825 -0.13926568627357483 -0.040197890251874924 0.0022081658244132996 -0.1431470513343811 -0.04225106164813042 0.004121801815927029 -0.16848814487457275 -0.009598782286047935 -0.006477121729403734 -0.1604529470205307 -0.0035483126994222403 -0.005989177618175745 -0.17347730696201324 -0.00805577915161848 -0.01013956405222416 -0.1369747668504715 -0.04916966333985329 -0.0013469015248119831 -0.1323847621679306 -0.04823537543416023 -0.002624599961563945 -0.00742049515247345 -0.009847082197666168 -0.06762184947729111 -0.000487628421979025 -0.019901305437088013 -0.07119030505418777 -0.0017144139856100082 -0.02449098974466324 -0.06676861643791199 -0.0004926837282255292 0.0013129645958542824 -0.07333993911743164 0.0012475861003622413 -0.024969901889562607 -0.07267273217439651 -4.550043377093971E-05 -0.05511314049363136 -0.07214967161417007 0.0029844986274838448 -0.063019759953022 -0.07598145306110382 0.001676066080108285 -0.072238989174366 -0.0764772966504097 0.002630440518260002 -0.09762663394212723 -0.08003086596727371 -0.006505752447992563 -0.012358076870441437 -0.06263424456119537 0.0017487811855971813 -0.0956963375210762 -0.07764837145805359 0.0031234652269631624 -0.1287638545036316 -0.07975040376186371 0.0023203548043966293 -0.14610426127910614 -0.07715665549039841 0.0054992795921862125 -0.16790486872196198 -0.07829601317644119 0.0031663975678384304 -0.18440043926239014 -0.07583361864089966 -0.0005564176244661212 -0.16951210796833038 -0.051457103341817856 0.000575803394895047 -0.09754974395036697 -0.05721060186624527 0.0019483150681480765 -0.15930379927158356 -0.06143413484096527 0.002331105060875416 -0.12512388825416565 -0.0672980323433876 0.0023376946337521076 -0.08160657435655594 -0.06315970420837402 -0.0004433007852640003 -0.1917848438024521 -0.0566851906478405 -0.0003833563532680273 -0.20466357469558716 -0.05261457711458206 0.0011891077738255262 -0.09006345272064209 -0.05515797808766365 0.0009220213978551328 -0.0640191063284874 -0.0646132305264473 0.005815001670271158 -0.20165452361106873 -0.07585771381855011 -0.0035270079970359802 -0.19485953450202942 -0.04960518702864647 -0.0033504448365420103 -0.17296737432479858 -0.046356480568647385 -0.002473308239132166 -0.16632185876369476 -0.04767048358917236 -0.0029769570101052523 -0.10834889858961105 -0.050073862075805664 -0.002670596819370985 -0.09365022927522659 -0.04869905859231949 -0.004799416288733482 -0.10808217525482178 -0.04855926334857941 -0.004805035423487425 -0.16479933261871338 -0.04672553390264511 0.002913327421993017 0.36462539434432983 0.01567818969488144 0.0037214532494544983 0.36447831988334656 0.0333581268787384 -0.0027650310657918453 0.36141741275787354 0.03137136623263359 0.01073820237070322 0.3686869144439697 0.012647511437535286 -0.0032308807130903006 0.3622320890426636 0.01700085774064064 0.013130342587828636 0.37234947085380554 0.022808777168393135 0.021812688559293747 0.3789251446723938 0.005566263105720282 0.02581023797392845 0.3861650228500366 0.012749525718390942 0.007144078146666288 0.3693867325782776 0.03487801551818848 0.02980910614132881 0.3910370469093323 -0.0021190280094742775 -0.0009688839199952781 0.36748480796813965 0.040353380143642426 0.030454624444246292 0.38818272948265076 -0.018604306504130363 0.027628710493445396 0.3872785270214081 -0.011242168955504894 0.029080120846629143 0.3777003884315491 -0.019316179677844048 0.025558046996593475 0.3716886341571808 -0.013042805716395378 0.0281237680464983 0.3700222969055176 -0.01998496986925602 0.03122769296169281 0.37322983145713806 -0.026301424950361252 0.030577905476093292 0.3967735469341278 -0.015659838914871216 0.032662197947502136 0.3977523446083069 -0.020168108865618706 0.036141544580459595 0.3840593993663788 -0.02622823975980282 0.034156836569309235 0.4006112515926361 -0.017528126016259193 0.0262749046087265 0.375620037317276 -0.007661526557058096 0.02506474032998085 0.37268155813217163 -0.002077758312225342 0.028686024248600006 0.36123788356781006 -0.012482416816055775 0.022744085639715195 0.34920334815979004 0.0011754415463656187 0.019711507484316826 0.36891090869903564 0.005132341757416725 0.032095108181238174 0.36286765336990356 -0.022448299452662468 0.016031507402658463 0.34261828660964966 0.0064065707847476006 0.02948138676583767 0.3707593083381653 -0.032103750854730606 0.028541840612888336 0.3678416609764099 -0.03494224697351456 0.18081459403038025 -0.047774508595466614 -0.04077577963471413 0.18071885406970978 -0.056658606976270676 -0.036482036113739014 0.16921451687812805 -0.06416419893503189 -0.03686884418129921 0.18740107119083405 -0.044230490922927856 -0.03675580397248268 0.18988674879074097 -0.02756650745868683 -0.0393654927611351 0.1814906746149063 -0.03619834780693054 -0.04214216768741608 0.18666915595531464 -0.02025359682738781 -0.04546297714114189 0.16891397535800934 -0.055856458842754364 -0.03831629827618599 0.16484299302101135 -0.0648455023765564 -0.036951638758182526 0.1616445928812027 -0.07312683761119843 -0.034264951944351196 0.17300492525100708 -0.06903980672359467 -0.027081429958343506 0.18014343082904816 -0.06383584439754486 -0.026197152212262154 0.18593786656856537 -0.05527718737721443 -0.025843698531389236 0.16749811172485352 -0.07419617474079132 -0.023299211636185646 0.15818455815315247 0.3079938292503357 -0.0789991170167923 0.1472884863615036 0.3053992986679077 -0.08197379857301712 0.15862898528575897 0.30980879068374634 -0.06878955662250519 0.14705133438110352 0.3065529465675354 -0.07018271833658218 0.15714222192764282 0.3068749010562897 -0.05767643079161644 0.14759114384651184 0.30108004808425903 -0.057326313108205795 0.1577497124671936 0.30292314291000366 -0.08802197128534317 0.16535510122776031 0.3055082857608795 -0.0786968246102333 0.16705633699893951 0.3053654432296753 -0.06810828298330307 0.14544357359409332 0.2953137457370758 -0.09143336862325668 0.16358210146427155 0.29893821477890015 -0.08902408927679062 0.15576201677322388 0.2936856150627136 -0.09377613663673401 0.16571973264217377 0.3015802502632141 -0.05781799927353859 0.16215766966342926 0.28549501299858093 -0.09535975009202957 0.1474505513906479 0.2806771993637085 -0.09600359946489334 0.15881168842315674 0.27908700704574585 -0.09701638668775558 0.1435229480266571 0.24206390976905823 -0.05929488688707352 0.14961950480937958 0.23057599365711212 -0.06644105166196823 0.14548110961914062 0.2273164987564087 -0.05857326090335846 0.14686627686023712 0.24647261202335358 -0.0679154321551323 0.15408855676651 0.23247826099395752 -0.0722285583615303 0.15012884140014648 0.24738751351833344 -0.07232128083705902 0.1545514464378357 0.24296081066131592 -0.07991249114274979 0.14708879590034485 0.257392019033432 -0.08201897144317627 0.14562436938285828 0.25352761149406433 -0.0734892189502716 0.13746967911720276 0.26211974024772644 -0.07823068648576736 0.14225614070892334 0.26467621326446533 -0.08354989439249039 0.1502637416124344 0.2548615634441376 -0.09114285558462143 0.14453119039535522 0.27379661798477173 -0.09283069521188736 0.15445739030838013 0.24155408143997192 -0.08763714879751205 0.13817676901817322 0.2769182622432709 -0.07979436218738556 0.15805867314338684 0.23179849982261658 -0.08008451014757156 0.15874269604682922 0.2297022044658661 -0.08283773809671402 0.16159583628177643 0.22471551597118378 -0.0736464187502861 0.16228312253952026 0.22707213461399078 -0.08435570448637009 0.13175055384635925 0.2679916024208069 -0.061077918857336044 0.16160210967063904 0.21946319937705994 -0.078705795109272 0.1591120809316635 0.21127673983573914 -0.06482537090778351 0.16119523346424103 0.20790617167949677 -0.06720758974552155 0.15172620117664337 0.20264460146427155 -0.052019696682691574 0.15357555449008942 0.19949300587177277 -0.05519028380513191 0.14544357359409332 0.2953137457370758 -0.09143336862325668 0.13933278620243073 0.28749388456344604 -0.08034128695726395 0.1474505513906479 0.2806771993637085 -0.09600359946489334 0.13717323541641235 0.28518274426460266 -0.06752959638834 0.13265585899353027 0.26138579845428467 -0.06820722669363022 0.13871954381465912 0.2552756369113922 -0.07221949845552444 0.1472884863615036 0.3053992986679077 -0.08197379857301712 0.14705133438110352 0.3065529465675354 -0.07018271833658218 0.1368250548839569 0.2810814678668976 -0.0549035519361496 0.13226181268692017 0.27090856432914734 -0.05439791455864906 0.16040892899036407 0.2107536941766739 -0.05981158837676048 0.14759114384651184 0.30108004808425903 -0.057326313108205795 0.15357555449008942 0.19949300587177277 -0.05519028380513191 0.15855909883975983 0.19322259724140167 -0.05112607032060623 0.14896364510059357 0.18861952424049377 -0.04959508776664734 0.14665043354034424 0.19758707284927368 -0.05320825055241585 0.16810311377048492 0.2190658003091812 -0.07805430889129639 0.16812343895435333 0.21072036027908325 -0.06973825395107269 0.16119523346424103 0.20790617167949677 -0.06720758974552155 0.16160210967063904 0.21946319937705994 -0.078705795109272 0.16403932869434357 0.20211416482925415 -0.06204793229699135 0.16228312253952026 0.22707213461399078 -0.08435570448637009 0.1636764258146286 0.19409558176994324 -0.050059083849191666 0.16439203917980194 0.2343984991312027 -0.08741842955350876 0.15825101733207703 0.2487056404352188 -0.0926436334848404 0.15445739030838013 0.24155408143997192 -0.08763714879751205 0.1502637416124344 0.2548615634441376 -0.09114285558462143 0.1474505513906479 0.2806771993637085 -0.09600359946489334 0.14453119039535522 0.27379661798477173 -0.09283069521188736 0.15881168842315674 0.27908700704574585 -0.09701638668775558 0.1633034646511078 0.25749337673187256 -0.09286563843488693 0.16726362705230713 -0.01774933561682701 0.007372599560767412 0.1674218475818634 -0.02349049225449562 0.015038949437439442 0.15925715863704681 -0.030141757801175117 0.014751706272363663 0.1767963021993637 -0.008285028859972954 0.006895244121551514 0.16636034846305847 -0.012983959168195724 0.001982670510187745 0.18007072806358337 -0.00211079022847116 -0.0017041064566001296 0.15545766055583954 -0.03493574634194374 0.020795946940779686 0.18278735876083374 -1.1086554877692834E-05 0.00876857154071331 0.18252237141132355 0.002389372093603015 -0.00298096495680511 0.1761934906244278 -0.009069161489605904 0.018403049558401108 0.16501282155513763 -0.025199420750141144 0.02381528913974762 0.1566593199968338 -0.03044900670647621 0.026396747678518295 0.15385748445987701 -0.029347026720643044 0.0148293012753129 0.17208875715732574 -0.010132256895303726 -0.00121563661377877 0.042979925870895386 0.4202970862388611 -0.047162946313619614 0.04292873665690422 0.41464245319366455 -0.04022814705967903 0.04206116870045662 0.40974634885787964 -0.03852853551506996 0.039769090712070465 0.405290812253952 -0.047322142869234085 0.046108096837997437 0.4218176603317261 -0.0414586067199707 0.04333285987377167 0.410289466381073 -0.05007174238562584 0.040097273886203766 0.4047662317752838 -0.05406595394015312 0.03856705129146576 0.3976440727710724 -0.04873417690396309 0.04366614669561386 0.4160909056663513 -0.0493643619120121 0.04695848375558853 0.4285624623298645 -0.04915454238653183 0.04464571550488472 0.39425888657569885 -0.05440722033381462 0.03920898213982582 0.3909403681755066 -0.05130307003855705 0.03999787196516991 0.39003053307533264 -0.046030983328819275 0.03622564300894737 0.38795989751815796 -0.05800987780094147 0.0391683503985405 0.38486072421073914 -0.051888272166252136 0.04216846451163292 0.38829201459884644 -0.04908854514360428 0.0377650186419487 0.405956506729126 -0.06249871850013733 0.033751532435417175 0.40090203285217285 -0.059004392474889755 0.035604942589998245 0.39528191089630127 -0.06365057826042175 0.0342169925570488 0.39223456382751465 -0.05959053337574005 0.03800730034708977 0.40574729442596436 -0.05654109641909599 0.03874090686440468 0.4093385338783264 -0.05907159671187401 0.03527398407459259 0.41242945194244385 -0.05615103989839554 0.03838019073009491 0.435417115688324 -0.05979372188448906 0.042061787098646164 0.4310777485370636 -0.053808026015758514 0.03547362610697746 0.4213863015174866 -0.06043563410639763 0.0439462810754776 0.4551887810230255 -0.049465928226709366 0.03663397207856178 0.4511035084724426 -0.059991706162691116 0.03853122517466545 0.46889105439186096 -0.04904812201857567 0.03253268823027611 0.4707057476043701 -0.055059999227523804 0.034270044416189194 0.4120931625366211 -0.062319058924913406 0.03230888023972511 0.40378010272979736 -0.06780284643173218 0.032509662210941315 0.4134615361690521 -0.06645981222391129 0.03146982938051224 0.4062245190143585 -0.07035697996616364 0.03817007690668106 0.4167565107345581 -0.06338659673929214 0.044048380106687546 0.4497057795524597 -0.045963190495967865 0.0470217727124691 0.4337955713272095 -0.03782074153423309 0.045266132801771164 0.4355810582637787 -0.04765057563781738 0.0480264276266098 0.4523042142391205 -0.032741762697696686 0.03999809920787811 0.4656313955783844 -0.044955648481845856 0.043110441416502 0.46745043992996216 -0.033689480274915695 0.03620835766196251 0.4801453649997711 -0.0336918830871582 0.037658751010894775 0.4766263961791992 -0.01941145397722721 0.04370151832699776 0.4650716781616211 -0.02178359217941761 0.044684167951345444 0.45912593603134155 -0.02819802425801754 0.045062605291604996 0.4537349343299866 -0.019950764253735542 0.050541628152132034 0.4458986222743988 -0.03189586475491524 0.031033778563141823 0.47978004813194275 -0.04471758008003235 0.028673924505710602 0.48258933424949646 -0.048957403749227524 0.02613050863146782 0.4912439286708832 -0.033463768661022186 0.027224572375416756 0.4900156259536743 -0.021361788734793663 0.034444887191057205 0.4801826775074005 -0.016629384830594063 0.04093877226114273 0.46662092208862305 -0.0076851616613566875 0.03218736872076988 0.4839905798435211 -0.009693227708339691 0.03809313476085663 0.47103843092918396 -0.004554539453238249 0.031244682148098946 0.4798530638217926 0.007725773844867945 0.02262798324227333 0.492418497800827 -0.01763555407524109 0.02510036528110504 0.4903458058834076 -0.0022531170397996902 0.024701494723558426 0.4876049757003784 0.00851034838706255 0.025632763281464577 0.49067696928977966 -0.010158800520002842 0.020160121843218803 0.48936915397644043 -0.04380651190876961 0.017048820853233337 0.4926144778728485 -0.04721563309431076 0.014320927672088146 0.49424323439598083 -0.03894979879260063 0.01607060804963112 0.49686846137046814 -0.009066046215593815 0.013579742051661015 0.4981990158557892 -0.002188490703701973 0.02050171047449112 0.4953858256340027 -0.021810010075569153 0.020736495032906532 0.49369651079177856 -0.02857249230146408 0.012763948179781437 0.4974338710308075 -0.03269738703966141 0.018127316609025 0.48582667112350464 -0.05621733143925667 0.024918684735894203 0.47240087389945984 -0.06392126530408859 0.03385331854224205 0.4627358615398407 -0.062025316059589386 0.035973839461803436 0.44762998819351196 -0.06526540219783783 0.0374443456530571 0.43322980403900146 -0.06521211564540863 0.03564916551113129 0.4225511848926544 -0.06367938220500946 0.010111558251082897 0.4968923032283783 0.009159749373793602 0.014781421050429344 0.4908679723739624 0.018803047016263008 0.023113925009965897 0.48001569509506226 0.020955275744199753 0.011810489930212498 0.47902899980545044 -0.06613506376743317 0.04292873665690422 0.41464245319366455 -0.04022814705967903 0.05238849297165871 0.4170445501804352 -0.04087027534842491 0.04905034974217415 0.40422478318214417 -0.0403878279030323 0.046108096837997437 0.4218176603317261 -0.0414586067199707 0.04206116870045662 0.40974634885787964 -0.03852853551506996 0.052823249250650406 0.40449291467666626 -0.03755635768175125 0.05192764848470688 0.3955806791782379 -0.03950725495815277 0.03856705129146576 0.3976440727710724 -0.04873417690396309 0.039769090712070465 0.405290812253952 -0.047322142869234085 0.052279993891716 0.4250822961330414 -0.0365050844848156 0.05258781835436821 0.4303498864173889 -0.03635004162788391 0.0470217727124691 0.4337955713272095 -0.03782074153423309 0.050541628152132034 0.4458986222743988 -0.03189586475491524 -0.012224568985402584 -0.027317170053720474 -0.030222393572330475 -0.009973890148103237 -0.034255411475896835 -0.008112890645861626 -0.01656247116625309 -0.031517382711172104 -0.02854490838944912 -0.016885116696357727 -0.018304049968719482 -0.047577742487192154 -0.023126108571887016 -0.031361065804958344 -0.043971024453639984 -0.014784093014895916 -0.046868856996297836 -0.005226603709161282 -0.02071978710591793 -0.044731564819812775 -0.025858039036393166 -0.024272236973047256 -0.03285923972725868 -0.049187399446964264 0.16516366600990295 -0.04490431770682335 -0.0488201379776001 0.15097035467624664 -0.05719315633177757 -0.045142512768507004 0.15365299582481384 -0.058400604873895645 -0.039719708263874054 0.16683652997016907 -0.049743443727493286 -0.04202445223927498 0.17538374662399292 -0.04617616906762123 -0.04148716852068901 0.16814255714416504 -0.039625849574804306 -0.048039328306913376 0.1712792068719864 -0.027512548491358757 -0.04589574411511421 0.17711293697357178 -0.03333558142185211 -0.04033892974257469 0.16879728436470032 -0.020495081320405006 -0.05060811713337898 0.1814906746149063 -0.03619834780693054 -0.04214216768741608 0.17107392847537994 -0.055700160562992096 -0.041704632341861725 0.16104230284690857 -0.05737580731511116 -0.038900431245565414 0.15962857007980347 -0.06371762603521347 -0.038542211055755615 -0.047331228852272034 -0.18807555735111237 0.10217984765768051 -0.03751053288578987 -0.1859445422887802 0.1033170074224472 -0.03713840991258621 -0.18676170706748962 0.10776803642511368 -0.050074249505996704 -0.19153064489364624 0.11243464797735214 -0.054628144949674606 -0.19091251492500305 0.10037871450185776 -0.06637714058160782 -0.1915404051542282 0.10382450371980667 -0.06934653222560883 -0.19030340015888214 0.08733657002449036 -0.09801330417394638 -0.1898895651102066 0.07664137333631516 -0.09423696249723434 -0.18963037431240082 0.0647134780883789 -0.12031959742307663 -0.18918286263942719 0.03827735781669617 -0.1024051234126091 -0.18890142440795898 0.05505850538611412 -0.08515390008687973 -0.1891908049583435 0.07168303430080414 -0.07621412724256516 -0.18835408985614777 0.0779399499297142 -0.11361460387706757 -0.19431519508361816 -0.04593267664313316 -0.09399518370628357 -0.19613970816135406 -0.05467776581645012 -0.1104971170425415 -0.193708598613739 -0.034880381077528 -0.12116523087024689 -0.19334833323955536 -0.03440840169787407 -0.10331807285547256 -0.19567617774009705 -0.061140693724155426 -0.08724238723516464 -0.19681517779827118 -0.05920618772506714 -0.08619962632656097 -0.1977303922176361 -0.0822073221206665 -0.07245319336652756 -0.19765721261501312 -0.0649944320321083 -0.11621557921171188 -0.19292087852954865 -0.01938685029745102 -0.1257249265909195 -0.19271454215049744 -0.01699313148856163 -0.06733599305152893 -0.20024167001247406 -0.08513770997524261 -0.12035208940505981 -0.19131803512573242 0.0025279736146330833 -0.13013051450252533 -0.19030478596687317 0.0009718721848912537 -0.06001589819788933 -0.20021651685237885 -0.07245403528213501 -0.04771021008491516 -0.2008858472108841 -0.08861303329467773 -0.05635356158018112 -0.20097492635250092 -0.0966300293803215 -0.04679730162024498 -0.20076803863048553 -0.07261606305837631 -0.04232697933912277 -0.2012750655412674 -0.08054673671722412 -0.03426338732242584 -0.20133066177368164 -0.07504506409168243 -0.03182150423526764 -0.20199622213840485 -0.06816558539867401 -0.02002720721065998 -0.20244745910167694 -0.06936916708946228 -0.022035442292690277 -0.20232796669006348 -0.06429794430732727 -0.012498083524405956 -0.20567400753498077 -0.05283953994512558 -0.05305325984954834 -0.20051251351833344 -0.09788867086172104 -0.12546241283416748 -0.18795141577720642 0.034192170947790146 -0.11644501239061356 -0.18901093304157257 0.029278689995408058 -0.11010199040174484 -0.18920767307281494 0.043541669845581055 -0.0763617753982544 -0.19834531843662262 -0.0860309973359108 -0.06297647207975388 -0.1996580958366394 -0.09244951605796814 -0.11256520450115204 -0.1884670853614807 0.05575641989707947 -0.017248015850782394 -0.2021569460630417 -0.05177212879061699 -0.018770139664411545 -0.20316681265830994 -0.0440225787460804 -0.007490312214940786 -0.20256051421165466 -0.04832793027162552 -0.14559306204319 0.21372680366039276 -0.07208198308944702 -0.15097570419311523 0.20216980576515198 -0.0743008702993393 -0.14534761011600494 0.21270184218883514 -0.06237184256315231 -0.1499781310558319 0.20194362103939056 -0.06880256533622742 -0.14622651040554047 0.20099322497844696 -0.06161389872431755 -0.138240784406662 0.21306273341178894 -0.06167649105191231 -0.1284220963716507 0.2338193953037262 -0.0978890135884285 -0.13486573100090027 0.21594995260238647 -0.09731565415859222 -0.13442616164684296 0.23955239355564117 -0.0797567367553711 -0.12941588461399078 0.2550486922264099 -0.07752341777086258 -0.1358017474412918 0.19762636721134186 -0.10603539645671844 -0.1400679349899292 0.19011926651000977 -0.10089202970266342 -0.13772571086883545 0.2158370018005371 -0.08767746388912201 -0.14335012435913086 0.1994837522506714 -0.07841121405363083 -0.1421034038066864 0.18906354904174805 -0.0921957716345787 -0.139877051115036 0.21321514248847961 -0.07794590294361115 -0.13387466967105865 0.24983300268650055 -0.06279775500297546 -0.14852848649024963 0.1831430047750473 -0.08175545930862427 -0.14500267803668976 0.19635112583637238 -0.07209217548370361 -0.14847122132778168 0.18794436752796173 -0.06819014251232147 -0.15145619213581085 0.16893614828586578 -0.06787212193012238 -0.14949221909046173 0.16738611459732056 -0.08420158177614212 -0.1534121185541153 0.1641789972782135 -0.06755148619413376 -0.15429161489009857 0.14832590520381927 -0.08031626790761948 -0.15629777312278748 0.14810815453529358 -0.0661371722817421 -0.13938596844673157 0.21652187407016754 -0.07184746861457825 -0.14365577697753906 0.1667773276567459 -0.09491866827011108 -0.13593967258930206 0.18537437915802002 -0.10931988060474396 -0.14685069024562836 0.14844098687171936 -0.09125076979398727 -0.12848462164402008 0.2056490033864975 -0.11235442757606506 -0.15697512030601501 0.14555686712265015 -0.07875483483076096 -0.14929108321666718 0.1338517963886261 -0.09156724810600281 -0.16379202902317047 0.11671862006187439 -0.07855256646871567 -0.16598135232925415 0.12126439809799194 -0.059872351586818695 -0.17159013450145721 0.0914076566696167 -0.05352471023797989 -0.17107835412025452 0.07431910932064056 -0.0709015280008316 -0.1749333292245865 0.07346878200769424 -0.04977913573384285 -0.17802223563194275 0.04988201707601547 -0.06249399483203888 -0.15816865861415863 0.14645516872406006 -0.06444521993398666 -0.1790856122970581 0.05261729285120964 -0.042093098163604736 -0.14901979267597198 0.17545728385448456 -0.0583278127014637 -0.1326656937599182 0.24705888330936432 -0.051777709275484085 -0.17244939506053925 0.04484144225716591 -0.07029738277196884 -0.14430540800094604 0.18716201186180115 -0.103275828063488 -0.12316632270812988 0.24022264778614044 -0.09904532134532928 -0.12347453832626343 0.22272825241088867 -0.10901562869548798 -0.16135282814502716 0.08087968826293945 -0.08196265250444412 -0.16826891899108887 0.060218747705221176 -0.07383427023887634 -0.15615350008010864 0.10078612715005875 -0.0867767259478569 -0.15143731236457825 0.11432785540819168 -0.0910426452755928 -0.12119818478822708 0.2586706578731537 -0.08356093615293503 -0.13550056517124176 0.1532512754201889 -0.10084031522274017 -0.17804758250713348 0.04024539142847061 -0.06801331043243408 -0.1466517448425293 0.16230890154838562 -0.1025485247373581 -0.1438143104314804 0.1773609220981598 -0.1077800989151001 -0.14188648760318756 0.1609601378440857 -0.09596196562051773 -0.1806229054927826 0.048155527561903 -0.06040509045124054 -0.18265748023986816 0.04797286167740822 -0.05027025565505028 -0.1811361163854599 0.050684910267591476 -0.042956843972206116 -0.13838018476963043 0.15669505298137665 -0.10698872059583664 0.18526983261108398 -0.05344351381063461 -0.008514922112226486 0.1844654679298401 -0.06861519068479538 -0.0056398240849375725 0.18001365661621094 -0.06814343482255936 -0.0057445126585662365 0.17702671885490417 -0.08025789260864258 -0.0017613430973142385 0.1826508343219757 -0.0816163420677185 -0.0012009384809061885 0.19321581721305847 -0.049885254353284836 -0.006556884851306677 0.18522988259792328 -0.04847356677055359 -0.009133742190897465 0.19066332280635834 -0.04493071883916855 -0.009758943691849709 0.19209438562393188 -0.03376489505171776 -0.012779035605490208 0.18819768726825714 -0.07351591438055038 -0.00017061957623809576 0.1930132359266281 -0.05874592810869217 0.00037681940011680126 0.1660427302122116 -0.0558815561234951 -0.03455997630953789 0.1599639505147934 -0.061310771852731705 -0.03255068138241768 0.16822050511837006 -0.055883247405290604 -0.027392610907554626 0.17398285865783691 -0.04691271483898163 -0.032186590135097504 0.1607237458229065 -0.06769972294569016 -0.023105647414922714 0.1573917418718338 -0.06863901019096375 -0.030213842168450356 0.17985019087791443 -0.04987003281712532 -0.024693848565220833 0.16708160936832428 -0.0646812915802002 -0.021080251783132553 0.1762486696243286 -0.054578982293605804 -0.025132428854703903 0.17466574907302856 -0.04668314382433891 -0.03750582039356232 -0.1684977114200592 -0.06033652648329735 -0.013611421920359135 -0.15444928407669067 -0.06976550817489624 -0.010086595080792904 -0.16014505922794342 -0.07314078509807587 -0.012295565567910671 -0.17723232507705688 -0.06109852343797684 -0.01372405607253313 -0.17409345507621765 -0.050453897565603256 -0.015853948891162872 -0.1810171902179718 -0.04987163841724396 -0.017517756670713425 -0.15621884167194366 -0.07624375075101852 -0.008977634832262993 -0.18196138739585876 -0.058465052396059036 -0.012686957605183125 -0.1885005682706833 -0.04629489779472351 -0.01676061563193798 -0.18570324778556824 -0.042754992842674255 -0.01902179792523384 -0.1713767945766449 -0.07054141908884048 -0.008143626153469086 -0.164242222905159 -0.07550078630447388 -0.007998842746019363 -0.15998511016368866 -0.06322582066059113 -0.00942777469754219 -0.16551931202411652 -0.05717012658715248 -0.008381756022572517 -0.15416283905506134 -0.07453718781471252 -0.0048166136257350445 0.04035970941185951 0.3931966722011566 -0.018243856728076935 0.036141544580459595 0.3840593993663788 -0.02622823975980282 0.04073992744088173 0.38426992297172546 -0.024244215339422226 0.032662197947502136 0.3977523446083069 -0.020168108865618706 0.03792482987046242 0.3771571218967438 -0.0273269210010767 0.039251212030649185 0.4000715911388397 -0.01861872337758541 0.034156836569309235 0.4006112515926361 -0.017528126016259193 0.03122769296169281 0.37322983145713806 -0.026301424950361252 -0.09707092493772507 -0.49178287386894226 -0.010223901830613613 -0.11310852319002151 -0.4958130419254303 -0.014086348004639149 -0.09539951384067535 -0.4981549084186554 -0.011969446204602718 -0.11917875707149506 -0.49065962433815 -0.01355099305510521 -0.0840872973203659 -0.49273359775543213 -0.005658332724124193 -0.08250599354505539 -0.49937644600868225 -0.010149563662707806 -0.12407246232032776 -0.4966917335987091 -0.017974959686398506 -0.12663044035434723 -0.4913608729839325 -0.013058246113359928 -0.16994310915470123 -0.002200331771746278 0.009621262550354004 -0.18179354071617126 0.008485396392643452 -0.002709795953705907 -0.17272914946079254 -0.006370974704623222 0.007503483910113573 -0.1664481908082962 -0.011019193567335606 0.01167686190456152 -0.17302650213241577 0.01170390099287033 0.002508204197511077 -0.17519928514957428 0.030776670202612877 -0.013636508956551552 -0.1827060729265213 0.020240543410182 -0.01361403800547123 -0.15784114599227905 -0.01477931346744299 0.014442226849496365 -0.18243660032749176 0.033937107771635056 -0.03126431256532669 -0.17873883247375488 0.039783261716365814 -0.030390173196792603 -0.17236900329589844 0.03911660239100456 -0.02241646870970726 -0.1705462783575058 0.05151837691664696 -0.03370760753750801 -0.1777806431055069 0.051526788622140884 -0.037572674453258514 -0.1811361163854599 0.050684910267591476 -0.042956843972206116 -0.1790856122970581 0.05261729285120964 -0.042093098163604736 -0.18719199299812317 0.014152162708342075 -0.022248273715376854 -0.15615101158618927 -0.050821077078580856 -0.04678400233387947 -0.16176818311214447 -0.05267094820737839 -0.04906638339161873 -0.15576159954071045 -0.05620023235678673 -0.045047760009765625 -0.14769692718982697 -0.05771315470337868 -0.04199174791574478 -0.16453659534454346 -0.04628691077232361 -0.04920407012104988 -0.16017144918441772 -0.0361834391951561 -0.04981653019785881 -0.15485967695713043 -0.06004419922828674 -0.04598790034651756 -0.14893072843551636 -0.02799457125365734 0.014835283160209656 -0.1398516595363617 -0.045324232429265976 0.009154635481536388 -0.13933922350406647 -0.0402010902762413 0.0104374960064888 -0.15375582873821259 -0.02932393178343773 0.013054155744612217 -0.15784114599227905 -0.01477931346744299 0.014442226849496365 -0.1664481908082962 -0.011019193567335606 0.01167686190456152 -0.15045632421970367 -0.03647847846150398 0.009436584077775478 -0.1640004813671112 -0.019669294357299805 0.008260384202003479 -0.17272914946079254 -0.006370974704623222 0.007503483910113573 -0.15896375477313995 -0.021679550409317017 0.001956479623913765 -0.15515752136707306 -0.029281875118613243 0.0048807659186422825 -0.16749384999275208 -0.014722185209393501 -0.0007264885352924466 -0.17638587951660156 -0.004520264454185963 -0.0024061650037765503 -0.1431470513343811 -0.04225106164813042 0.004121801815927029 -0.1369747668504715 -0.04916966333985329 -0.0013469015248119831 -0.13552209734916687 -0.04951642081141472 0.002429370069876313 -0.16848814487457275 -0.009598782286047935 -0.006477121729403734 -0.18179354071617126 0.008485396392643452 -0.002709795953705907 -0.17839208245277405 -0.003261825069785118 -0.008691757917404175 -0.17347730696201324 -0.00805577915161848 -0.01013956405222416 -0.18382464349269867 0.00474149314686656 -0.010464752092957497 -0.18719199299812317 0.014152162708342075 -0.022248273715376854 -0.1323847621679306 -0.04823537543416023 -0.002624599961563945 0.1659778356552124 -0.07390493899583817 -0.020077990368008614 0.17667828500270844 -0.07895037531852722 -0.011287648230791092 0.1651005893945694 -0.07529429346323013 -0.011625354178249836 0.17443643510341644 -0.07444678246974945 -0.018659276887774467 0.18096156418323517 -0.07399404048919678 -0.016079580411314964 0.1806277632713318 -0.07679465413093567 -0.009991893544793129 0.18825891613960266 -0.06890309602022171 -0.01197569165378809 0.1815972775220871 -0.060500286519527435 -0.021054912358522415 0.1925920695066452 -0.050706230103969574 -0.0198005773127079 0.1829751580953598 -0.04898113012313843 -0.024788757786154747 0.188858762383461 -0.03369183838367462 -0.02809375524520874 0.19333375990390778 -0.025825101882219315 -0.02635103650391102 0.174028679728508 -0.06333542615175247 -0.019965557381510735 0.17985019087791443 -0.04987003281712532 -0.024693848565220833 0.1762486696243286 -0.054578982293605804 -0.025132428854703903 0.16708160936832428 -0.0646812915802002 -0.021080251783132553 0.173349991440773 -0.06506533175706863 -0.024061258882284164 0.16749811172485352 -0.07419617474079132 -0.023299211636185646 0.18593786656856537 -0.05527718737721443 -0.025843698531389236 0.18014343082904816 -0.06383584439754486 -0.026197152212262154 0.17985019087791443 -0.04987003281712532 -0.024693848565220833 0.1829751580953598 -0.04898113012313843 -0.024788757786154747 0.188858762383461 -0.03369183838367462 -0.02809375524520874 0.1607237458229065 -0.06769972294569016 -0.023105647414922714 0.16156882047653198 -0.07385431975126266 -0.024886008352041245 0.17300492525100708 -0.06903980672359467 -0.027081429958343506 -0.14786657691001892 -0.06603684276342392 -0.043025560677051544 -0.14155934751033783 -0.07111089676618576 -0.04044365510344505 -0.1528642177581787 -0.07011951506137848 -0.03573736175894737 -0.15919701755046844 -0.06283441931009293 -0.04236389324069023 -0.15485967695713043 -0.06004419922828674 -0.04598790034651756 -0.1634930670261383 -0.05529278144240379 -0.04689447581768036 -0.17029701173305511 -0.052874982357025146 -0.04377466440200806 -0.17423513531684875 -0.04507003352046013 -0.04866880178451538 -0.16079081594944 -0.06610854715108871 -0.033667612820863724 -0.1688706874847412 -0.0570373497903347 -0.033608485013246536 -0.14711803197860718 -0.06602641195058823 -0.04884845018386841 -0.15702110528945923 -0.057926587760448456 -0.05370328575372696 -0.15016117691993713 -0.0561494305729866 -0.056534621864557266 -0.16509857773780823 -0.04371972009539604 -0.062290240079164505 -0.16176818311214447 -0.05267094820737839 -0.04906638339161873 -0.16883094608783722 -0.040601424872875214 -0.059174545109272 -0.17925871908664703 -0.042861033231019974 -0.0355716198682785 -0.17418667674064636 -0.050658296793699265 -0.0326538048684597 -0.13918738067150116 -0.0685209333896637 -0.04073250666260719 -0.14150622487068176 -0.07213065028190613 -0.03312905877828598 -0.14866937696933746 -0.07082607597112656 -0.029714401811361313 0.03236966207623482 0.38029536604881287 -0.045515257865190506 0.042431626468896866 0.3803257942199707 -0.03660660237073898 0.028940677642822266 0.3749751150608063 -0.04112103953957558 0.02758520282804966 0.37863627076148987 -0.04804176464676857 0.03731314092874527 0.3819514811038971 -0.044416457414627075 0.03251958265900612 0.3849257528781891 -0.048466019332408905 0.02180134877562523 0.3697050213813782 -0.04690688103437424 0.019786952063441277 0.372847318649292 -0.05016394332051277 0.011157332919538021 0.3710040748119354 -0.055125925689935684 0.028541840612888336 0.3678416609764099 -0.03494224697351456 0.012302905321121216 0.3745499551296234 -0.056092072278261185 0.047085367143154144 0.38923564553260803 -0.03480689600110054 0.03999787196516991 0.39003053307533264 -0.046030983328819275 0.05192764848470688 0.3955806791782379 -0.03950725495815277 0.03160138800740242 0.37513601779937744 -0.035390038043260574 0.02948138676583767 0.3707593083381653 -0.032103750854730606 0.02169400081038475 0.37835001945495605 -0.0584193579852581 0.027607383206486702 0.37960579991340637 -0.056344445794820786 0.020709287375211716 0.3802631199359894 -0.06493599712848663 0.02455534227192402 0.3870037794113159 -0.06479035317897797 0.03792482987046242 0.3771571218967438 -0.0273269210010767 0.03856705129146576 0.3976440727710724 -0.04873417690396309 0.03122769296169281 0.37322983145713806 -0.026301424950361252 0.0391683503985405 0.38486072421073914 -0.051888272166252136 0.022594459354877472 0.38549286127090454 -0.05813869088888168 0.0272004883736372 0.39029547572135925 -0.05885722488164902 0.17842645943164825 -0.04391162097454071 -0.054471321403980255 0.18189753592014313 -0.041668619960546494 -0.04828369989991188 0.17357143759727478 -0.055237870663404465 -0.04882116615772247 0.1773180067539215 -0.04982736334204674 -0.046288833022117615 0.18505707383155823 -0.03047991544008255 -0.051530737429857254 0.16480714082717896 -0.062272801995277405 -0.04951537027955055 0.1808541864156723 -0.02466827630996704 -0.056399889290332794 0.1827554851770401 0.004504919983446598 -0.05254484340548515 0.17471881210803986 -0.03628949820995331 -0.05640833452343941 0.17679302394390106 0.005706985015422106 -0.0575282908976078 0.15948519110679626 -0.05825628340244293 -0.051806144416332245 0.16944068670272827 0.007364951074123383 -0.05648203194141388 0.17342603206634521 0.03048236481845379 -0.05533238872885704 0.16387169063091278 0.02762807160615921 -0.05250095948576927 0.1646043211221695 0.03809969872236252 -0.05417822673916817 0.17495137453079224 0.04254360496997833 -0.055898673832416534 0.1698865443468094 -0.03839106485247612 -0.05469975247979164 0.1695443093776703 -0.023339368402957916 -0.05325499176979065 0.1731276661157608 0.0461408793926239 -0.05367892235517502 0.1631104052066803 0.043254345655441284 -0.05273007974028587 0.16829600930213928 0.06832113862037659 -0.05654709413647652 0.1530095487833023 0.06600487977266312 -0.05617787316441536 0.16272537410259247 0.08578483015298843 -0.059780608862638474 0.14635545015335083 0.08325791358947754 -0.05980860814452171 0.1540171504020691 0.10735248029232025 -0.06391249597072601 0.14131908118724823 0.0964338481426239 -0.06163101643323898 0.13305316865444183 0.1161992996931076 -0.06456267833709717 0.14730781316757202 0.12720267474651337 -0.06692197173833847 0.12482289224863052 0.1440044492483139 -0.06816618144512177 0.13960182666778564 0.1465912014245987 -0.06906354427337646 0.12510719895362854 0.1542147994041443 -0.06849159300327301 0.1370401829481125 0.15768221020698547 -0.06841251999139786 0.1428264081478119 0.15807786583900452 -0.06577447056770325 0.18156395852565765 0.035612136125564575 -0.049136582762002945 0.14778505265712738 0.15902897715568542 -0.062291793525218964 0.1597161740064621 0.1230752095580101 -0.058380529284477234 0.18245379626750946 0.05047289654612541 -0.044947266578674316 0.1717144399881363 0.09767655283212662 -0.04924282804131508 0.18334633111953735 0.047623880207538605 -0.04739969223737717 0.17925499379634857 0.07238529622554779 -0.04480820521712303 -0.012836436741054058 -0.021032439544796944 -0.06459958851337433 -0.008556553162634373 -0.011554582044482231 -0.05808708816766739 -0.01590219885110855 -0.017760640010237694 -0.05539637804031372 -0.006505752447992563 -0.012358076870441437 -0.06263424456119537 -0.024272236973047256 -0.03285923972725868 -0.049187399446964264 -0.018484286963939667 -0.03370554745197296 -0.06204527989029884 -0.016885116696357727 -0.018304049968719482 -0.047577742487192154 -0.02333228662610054 -0.045029789209365845 -0.05222523957490921 -0.023575173690915108 -0.04671090468764305 -0.05558609217405319 -0.023239269852638245 -0.03770064935088158 -0.06733877211809158 -0.029810501262545586 -0.05002712085843086 -0.06814225763082504 -0.0297856368124485 -0.0540512353181839 -0.06050877273082733 -0.03448507934808731 -0.06840065121650696 -0.057510994374752045 -0.03554118797183037 -0.074029840528965 -0.06539873778820038 -0.03294450417160988 -0.05958569422364235 -0.06967200338840485 -0.03611705079674721 -0.07549788057804108 -0.07184591889381409 -0.0394611582159996 -0.09109603613615036 -0.06919030100107193 -0.039230599999427795 -0.09094018489122391 -0.07279004156589508 -0.04415488615632057 -0.09681521356105804 -0.07486721128225327 -0.00742049515247345 -0.009847082197666168 -0.06762184947729111 -0.018913447856903076 -0.021845148876309395 -0.07027571648359299 0.14681002497673035 0.2252296656370163 -0.05055078864097595 0.16014307737350464 0.22546397149562836 -0.05090133845806122 0.14628657698631287 0.2196718156337738 -0.049245189875364304 0.15361279249191284 0.23061396181583405 -0.05415600910782814 0.16250444948673248 0.22126100957393646 -0.04668013006448746 0.15815924108028412 0.24308718740940094 -0.054068442434072495 0.1622602790594101 0.2509254515171051 -0.05274626612663269 0.14548110961914062 0.2273164987564087 -0.05857326090335846 -0.056941185146570206 0.43470460176467896 -0.022693095728754997 -0.059739984571933746 0.4261833429336548 -0.03095369227230549 -0.05788339674472809 0.41932177543640137 -0.02748376876115799 -0.04940992593765259 0.4288782477378845 -0.01715131662786007 -0.04716560244560242 0.42147281765937805 -0.020088952034711838 -0.050237987190485 0.41121914982795715 -0.021926751360297203 -0.04258435592055321 0.407713383436203 -0.015062637627124786 -0.050083715468645096 0.4048227369785309 -0.022070646286010742 -0.052796412259340286 0.4110950231552124 -0.027608778327703476 -0.041372161358594894 0.4011920988559723 -0.019044406712055206 -0.14096499979496002 0.19731391966342926 -0.061176057904958725 -0.1499781310558319 0.20194362103939056 -0.06880256533622742 -0.14500267803668976 0.19635112583637238 -0.07209217548370361 -0.14622651040554047 0.20099322497844696 -0.06161389872431755 -0.15097570419311523 0.20216980576515198 -0.0743008702993393 -0.14335012435913086 0.1994837522506714 -0.07841121405363083 -0.16438743472099304 -0.05875397101044655 -0.02982442080974579 -0.1688706874847412 -0.0570373497903347 -0.033608485013246536 -0.16079081594944 -0.06610854715108871 -0.033667612820863724 -0.15297114849090576 -0.0658312663435936 -0.027055127546191216 -0.14866937696933746 -0.07082607597112656 -0.029714401811361313 -0.16517597436904907 -0.05332722142338753 -0.029301904141902924 0.026353146880865097 0.39539992809295654 -0.06482544541358948 0.0272004883736372 0.39029547572135925 -0.05885722488164902 0.02455534227192402 0.3870037794113159 -0.06479035317897797 0.02179550938308239 0.3966311812400818 -0.07433821260929108 0.023079335689544678 0.4084877073764801 -0.06950388848781586 0.02708096243441105 0.41432178020477295 -0.06545543670654297 0.019692204892635345 0.4153437614440918 -0.07401690632104874 0.02849877066910267 0.4210142493247986 -0.06868784129619598 0.022641653195023537 0.42324575781822205 -0.0736556425690651 0.01862933859229088 0.42585185170173645 -0.07868023216724396 0.02637716569006443 0.4454447627067566 -0.07232024520635605 0.01596141792833805 0.43777555227279663 -0.08124953508377075 0.02312248758971691 0.4556596875190735 -0.07374688237905502 0.024918684735894203 0.47240087389945984 -0.06392126530408859 0.0374443456530571 0.43322980403900146 -0.06521211564540863 0.03564916551113129 0.4225511848926544 -0.06367938220500946 0.035973839461803436 0.44762998819351196 -0.06526540219783783 0.032509662210941315 0.4134615361690521 -0.06645981222391129 0.03385331854224205 0.4627358615398407 -0.062025316059589386 0.03817007690668106 0.4167565107345581 -0.06338659673929214 0.01468188501894474 0.45351019501686096 -0.07831396162509918 0.017011696472764015 0.46812066435813904 -0.07193990051746368 0.010603326372802258 0.42237311601638794 -0.07847446203231812 0.011909394524991512 0.41395196318626404 -0.07464087009429932 0.0020801934879273176 0.4185646176338196 -0.08072122186422348 0.004318291787058115 0.4093760550022125 -0.07797595113515854 0.009586716070771217 0.4045303761959076 -0.07323895394802094 0.0014186919433996081 0.43166717886924744 -0.08268410712480545 0.00917349848896265 0.44371676445007324 -0.08007851988077164 5.407817297964357E-05 0.45232853293418884 -0.08183895796537399 0.011964656412601471 0.4604571461677551 -0.07569675147533417 0.002585203154012561 0.40007567405700684 -0.07511010766029358 0.0010477853938937187 0.4618532657623291 -0.07883617281913757 0.0005835303454659879 0.47549620270729065 -0.07252725213766098 0.011810489930212498 0.47902899980545044 -0.06613506376743317 0.02269078604876995 0.409373015165329 -0.07304820418357849 -0.002351780654862523 0.43921512365341187 -0.08189796656370163 0.0005104595329612494 0.4855901300907135 -0.06542190909385681 0.008293665014207363 0.4004448652267456 -0.07102445513010025 0.006178057286888361 0.38644152879714966 -0.06842973083257675 0.010408677160739899 0.39394184947013855 -0.07003141939640045 0.01659390889108181 0.39710262417793274 -0.07057839632034302 0.002614271827042103 0.39234551787376404 -0.0739058405160904 -0.015000585466623306 0.459977924823761 -0.07814878970384598 -0.012962779961526394 0.47577089071273804 -0.07106959819793701 -0.012939777225255966 0.44732606410980225 -0.080875925719738 -0.011397995986044407 0.43281933665275574 -0.08058483898639679 -0.009774801321327686 0.41211530566215515 -0.07760395109653473 -0.0018940068548545241 0.4100128412246704 -0.07635645568370819 -0.008825566619634628 0.3926957845687866 -0.06808099150657654 -0.02067740634083748 0.4479028880596161 -0.0785394087433815 -0.024563679471611977 0.42354103922843933 -0.07551848888397217 -0.015638120472431183 0.41588789224624634 -0.07524014264345169 -0.022758975625038147 0.4080604910850525 -0.07161908596754074 -0.014113103970885277 0.4025839865207672 -0.07126087695360184 -0.020963771268725395 0.39512231945991516 -0.06659233570098877 -0.034120239317417145 0.43989574909210205 -0.07315372675657272 8.477127266814932E-05 0.3984084129333496 -0.07276450842618942 -0.012959018349647522 0.393917441368103 -0.06576265394687653 -0.03391631320118904 0.42005038261413574 -0.07115625590085983 0.000994677422568202 0.3858417272567749 -0.06546512246131897 0.0011043165577575564 0.3783492147922516 -0.06113413721323013 0.03230888023972511 0.40378010272979736 -0.06780284643173218 0.03170914575457573 0.3937731683254242 -0.06718459725379944 0.03146982938051224 0.4062245190143585 -0.07035697996616364 0.035604942589998245 0.39528191089630127 -0.06365057826042175 -0.03539148345589638 0.4582366645336151 -0.07016459852457047 -0.027493292465806007 0.4691365957260132 -0.06876842677593231 -0.013761614449322224 0.3825746476650238 -0.060012027621269226 -0.013495244085788727 0.37376344203948975 -0.05823463946580887 -0.0019456889713183045 0.37194669246673584 -0.05960827320814133 0.012302905321121216 0.3745499551296234 -0.056092072278261185 0.011157332919538021 0.3710040748119354 -0.055125925689935684 -0.023713979870080948 0.3722691833972931 -0.055397383868694305 -0.026268815621733665 0.3833026587963104 -0.05686035752296448 -0.0241830013692379 0.3923307955265045 -0.062123630195856094 -0.17004303634166718 -0.04973627254366875 -0.032497625797986984 -0.1688706874847412 -0.0570373497903347 -0.033608485013246536 -0.16316868364810944 -0.054455384612083435 -0.03164467215538025 -0.17418667674064636 -0.050658296793699265 -0.0326538048684597 -0.0062229223549366 0.38001251220703125 0.038578443229198456 0.0009305825224146247 0.3898542523384094 0.043254412710666656 -0.0062096030451357365 0.3911612927913666 0.043227750808000565 -0.0030844910070300102 0.39904874563217163 0.04602020978927612 0.006940396502614021 0.3790169954299927 0.036417990922927856 -0.003115029539912939 0.3733963668346405 0.04090013727545738 0.028728265315294266 0.3081529140472412 0.04336152598261833 0.03244233503937721 0.30340465903282166 0.04723508283495903 0.042698413133621216 0.3061669170856476 0.04224357753992081 0.027837181463837624 0.31570449471473694 0.033270902931690216 0.02874922566115856 0.30090779066085815 0.04896059259772301 0.019707689061760902 0.31688177585601807 0.03284430503845215 0.02062886767089367 0.32670000195503235 0.024893438443541527 -0.03255389258265495 0.3378455638885498 -0.018352918326854706 -0.0385546013712883 0.3333891034126282 -0.010819397866725922 -0.03228750824928284 0.3358500301837921 -0.012436988763511181 -0.036604464054107666 0.33055058121681213 -0.005964674521237612 -0.021513836458325386 0.3297327160835266 0.0007101199589669704 -0.02475936897099018 0.33333534002304077 -0.0065025221556425095 -0.03500259667634964 0.32448816299438477 0.0006645708344876766 -0.011589715257287025 0.32430291175842285 0.009087344631552696 -0.033988337963819504 0.3172163963317871 0.007974877022206783 -0.03391531482338905 0.3103998601436615 0.013426964171230793 -0.002617055317386985 0.3119281232357025 0.018586868420243263 -0.034149497747421265 0.30069369077682495 0.01968728005886078 -0.001437838771380484 0.32402440905570984 0.012408383190631866 -0.03276117891073227 0.2900024950504303 0.02575480192899704 -0.0018026616889983416 0.2925513982772827 0.027880294248461723 0.016484947875142097 0.3209747076034546 0.014878211542963982 0.016105933114886284 0.3119891583919525 0.019401898607611656 0.014165882021188736 0.32616370916366577 0.011139759793877602 0.014875559136271477 0.3025006353855133 0.024059081450104713 0.010147394612431526 0.2902894616127014 0.029701780527830124 -0.03009241633117199 0.27278316020965576 0.033545903861522675 0.004056583158671856 0.27436965703964233 0.035979975014925 -0.02543555200099945 0.25707945227622986 0.03947862237691879 -0.0014297094894573092 0.2599630355834961 0.040915582329034805 0.014881124719977379 0.33308911323547363 0.00791462603956461 -0.019218208268284798 0.23558174073696136 0.04661182686686516 -0.006682250648736954 0.2470693588256836 0.04498148337006569 -0.01039972621947527 0.2362641841173172 0.04834488034248352 -0.0178582314401865 0.22475942969322205 0.0513000413775444 -0.013322649523615837 0.21588462591171265 0.059099070727825165 -0.01881442405283451 0.21766264736652374 0.05708799511194229 -0.018954968079924583 0.21204990148544312 0.060791853815317154 -0.010858191177248955 0.33725616335868835 0.010233771987259388 -0.0018191143171861768 0.3370527923107147 0.011983796022832394 0.016031507402658463 0.34261828660964966 0.0064065707847476006 -0.021799834445118904 0.24084258079528809 0.045221660286188126 0.01966203935444355 0.3416707217693329 0.005614917725324631 0.022744085639715195 0.34920334815979004 0.0011754415463656187 0.025542831048369408 0.34398430585861206 0.00706148287281394 -0.03849373385310173 0.34091129899024963 -0.019664887338876724 -0.0032308807130903006 0.3622320890426636 0.01700085774064064 -0.01044942531734705 0.36289483308792114 0.015276683494448662 0.002913327421993017 0.36462539434432983 0.01567818969488144 0.016905346885323524 0.30760154128074646 0.03571344166994095 0.011078213341534138 0.28758469223976135 0.04090304672718048 0.008618365973234177 0.2703378200531006 0.054430730640888214 0.0021278252825140953 0.2616088390350342 0.05307244881987572 0.0003138152533210814 0.25299111008644104 0.05686566233634949 -0.008001049980521202 0.23239265382289886 0.05728606507182121 0.017112206667661667 0.28412553668022156 0.05219521373510361 0.019943689927458763 0.3363112211227417 0.01661449298262596 0.17357143759727478 -0.055237870663404465 -0.04882116615772247 0.16133710741996765 -0.06657745689153671 -0.04248485714197159 0.16480714082717896 -0.062272801995277405 -0.04951537027955055 0.17107392847537994 -0.055700160562992096 -0.041704632341861725 0.1773180067539215 -0.04982736334204674 -0.046288833022117615 0.15962857007980347 -0.06371762603521347 -0.038542211055755615 0.17538374662399292 -0.04617616906762123 -0.04148716852068901 0.18189753592014313 -0.041668619960546494 -0.04828369989991188 0.1814906746149063 -0.03619834780693054 -0.04214216768741608 0.18505707383155823 -0.03047991544008255 -0.051530737429857254 0.18666915595531464 -0.02025359682738781 -0.04546297714114189 -0.16551931202411652 -0.05717012658715248 -0.008381756022572517 -0.15640807151794434 -0.06634727120399475 -0.004793298896402121 -0.15998511016368866 -0.06322582066059113 -0.00942777469754219 -0.15444928407669067 -0.06976550817489624 -0.010086595080792904 -0.1725669652223587 -0.05126327648758888 -0.00453839311376214 -0.1706916093826294 -0.05063218995928764 -0.01057767029851675 -0.1742853820323944 -0.040158048272132874 -0.010896466672420502 -0.17964167892932892 -0.044750042259693146 -0.003222917439416051 -0.17781004309654236 -0.026192359626293182 -0.008824646472930908 -0.1754676252603531 -0.025762183591723442 -0.012923913076519966 -0.15416283905506134 -0.07453718781471252 -0.0048166136257350445 -0.1822691261768341 -0.05369935929775238 -0.0029135083314031363 -0.1612084060907364 -0.0704556554555893 -0.0005349653074517846 -0.1891176849603653 -0.0371176153421402 -0.005129168275743723 -0.18287776410579681 -0.022841719910502434 -0.0067801387049257755 -0.18903520703315735 -0.025321602821350098 -0.006752950605005026 -0.17839208245277405 -0.003261825069785118 -0.008691757917404175 -0.18841078877449036 -0.005411915015429258 -0.01013160590082407 -0.18382464349269867 0.00474149314686656 -0.010464752092957497 -0.17347730696201324 -0.00805577915161848 -0.01013956405222416 -0.16977237164974213 -0.06980381160974503 -0.0034084348008036613 -0.1897880733013153 0.004323774948716164 -0.01699613593518734 -0.18719199299812317 0.014152162708342075 -0.022248273715376854 -0.138395294547081 -0.03871584311127663 0.004027958493679762 -0.13933922350406647 -0.0402010902762413 0.0104374960064888 -0.1323847621679306 -0.04823537543416023 -0.002624599961563945 -0.14079122245311737 -0.031164607033133507 0.007890237495303154 -0.1466965526342392 -0.020746992900967598 0.01158806961029768 -0.1457194983959198 -0.020584331825375557 0.005477084778249264 -0.15246126055717468 -0.00997324101626873 0.008752518333494663 -0.15375351905822754 -0.011473924852907658 0.0012811006745323539 -0.15903650224208832 0.002354342956095934 -0.0022842022590339184 -0.1604529470205307 -0.0035483126994222403 -0.005989177618175745 -0.15335117280483246 -0.017236601561307907 0.0006987199303694069 -0.14755336940288544 -0.02868744172155857 0.0012649247655645013 -0.13926568627357483 -0.040197890251874924 0.0022081658244132996 -0.13552209734916687 -0.04951642081141472 0.002429370069876313 -0.1398516595363617 -0.045324232429265976 0.009154635481536388 0.09883236885070801 -0.20147216320037842 -0.023447858169674873 0.10157179832458496 -0.19961991906166077 -0.0271642804145813 0.10737007856369019 -0.19969229400157928 -0.008903522044420242 0.09290382266044617 -0.20223915576934814 -0.03388013690710068 0.11340352892875671 -0.1954772174358368 -0.004078354686498642 0.11673731356859207 -0.19329304993152618 0.01505300309509039 0.0850304588675499 -0.19915662705898285 -0.044848084449768066 0.16728326678276062 -0.06593678146600723 -0.0109232347458601 0.16432031989097595 -0.06720173358917236 -0.01695004478096962 0.1651005893945694 -0.07529429346323013 -0.011625354178249836 0.1721179336309433 -0.057462356984615326 -0.016948608681559563 0.18203690648078918 -0.046651121228933334 -0.010107889771461487 0.17849864065647125 -0.046635646373033524 -0.016150398179888725 0.174028679728508 -0.06333542615175247 -0.019965557381510735 0.1659778356552124 -0.07390493899583817 -0.020077990368008614 0.17985019087791443 -0.04987003281712532 -0.024693848565220833 -0.08386178314685822 -0.10854554921388626 -0.03686199709773064 -0.08648385107517242 -0.11183188855648041 -0.041214585304260254 -0.08045284450054169 -0.11860056221485138 -0.04143352434039116 -0.09500981867313385 -0.10410328209400177 -0.032919906079769135 -0.07895297557115555 -0.12191755324602127 -0.04666147753596306 -0.07095940411090851 -0.1196022629737854 -0.04690021276473999 -0.059739984571933746 0.4261833429336548 -0.03095369227230549 -0.049067724496126175 0.4098232686519623 -0.030476827174425125 -0.052796412259340286 0.4110950231552124 -0.027608778327703476 -0.05788339674472809 0.41932177543640137 -0.02748376876115799 -0.04305178299546242 0.40202808380126953 -0.025119803845882416 -0.050083715468645096 0.4048227369785309 -0.022070646286010742 -0.041372161358594894 0.4011920988559723 -0.019044406712055206 -0.05160653963685036 0.42037320137023926 -0.03136801719665527 -0.057472292333841324 0.42830708622932434 -0.03168599307537079 0.1660427302122116 -0.0558815561234951 -0.03455997630953789 0.16891397535800934 -0.055856458842754364 -0.03831629827618599 0.16484299302101135 -0.0648455023765564 -0.036951638758182526 0.17466574907302856 -0.04668314382433891 -0.03750582039356232 0.1599639505147934 -0.061310771852731705 -0.03255068138241768 0.18081459403038025 -0.047774508595466614 -0.04077577963471413 0.1616445928812027 -0.07312683761119843 -0.034264951944351196 0.1573917418718338 -0.06863901019096375 -0.030213842168450356 -0.011523773893713951 -0.037487439811229706 0.10427888482809067 -0.007503591012209654 -0.06656332314014435 0.10772847384214401 -0.007174113765358925 -0.05914543941617012 0.10871319472789764 -0.002138837706297636 -0.09284992516040802 0.11130813509225845 0.00278851599432528 -0.07976476103067398 0.11507679522037506 0.00046465598279610276 -0.12383538484573364 0.11302407830953598 0.008574102073907852 -0.11950435489416122 0.11954179406166077 -0.0008040053071454167 -0.05441492050886154 0.11266427487134933 -0.002306227805092931 -0.03611108660697937 0.11002663522958755 -0.012970788404345512 -0.0042089736089110374 0.10265941917896271 0.00420399522408843 -0.14225850999355316 0.11825180798768997 0.009471885859966278 -0.1551617681980133 0.12266744673252106 0.003797448705881834 -0.17265136539936066 0.11875665932893753 0.004738077521324158 -0.19442406296730042 0.1211148053407669 0.010365564376115799 -0.193618506193161 0.12400397658348083 -0.0020152877550572157 -0.004910034127533436 0.10593914985656738 -0.01765609346330166 0.01730060763657093 0.09754526615142822 -0.01783001236617565 -0.015381734818220139 0.09927750378847122 -0.004589147865772247 0.03572786599397659 0.09991560876369476 -0.015211163088679314 0.045805566012859344 0.09376645088195801 -0.006445595063269138 0.08741265535354614 0.08991848677396774 -0.023165257647633553 0.05616588518023491 0.08995916694402695 -0.022222792729735374 0.1260160207748413 0.07850196957588196 -0.022776613011956215 0.014123613014817238 0.09676901251077652 -0.02323809079825878 -0.02318114973604679 0.10073642432689667 -0.006926750764250755 0.14703896641731262 0.07778317481279373 -0.015869779512286186 0.15157009661197662 0.07473540306091309 -0.04442828893661499 0.16525693237781525 0.06365471333265305 -0.03860216960310936 0.18854469060897827 0.06191175431013107 -0.018346061930060387 0.19499513506889343 0.06514447182416916 -0.02910139039158821 0.19929511845111847 0.06212509796023369 -0.045253727585077286 0.237702876329422 0.05264995992183685 -0.0618496872484684 0.23731498420238495 0.04887070879340172 -0.05151284486055374 0.25352975726127625 0.046654120087623596 -0.018954968079924583 0.21204990148544312 0.060791853815317154 -0.027014655992388725 0.22509317100048065 0.05735643953084946 -0.059747114777565 0.2784920930862427 0.03398388624191284 -0.0475788414478302 0.2672317326068878 0.04231248050928116 -0.032498035579919815 0.26062801480293274 0.04829190671443939 -0.03387974947690964 0.2781870663166046 0.044261470437049866 -0.04149810969829559 0.30243077874183655 0.0382479764521122 -0.02582012675702572 0.23854878544807434 0.05459566414356232 -0.026957174763083458 0.2498321384191513 0.051651667803525925 -0.024458441883325577 0.23523230850696564 0.05623641237616539 -0.0036379932425916195 0.18579913675785065 0.06776165217161179 -0.003318188013508916 0.15037627518177032 0.07594119757413864 -0.03711015358567238 0.2971092164516449 0.03952288627624512 -0.013814211823046207 0.2095208764076233 0.059516649693250656 0.004814493469893932 0.18910296261310577 0.06603186577558517 0.022732095792889595 0.21991878747940063 0.060497790575027466 -0.007106312084943056 0.21650896966457367 0.05798971652984619 0.011366616003215313 0.24110190570354462 0.054125044494867325 -0.0026705970522016287 0.23019267618656158 0.0550055205821991 0.028895191848278046 0.24275095760822296 0.0550525076687336 0.0024470577482134104 0.24253445863723755 0.05150454118847847 -0.01881442405283451 0.21766264736652374 0.05708799511194229 0.00875968486070633 0.25281479954719543 0.04808046668767929 -0.03946714103221893 0.31142494082450867 0.03477812558412552 -0.013322649523615837 0.21588462591171265 0.059099070727825165 -0.00945207942277193 0.2237313687801361 0.057924892753362656 0.029339250177145004 0.2550356388092041 0.04872836917638779 0.014613533392548561 0.26632964611053467 0.044107772409915924 0.019227541983127594 0.2703803479671478 0.042403049767017365 0.028198305517435074 0.2892189025878906 0.03504296764731407 0.021927373483777046 0.2791822850704193 0.040213920176029205 -0.02908708155155182 0.2597604990005493 0.04771323874592781 -0.008001049980521202 0.23239265382289886 0.05728606507182121 -0.015841802582144737 -0.019753392785787582 0.09795420616865158 0.0003138152533210814 0.25299111008644104 0.05686566233634949 -0.019837241619825363 -0.03465263545513153 0.09579052776098251 -0.013323054648935795 -0.03555269539356232 0.10063859820365906 0.03871318697929382 0.21773411333560944 0.05731094256043434 0.01768879033625126 0.1890314668416977 0.06616315990686417 0.05466455966234207 0.24369196593761444 0.05040215328335762 0.05160004273056984 0.18947921693325043 0.05555467680096626 0.032919127494096756 0.17829792201519012 0.06300827115774155 0.018641294911503792 0.1792602837085724 0.06709004193544388 0.014683019369840622 0.11082189530134201 0.0801430195569992 0.01669045351445675 0.08449659496545792 0.08395601063966751 0.010360242798924446 0.06263673305511475 0.08917489647865295 0.03108464740216732 0.09400290995836258 0.076908178627491 0.04667169600725174 0.14422591030597687 0.0630268082022667 0.0489497184753418 0.17819742858409882 0.056461527943611145 0.010427586734294891 0.011856796219944954 0.09723030775785446 0.037577804177999496 0.037822019308805466 0.08235608786344528 0.05038316920399666 0.05944503843784332 0.07276557385921478 0.033856265246868134 0.06667754799127579 0.07834812253713608 0.04927694797515869 0.09023896604776382 0.06940785050392151 0.053542185574769974 0.0022247706074267626 0.07885689288377762 0.028338966891169548 -0.021853184327483177 0.09107895940542221 0.05330726504325867 -0.011764568276703358 0.08075612038373947 0.0560532808303833 -0.035028498619794846 0.08306407928466797 0.02964549884200096 -0.06269534677267075 0.09288102388381958 0.024796640500426292 -0.08399437367916107 0.0961693525314331 0.037649039179086685 -0.07673845440149307 0.09170686453580856 0.041372813284397125 -0.1132194846868515 0.09555287659168243 0.026315515860915184 -0.1109888106584549 0.09979064017534256 0.040056414902210236 -0.14959923923015594 0.10192309319972992 0.026369405910372734 -0.1446402370929718 0.10560479015111923 0.02506929822266102 -0.17327697575092316 0.11085154116153717 0.06616630405187607 0.24069464206695557 0.044914547353982925 0.05939236283302307 -0.062226761132478714 0.08558498322963715 0.06300342828035355 -0.09545908123254776 0.08939888328313828 0.01295217964798212 -0.04639483243227005 0.10155518352985382 0.01983541063964367 -0.16488128900527954 0.112977035343647 0.052313949912786484 -0.19233426451683044 0.11002850532531738 0.06675754487514496 -0.1664789766073227 0.10080236941576004 0.0655403584241867 -0.13742999732494354 0.09588330239057541 0.06750764697790146 -0.1924683302640915 0.10596523433923721 0.02810334786772728 -0.19298511743545532 0.11569336801767349 0.06868922710418701 0.21258330345153809 0.043450042605400085 0.06901993602514267 0.25279664993286133 0.038203317672014236 0.0755125880241394 0.23922580480575562 0.03769806772470474 0.08185862004756927 0.24989406764507294 0.029171612113714218 0.08669394254684448 0.2692355513572693 0.025377493351697922 0.07457147538661957 0.2705621123313904 0.030694827437400818 0.08679144829511642 0.2898421883583069 0.02346198819577694 0.11172907799482346 0.28415900468826294 0.01681460812687874 0.09959369152784348 0.2952665686607361 0.01859382912516594 0.05399106815457344 0.25817781686782837 0.042926400899887085 0.06520483642816544 0.2800513505935669 0.030904486775398254 0.11250590533018112 0.2969528138637543 0.012420655228197575 0.05036521330475807 0.2799498438835144 0.03514290228486061 0.04964867979288101 0.29939261078834534 0.027121398597955704 0.07948287576436996 0.30352428555488586 0.019281622022390366 0.12419654428958893 0.2976798117160797 0.003173324977979064 0.09176444262266159 0.26247283816337585 0.021702341735363007 0.08544374257326126 0.23530541360378265 0.025859713554382324 0.06330886483192444 0.1748865395784378 0.0448937825858593 0.07273736596107483 0.18783991038799286 0.03654465451836586 0.0659555047750473 0.038475003093481064 0.06244092062115669 0.06738559901714325 0.08949384093284607 0.054177459329366684 0.0674387663602829 0.10822077840566635 0.05063358321785927 0.1251322627067566 0.2838249206542969 0.004915818106383085 0.08088993281126022 -0.0022544150706380606 0.05413804575800896 0.07633102685213089 -0.11243456602096558 0.08043842762708664 0.06438235193490982 0.16157355904579163 0.04357396066188812 0.037829771637916565 0.3008415400981903 0.029601577669382095 0.09745272248983383 0.3103259205818176 0.011004382744431496 0.0045991940423846245 -0.08353471755981445 0.11526971310377121 0.010087914764881134 -0.10693758726119995 0.11540326476097107 0.08377628028392792 -0.041476719081401825 0.057728223502635956 0.0888717994093895 -0.14521753787994385 0.0749259740114212 0.08611532300710678 -0.08500733226537704 0.06465654820203781 0.03121330961585045 0.30300506949424744 0.03503689542412758 0.0902821347117424 -0.19184565544128418 0.08313506841659546 0.07796221971511841 0.04403063654899597 0.049608245491981506 0.0749383196234703 0.07469870150089264 0.04762684181332588 0.05625763162970543 0.31368109583854675 0.018681874498724937 0.11131685227155685 0.27214083075523376 0.013261564075946808 0.07915035635232925 0.14134468138217926 0.031295087188482285 0.0773518979549408 0.16883140802383423 0.028598705306649208 0.07999018579721451 0.2071247100830078 0.030996667221188545 0.04893336072564125 0.30274924635887146 0.02875616028904915 0.05153847485780716 0.3083091378211975 0.027590174227952957 -0.1463894546031952 -0.07022710889577866 -0.026879040524363518 -0.14393916726112366 -0.0706392228603363 -0.020133737474679947 -0.14857247471809387 -0.07398077100515366 -0.02475525066256523 -0.14866937696933746 -0.07082607597112656 -0.029714401811361313 -0.1511339396238327 -0.07349592447280884 -0.01418396644294262 -0.15733009576797485 -0.07421356439590454 -0.017234355211257935 -0.14150622487068176 -0.07213065028190613 -0.03312905877828598 0.1604403257369995 0.23865360021591187 -0.07875696569681168 0.1545514464378357 0.24296081066131592 -0.07991249114274979 0.15805867314338684 0.23179849982261658 -0.08008451014757156 0.16159583628177643 0.22471551597118378 -0.0736464187502861 0.15740683674812317 0.2434980273246765 -0.07607713341712952 -0.05083067715167999 -0.06763384491205215 0.05393727496266365 -0.04985648766160011 -0.06324614584445953 0.04838632792234421 -0.046784501522779465 -0.07578781992197037 0.051886510103940964 -0.17418667674064636 -0.050658296793699265 -0.0326538048684597 -0.16517597436904907 -0.05332722142338753 -0.029301904141902924 -0.17342698574066162 -0.05688348412513733 -0.029313508421182632 -0.17004303634166718 -0.04973627254366875 -0.032497625797986984 -0.17925871908664703 -0.042861033231019974 -0.0355716198682785 -0.16438743472099304 -0.05875397101044655 -0.02982442080974579 -0.1600143164396286 -0.07038136571645737 -0.024491066113114357 -0.15297114849090576 -0.0658312663435936 -0.027055127546191216 -0.14857247471809387 -0.07398077100515366 -0.02475525066256523 -0.17463216185569763 -0.06056388095021248 -0.02466631680727005 -0.1834811270236969 -0.04725697264075279 -0.027002602815628052 -0.1655295044183731 -0.07049968838691711 -0.01747214049100876 -0.15733009576797485 -0.07421356439590454 -0.017234355211257935 -0.14866937696933746 -0.07082607597112656 -0.029714401811361313 -0.18265748023986816 0.04797286167740822 -0.05027025565505028 -0.17850211262702942 0.037013743072748184 -0.06406457722187042 -0.18250802159309387 0.035393573343753815 -0.049399685114622116 -0.18344463407993317 -0.0030376892536878586 -0.04865260422229767 -0.18721234798431396 -0.0009522830368950963 -0.035010527819395065 -0.18290291726589203 -0.013606058433651924 -0.050273265689611435 -0.19012683629989624 -0.01355339027941227 -0.031133657321333885 -0.1749355047941208 -0.005914799403399229 -0.06662283092737198 -0.1778663694858551 -0.01378533523529768 -0.058392900973558426 -0.18389993906021118 -0.031078428030014038 -0.038964904844760895 -0.1890430897474289 -0.026909297332167625 -0.030155573040246964 -0.1722930520772934 -0.028819723054766655 -0.06363272666931152 -0.1806229054927826 0.048155527561903 -0.06040509045124054 -0.17804758250713348 0.04024539142847061 -0.06801331043243408 -0.19327372312545776 -0.011893687769770622 -0.015662262216210365 -0.19330665469169617 -0.027850022539496422 -0.013350573368370533 -0.17684732377529144 -0.03306691721081734 -0.05172795429825783 -0.18875615298748016 -0.036277905106544495 -0.024365007877349854 -0.19006580114364624 -0.02976040542125702 -0.0200866237282753 -0.19189082086086273 -0.03929082676768303 -0.012352603487670422 -0.1885005682706833 -0.04629489779472351 -0.01676061563193798 -0.18719199299812317 0.014152162708342075 -0.022248273715376854 -0.1845417022705078 0.025192897766828537 -0.0372096449136734 -0.1732197403907776 -0.03023308329284191 -0.056285131722688675 -0.17423513531684875 -0.04507003352046013 -0.04866880178451538 -0.16883094608783722 -0.040601424872875214 -0.059174545109272 -0.17253902554512024 0.03467457368969917 -0.0709027573466301 -0.1897880733013153 0.004323774948716164 -0.01699613593518734 -0.16509857773780823 -0.04371972009539604 -0.062290240079164505 -0.18243660032749176 0.033937107771635056 -0.03126431256532669 -0.1811361163854599 0.050684910267591476 -0.042956843972206116 -0.18570324778556824 -0.042754992842674255 -0.01902179792523384 -0.17029701173305511 -0.052874982357025146 -0.04377466440200806 -0.1805924028158188 -0.05288691073656082 -0.018521687015891075 -0.17802223563194275 0.04988201707601547 -0.06249399483203888 -0.17005418241024017 -0.0365094318985939 -0.05235912278294563 -0.16453659534454346 -0.04628691077232361 -0.04920407012104988 -0.16176818311214447 -0.05267094820737839 -0.04906638339161873 -0.17131787538528442 -0.013599650003015995 -0.06716787815093994 -0.17206212878227234 -0.06321440637111664 -0.017059598118066788 -0.030138002708554268 -0.17036809027194977 -0.06602568179368973 -0.03989081457257271 -0.17378832399845123 -0.0738929808139801 -0.04144178703427315 -0.17695873975753784 -0.07083894312381744 -0.045355841517448425 -0.1699938029050827 -0.07756786048412323 -0.05272488296031952 -0.1770755499601364 -0.0733218863606453 -0.02650170959532261 -0.1876661628484726 -0.06468765437602997 -0.04679730162024498 -0.20076803863048553 -0.07261606305837631 -0.04843461140990257 -0.18166491389274597 -0.0726584792137146 -0.03182150423526764 -0.20199622213840485 -0.06816558539867401 -0.022035442292690277 -0.20232796669006348 -0.06429794430732727 -0.025938283652067184 -0.16119666397571564 -0.06212875247001648 0.1573917418718338 -0.06863901019096375 -0.030213842168450356 0.1616445928812027 -0.07312683761119843 -0.034264951944351196 0.16156882047653198 -0.07385431975126266 -0.024886008352041245 0.1607237458229065 -0.06769972294569016 -0.023105647414922714 0.16749811172485352 -0.07419617474079132 -0.023299211636185646 0.14921152591705322 0.16308985650539398 -0.07068406790494919 0.15147118270397186 0.16185995936393738 -0.06447814404964447 0.1428264081478119 0.15807786583900452 -0.06577447056770325 0.14778505265712738 0.15902897715568542 -0.062291793525218964 0.14228016138076782 0.16219554841518402 -0.07437249273061752 0.1370401829481125 0.15768221020698547 -0.06841251999139786 0.13682810962200165 0.16275686025619507 -0.07576547563076019 0.1277640461921692 0.16005101799964905 -0.07565321773290634 0.12510719895362854 0.1542147994041443 -0.06849159300327301 0.11582837253808975 0.15979008376598358 -0.0706755593419075 0.11387120932340622 0.15659156441688538 -0.06323569267988205 0.17711293697357178 -0.03333558142185211 -0.04033892974257469 0.1814906746149063 -0.03619834780693054 -0.04214216768741608 0.18081459403038025 -0.047774508595466614 -0.04077577963471413 0.17466574907302856 -0.04668314382433891 -0.03750582039356232 0.1749476194381714 -0.028213059529662132 -0.03958752006292343 -0.019860580563545227 0.3539586663246155 0.0076606906950473785 -0.018908530473709106 0.3417123556137085 0.0026721491012722254 -0.021513836458325386 0.3297327160835266 0.0007101199589669704 -0.10467090457677841 -0.1139681339263916 0.008427094668149948 -0.10683245211839676 -0.11854733526706696 0.012415909208357334 -0.106924869120121 -0.122874416410923 0.005472096148878336 -0.1069423109292984 -0.12087863683700562 0.001319033675827086 -0.1049422174692154 -0.11606717109680176 0.020876919850707054 -0.1059250459074974 -0.11385520547628403 0.0005486900336109102 -0.003115029539912939 0.3733963668346405 0.04090013727545738 -0.009725251235067844 0.3674401044845581 0.037350598722696304 -0.0009688839199952781 0.36748480796813965 0.040353380143642426 -0.0062229223549366 0.38001251220703125 0.038578443229198456 -0.01813112013041973 0.37772390246391296 0.02808917686343193 0.005273184273391962 0.4181534945964813 0.04858376830816269 0.0033217344898730516 0.42300623655319214 0.04778515174984932 0.002737288363277912 0.4119251072406769 0.04830995574593544 -0.006812249310314655 0.4163344204425812 0.04131455346941948 -0.0005712070851586759 0.4342828094959259 0.04444205388426781 -0.019748367369174957 0.43287307024002075 0.03792694956064224 -0.03349074348807335 0.4324842393398285 0.031503405421972275 -0.024096941575407982 0.4006454646587372 0.031205853447318077 -0.01339093316346407 0.40366074442863464 0.03630756214261055 -0.01567564532160759 0.3908442258834839 0.03326091542840004 -0.0062096030451357365 0.3911612927913666 0.043227750808000565 -0.0030844910070300102 0.39904874563217163 0.04602020978927612 -0.006955653429031372 0.4036290645599365 0.04625614359974861 -0.031557317823171616 0.4363464117050171 0.03046233020722866 -0.0306863971054554 0.4436914920806885 0.030159547924995422 -0.024176577106118202 0.4468708634376526 0.03426200523972511 -0.03363719582557678 0.4479597508907318 0.03181988373398781 -0.030738873407244682 0.46097612380981445 0.03672407940030098 -0.006624892354011536 0.44605568051338196 0.038758862763643265 -0.013703371398150921 0.4523879885673523 0.03993280604481697 -0.021845554932951927 0.45676982402801514 0.0400690920650959 -0.009446749463677406 0.45205801725387573 0.04212728515267372 0.0006895567639730871 0.4521101713180542 0.04037853702902794 0.007298791781067848 0.44690415263175964 0.03597305342555046 -0.014048516750335693 0.4664155840873718 0.04048418253660202 -0.00977411400526762 0.4648095965385437 0.0434032641351223 0.0016548647545278072 0.46487516164779663 0.04133366793394089 0.011375365778803825 0.4660550355911255 0.03715990111231804 -0.025475868955254555 0.4721948802471161 0.03626096993684769 -0.0037395518738776445 0.4369129538536072 0.041463207453489304 -0.009709545411169529 0.4767732620239258 0.03908434510231018 0.009509440511465073 0.43612632155418396 0.03736075013875961 0.002811638405546546 0.48111411929130554 0.03552994504570961 -0.0015976608265191317 0.48129913210868835 0.034854039549827576 0.012563583441078663 0.47764599323272705 0.0318673811852932 -0.009842387400567532 0.4847140312194824 0.03392685204744339 -0.025434095412492752 0.4843234717845917 0.028590817004442215 -0.03252067416906357 0.47805434465408325 0.030532872304320335 -0.03307413309812546 0.4675039052963257 0.03525564819574356 -0.011120029725134373 0.4923456609249115 0.02611091546714306 -0.002510824939236045 0.4935814440250397 0.02204357273876667 0.0020430388394743204 0.4917733669281006 0.0262150801718235 -0.031468525528907776 0.48982003331184387 0.019955910742282867 0.009866585955023766 0.4904179573059082 0.02017275243997574 0.014781421050429344 0.4908679723739624 0.018803047016263008 0.010111558251082897 0.4968923032283783 0.009159749373793602 0.0004658391699194908 0.4978718161582947 0.014370031654834747 0.011889447458088398 0.43401259183883667 0.040822308510541916 0.019659731537103653 0.43405410647392273 0.03571896627545357 0.02393071912229061 0.435314416885376 0.02819744497537613 0.1514083743095398 -0.06160065159201622 -0.04499712586402893 0.15962857007980347 -0.06371762603521347 -0.038542211055755615 0.15365299582481384 -0.058400604873895645 -0.039719708263874054 0.16133710741996765 -0.06657745689153671 -0.04248485714197159 0.15097035467624664 -0.05719315633177757 -0.045142512768507004 0.0743182972073555 -0.20233364403247833 -0.049889083951711655 0.08335542678833008 -0.20171406865119934 -0.04027580842375755 0.07203183323144913 -0.20171037316322327 -0.04636632278561592 0.06119732931256294 -0.20405979454517365 -0.051811445504426956 0.09290382266044617 -0.20223915576934814 -0.03388013690710068 0.06208617240190506 -0.20162303745746613 -0.057329099625349045 0.052535079419612885 -0.20089448988437653 -0.05594140291213989 0.0850304588675499 -0.19915662705898285 -0.044848084449768066 -0.16143803298473358 -0.057447053492069244 -0.026536162942647934 -0.1547001153230667 -0.06226087361574173 -0.02715570479631424 -0.15297114849090576 -0.0658312663435936 -0.027055127546191216 -0.16438743472099304 -0.05875397101044655 -0.02982442080974579 0.17673124372959137 -0.07604194432497025 0.006192510016262531 0.17702671885490417 -0.08025789260864258 -0.0017613430973142385 0.1826508343219757 -0.0816163420677185 -0.0012009384809061885 0.18535307049751282 -0.0740940123796463 0.0068639968521893024 0.1840542107820511 -0.03591960668563843 0.0025852862745523453 0.18041031062602997 -0.0638570487499237 0.006367208901792765 0.18746080994606018 -0.05296733230352402 0.0060257501900196075 0.19044367969036102 -0.03864160180091858 0.003568449290469289 0.18007072806358337 -0.00211079022847116 -0.0017041064566001296 0.17208875715732574 -0.010132256895303726 -0.00121563661377877 0.1765327751636505 -0.02841520868241787 -0.0010338551364839077 0.17978040874004364 -0.04513704776763916 4.14107198594138E-05 0.17698705196380615 -0.061453260481357574 0.0013498784974217415 0.19328345358371735 -0.051488377153873444 0.003197691636160016 0.1937992423772812 -0.022777292877435684 -0.002395442919805646 0.18252237141132355 0.002389372093603015 -0.00298096495680511 0.18972545862197876 -0.06704685091972351 0.004638588055968285 -0.1547001153230667 -0.06226087361574173 -0.02715570479631424 -0.16438743472099304 -0.05875397101044655 -0.02982442080974579 -0.15297114849090576 -0.0658312663435936 -0.027055127546191216 -0.16316868364810944 -0.054455384612083435 -0.03164467215538025 -0.10467090457677841 -0.1139681339263916 0.008427094668149948 -0.1059250459074974 -0.11385520547628403 0.0005486900336109102 -0.1023225262761116 -0.11759911477565765 0.0010595917701721191 -0.09861266613006592 -0.1162879541516304 -0.007509456481784582 -0.10338383913040161 -0.10799939185380936 -0.007148522883653641 -0.09892478585243225 -0.11040855944156647 -0.014839493669569492 -0.10023589432239532 -0.10613471269607544 -0.02635975554585457 -0.09462893754243851 -0.11688778549432755 -0.022912567481398582 -0.09153132140636444 -0.1140391081571579 -0.031529832631349564 -0.09315463155508041 -0.11709156632423401 -0.011010203510522842 -0.09500981867313385 -0.10410328209400177 -0.032919906079769135 -0.08386178314685822 -0.10854554921388626 -0.03686199709773064 -0.03402513265609741 0.38552454113960266 0.0011740810004994273 -0.027105821296572685 0.38102591037750244 0.001237288466654718 -0.026859451085329056 0.37565892934799194 0.005260784644633532 -0.15576159954071045 -0.05620023235678673 -0.045047760009765625 -0.15584959089756012 -0.05259170010685921 -0.04081252962350845 -0.14769692718982697 -0.05771315470337868 -0.04199174791574478 -0.16249334812164307 -0.043291423469781876 -0.04710124433040619 -0.16453659534454346 -0.04628691077232361 -0.04920407012104988 -0.16017144918441772 -0.0361834391951561 -0.04981653019785881 -0.15485967695713043 -0.06004419922828674 -0.04598790034651756 -0.1634930670261383 -0.05529278144240379 -0.04689447581768036 -0.17423513531684875 -0.04507003352046013 -0.04866880178451538 -0.17005418241024017 -0.0365094318985939 -0.05235912278294563 -0.17684732377529144 -0.03306691721081734 -0.05172795429825783 0.02269078604876995 0.409373015165329 -0.07304820418357849 0.023079335689544678 0.4084877073764801 -0.06950388848781586 0.02179550938308239 0.3966311812400818 -0.07433821260929108 0.019692204892635345 0.4153437614440918 -0.07401690632104874 0.03251958265900612 0.3849257528781891 -0.048466019332408905 0.02758520282804966 0.37863627076148987 -0.04804176464676857 0.034208670258522034 0.3801836371421814 -0.05196504294872284 0.15038469433784485 0.18627038598060608 -0.04067666828632355 0.15745069086551666 0.19040584564208984 -0.03850531205534935 0.15037302672863007 0.1893785148859024 -0.035721637308597565 0.1636764258146286 0.19409558176994324 -0.050059083849191666 0.16301296651363373 0.19448517262935638 -0.04496372491121292 0.14896364510059357 0.18861952424049377 -0.04959508776664734 0.1680910438299179 0.20562568306922913 -0.05973998084664345 0.16403932869434357 0.20211416482925415 -0.06204793229699135 0.16812343895435333 0.21072036027908325 -0.06973825395107269 0.16476014256477356 0.20235693454742432 -0.049469489604234695 -0.11023052781820297 -0.11717882007360458 0.005752493627369404 -0.1059250459074974 -0.11385520547628403 0.0005486900336109102 -0.1069423109292984 -0.12087863683700562 0.001319033675827086 -0.106924869120121 -0.122874416410923 0.005472096148878336 -0.1106337159872055 -0.12050247192382812 0.009113072417676449 -0.10623452067375183 -0.11656910181045532 -0.012804670259356499 -0.10706949234008789 -0.11345122754573822 -0.0033760417718440294 -0.11114123463630676 -0.112539142370224 -0.0005655729328282177 0.0010477853938937187 0.4618532657623291 -0.07883617281913757 5.407817297964357E-05 0.45232853293418884 -0.08183895796537399 -0.002351780654862523 0.43921512365341187 -0.08189796656370163 -0.15621884167194366 -0.07624375075101852 -0.008977634832262993 -0.15416283905506134 -0.07453718781471252 -0.0048166136257350445 -0.164242222905159 -0.07550078630447388 -0.007998842746019363 -0.1612084060907364 -0.0704556554555893 -0.0005349653074517846 -0.16977237164974213 -0.06980381160974503 -0.0034084348008036613 -0.1713767945766449 -0.07054141908884048 -0.008143626153469086 -0.1838969886302948 -0.05693438649177551 -0.005694097839295864 -0.18196138739585876 -0.058465052396059036 -0.012686957605183125 -0.1885005682706833 -0.04629489779472351 -0.01676061563193798 -0.19189082086086273 -0.03929082676768303 -0.012352603487670422 -0.17723232507705688 -0.06109852343797684 -0.01372405607253313 -0.1891176849603653 -0.0371176153421402 -0.005129168275743723 -0.19330665469169617 -0.027850022539496422 -0.013350573368370533 -0.1822691261768341 -0.05369935929775238 -0.0029135083314031363 -0.18903520703315735 -0.025321602821350098 -0.006752950605005026 -0.19327372312545776 -0.011893687769770622 -0.015662262216210365 -0.18841078877449036 -0.005411915015429258 -0.01013160590082407 -0.1897880733013153 0.004323774948716164 -0.01699613593518734 0.03547362610697746 0.4213863015174866 -0.06043563410639763 0.034270044416189194 0.4120931625366211 -0.062319058924913406 0.03817007690668106 0.4167565107345581 -0.06338659673929214 0.03146982938051224 0.4062245190143585 -0.07035697996616364 0.03230888023972511 0.40378010272979736 -0.06780284643173218 0.02708096243441105 0.41432178020477295 -0.06545543670654297 0.034208670258522034 0.3801836371421814 -0.05196504294872284 0.03731314092874527 0.3819514811038971 -0.044416457414627075 0.03236966207623482 0.38029536604881287 -0.045515257865190506 0.027607383206486702 0.37960579991340637 -0.056344445794820786 0.02758520282804966 0.37863627076148987 -0.04804176464676857 0.019786952063441277 0.372847318649292 -0.05016394332051277 0.03332913666963577 0.38314926624298096 -0.05737936124205589 0.0391683503985405 0.38486072421073914 -0.051888272166252136 0.03622564300894737 0.38795989751815796 -0.05800987780094147 -0.04304185509681702 -0.1033036932349205 -0.04771073907613754 -0.035373616963624954 -0.10496879369020462 -0.04894468933343887 -0.03516578674316406 -0.10397043079137802 -0.04463119059801102 -0.036553606390953064 -0.09892706573009491 -0.04175453260540962 -0.027294671162962914 -0.10045011341571808 -0.03968522697687149 -0.1400679349899292 0.19011926651000977 -0.10089202970266342 -0.14430540800094604 0.18716201186180115 -0.103275828063488 -0.14491073787212372 0.18934249877929688 -0.09694531559944153 -0.13593967258930206 0.18537437915802002 -0.10931988060474396 -0.13901549577713013 0.17845237255096436 -0.11322332173585892 -0.1356004923582077 0.17942455410957336 -0.11318924278020859 -0.1438143104314804 0.1773609220981598 -0.1077800989151001 -0.1421034038066864 0.18906354904174805 -0.0921957716345787 -0.056941185146570206 0.43470460176467896 -0.022693095728754997 -0.057472292333841324 0.42830708622932434 -0.03168599307537079 -0.059739984571933746 0.4261833429336548 -0.03095369227230549 0.14672055840492249 0.2013731747865677 -0.0503675676882267 0.15172620117664337 0.20264460146427155 -0.052019696682691574 0.14665043354034424 0.19758707284927368 -0.05320825055241585 0.15357555449008942 0.19949300587177277 -0.05519028380513191 -0.1216832622885704 0.16128313541412354 -0.11142032593488693 -0.11715695261955261 0.17080797255039215 -0.10986383259296417 -0.11840477585792542 0.16838747262954712 -0.10709782689809799 -0.12240070104598999 0.1546064168214798 -0.10591889917850494 -0.054479893296957016 -0.06349488347768784 0.04781489819288254 -0.04985648766160011 -0.06324614584445953 0.04838632792234421 -0.05083067715167999 -0.06763384491205215 0.05393727496266365 -0.106924869120121 -0.122874416410923 0.005472096148878336 -0.10683245211839676 -0.11854733526706696 0.012415909208357334 -0.1106337159872055 -0.12050247192382812 0.009113072417676449 -0.1049422174692154 -0.11606717109680176 0.020876919850707054 0.03170914575457573 0.3937731683254242 -0.06718459725379944 0.035604942589998245 0.39528191089630127 -0.06365057826042175 0.0342169925570488 0.39223456382751465 -0.05959053337574005 0.0272004883736372 0.39029547572135925 -0.05885722488164902 0.01659390889108181 0.39710262417793274 -0.07057839632034302 0.016069140285253525 0.391937255859375 -0.07071491330862045 0.013036632910370827 0.395428866147995 -0.07474400103092194 0.019773591309785843 0.39197176694869995 -0.06796020269393921 0.018204430118203163 0.38366103172302246 -0.0683969110250473 0.02455534227192402 0.3870037794113159 -0.06479035317897797 0.020709287375211716 0.3802631199359894 -0.06493599712848663 0.02179550938308239 0.3966311812400818 -0.07433821260929108 0.011483588255941868 0.4017587900161743 -0.07536272704601288 0.008293665014207363 0.4004448652267456 -0.07102445513010025 0.009586716070771217 0.4045303761959076 -0.07323895394802094 0.010408677160739899 0.39394184947013855 -0.07003141939640045 0.011812938377261162 0.38719606399536133 -0.06162237748503685 0.011556628160178661 0.38032740354537964 -0.06076667085289955 0.012302905321121216 0.3745499551296234 -0.056092072278261185 0.0011043165577575564 0.3783492147922516 -0.06113413721323013 0.006178057286888361 0.38644152879714966 -0.06842973083257675 -0.17409345507621765 -0.050453897565603256 -0.015853948891162872 -0.1810171902179718 -0.04987163841724396 -0.017517756670713425 -0.168489009141922 -0.053316980600357056 -0.017384743317961693 -0.16224274039268494 -0.0686202272772789 -0.013485032133758068 -0.17206212878227234 -0.06321440637111664 -0.017059598118066788 -0.1655295044183731 -0.07049968838691711 -0.01747214049100876 -0.15733009576797485 -0.07421356439590454 -0.017234355211257935 -0.1511339396238327 -0.07349592447280884 -0.01418396644294262 -0.1805924028158188 -0.05288691073656082 -0.018521687015891075 -0.18570324778556824 -0.042754992842674255 -0.01902179792523384 -0.15205880999565125 -0.06890980899333954 -0.013143409974873066 0.14537039399147034 0.2239246666431427 -0.04321648180484772 0.14348340034484863 0.2190156728029251 -0.041367270052433014 0.1469235122203827 0.21974767744541168 -0.04593520984053612 0.14187948405742645 0.22090311348438263 -0.03580278158187866 0.13941273093223572 0.2468089759349823 -0.04293645918369293 0.13773974776268005 0.2518818974494934 -0.03824913501739502 0.13773095607757568 0.2621036171913147 -0.046628281474113464 0.13970209658145905 0.21603523194789886 -0.03194690868258476 0.13464075326919556 0.2471572607755661 -0.025830022990703583 0.13658306002616882 0.20412284135818481 -0.02455081231892109 0.1397877186536789 0.20543493330478668 -0.029680177569389343 0.13881488144397736 0.19118322432041168 -0.02541409060359001 0.12528954446315765 0.24388284981250763 -0.014452650211751461 0.1340377777814865 0.25049495697021484 -0.02792597934603691 0.13791683316230774 0.27289703488349915 -0.02588222175836563 0.13262781500816345 0.27672645449638367 -0.0109056131914258 0.13289427757263184 0.2889251708984375 -0.00787504855543375 0.13395236432552338 0.2958085536956787 -0.021015187725424767 0.13719631731510162 0.2831474244594574 -0.03334316238760948 0.1251322627067566 0.2838249206542969 0.004915818106383085 0.12614190578460693 0.30488917231559753 -0.007745181210339069 0.12419654428958893 0.2976798117160797 0.003173324977979064 0.12358500063419342 0.275085985660553 0.0039053354412317276 0.12719205021858215 0.26142632961273193 -0.009644377045333385 0.13231834769248962 0.2973233759403229 -0.03322947025299072 0.13493527472019196 0.2826376259326935 -0.04376509413123131 0.12585854530334473 0.2488325834274292 -0.01733458787202835 0.12302389740943909 0.3115553855895996 -0.019693205133080482 0.13481667637825012 0.2708933651447296 -0.05040857568383217 0.13356277346611023 0.1868959367275238 -0.02091618813574314 0.1262875199317932 0.20359772443771362 -0.016458723694086075 0.14717262983322144 0.21652482450008392 -0.03631556034088135 0.14448215067386627 0.19951598346233368 -0.030846605077385902 0.020300060510635376 -0.15766751766204834 -0.05629546940326691 0.022913305088877678 -0.1593182235956192 -0.05378195643424988 0.018205003812909126 -0.16296827793121338 -0.051825445145368576 0.026842745020985603 -0.15562093257904053 -0.05165057256817818 0.01660572737455368 -0.16984421014785767 -0.055434513837099075 0.034156836569309235 0.4006112515926361 -0.017528126016259193 0.027628710493445396 0.3872785270214081 -0.011242168955504894 0.030577905476093292 0.3967735469341278 -0.015659838914871216 -0.1421034038066864 0.18906354904174805 -0.0921957716345787 -0.14491073787212372 0.18934249877929688 -0.09694531559944153 -0.14430540800094604 0.18716201186180115 -0.103275828063488 0.015359165146946907 -0.13247203826904297 -0.05470472201704979 0.012994349002838135 -0.1318877935409546 -0.05072740465402603 0.017505979165434837 -0.13397683203220367 -0.04890222102403641 0.004986848682165146 -0.1298736035823822 -0.04794102907180786 -0.16316868364810944 -0.054455384612083435 -0.03164467215538025 -0.16143803298473358 -0.057447053492069244 -0.026536162942647934 -0.16438743472099304 -0.05875397101044655 -0.02982442080974579 -0.0447000227868557 -0.16980277001857758 -0.08049663156270981 -0.045355841517448425 -0.1699938029050827 -0.07756786048412323 -0.03989081457257271 -0.17378832399845123 -0.0738929808139801 -0.16316868364810944 -0.054455384612083435 -0.03164467215538025 -0.1688706874847412 -0.0570373497903347 -0.033608485013246536 -0.16517597436904907 -0.05332722142338753 -0.029301904141902924 -0.09923043102025986 -0.1094449982047081 0.04087835177779198 -0.09701179713010788 -0.10501081496477127 0.050643227994441986 -0.09925323724746704 -0.10651778429746628 0.04719776287674904 -0.08935760706663132 -0.10129372775554657 0.04670684039592743 -0.08389017730951309 -0.0944606214761734 0.0524216964840889 -0.08004952222108841 -0.09718391299247742 0.06899084895849228 -0.07738889753818512 -0.08788217604160309 0.06258843094110489 -0.07577038556337357 -0.0754663273692131 0.058352988213300705 -0.03736121207475662 -0.10946891456842422 0.09694385528564453 -0.03420973941683769 -0.1359480619430542 0.09953674674034119 -0.048360880464315414 -0.11789204180240631 0.09500155597925186 -0.03776087611913681 -0.15032608807086945 0.1001451164484024 -0.042936213314533234 -0.09092680364847183 0.0954601839184761 -0.032347582280635834 -0.10096721351146698 0.09876710921525955 -0.029286742210388184 -0.06874649971723557 0.09635180979967117 -0.04328393191099167 -0.06843588501214981 0.09411829710006714 -0.03451673313975334 -0.04970477521419525 0.0939757227897644 -0.02486439421772957 -0.05068393796682358 0.09593356400728226 -0.019837241619825363 -0.03465263545513153 0.09579052776098251 -0.0478924959897995 -0.15640372037887573 0.10033943504095078 -0.047331228852272034 -0.18807555735111237 0.10217984765768051 -0.03751053288578987 -0.1859445422887802 0.1033170074224472 -0.0607299767434597 -0.15253464877605438 0.09459254145622253 -0.04579729586839676 -0.05734199658036232 0.09041522443294525 -0.06407231837511063 -0.12181743234395981 0.08708082139492035 -0.03608313947916031 -0.16031692922115326 0.10300624370574951 -0.053577810525894165 -0.06894899904727936 0.08733667433261871 -0.06539575755596161 -0.09349299222230911 0.08247494697570801 -0.06176379695534706 -0.18798567354679108 0.09289596229791641 -0.0659087672829628 -0.16265824437141418 0.09007640182971954 -0.07472889125347137 -0.1224294975399971 0.07716021686792374 -0.09089034050703049 -0.1284429430961609 0.061570536345243454 -0.07785661518573761 -0.15986543893814087 0.07338276505470276 -0.09034713357686996 -0.15875425934791565 0.06451912224292755 -0.09423696249723434 -0.18963037431240082 0.0647134780883789 -0.07621412724256516 -0.18835408985614777 0.0779399499297142 -0.09783059358596802 -0.16080324351787567 0.05810210481286049 -0.1024051234126091 -0.18890142440795898 0.05505850538611412 -0.1036139652132988 -0.14788196980953217 0.04923378676176071 -0.10066689550876617 -0.12437249720096588 0.0483262725174427 -0.10573913902044296 -0.1820727288722992 0.04786093533039093 -0.11010199040174484 -0.18920767307281494 0.043541669845581055 -0.11377794295549393 -0.18066073954105377 0.0327797569334507 -0.11644501239061356 -0.18901093304157257 0.029278689995408058 -0.029545754194259644 -0.07757445424795151 0.09870325028896332 -0.06934653222560883 -0.19030340015888214 0.08733657002449036 -0.054628144949674606 -0.19091251492500305 0.10037871450185776 -0.061900168657302856 -0.074720099568367 0.06006728112697601 -0.0908234491944313 0.18739169836044312 -0.05056671425700188 -0.08798392117023468 0.18833738565444946 -0.05880369618535042 -0.08431565016508102 0.15360718965530396 -0.043413009494543076 -0.032432131469249725 0.3949572443962097 -0.061298348009586334 -0.0241830013692379 0.3923307955265045 -0.062123630195856094 -0.026268815621733665 0.3833026587963104 -0.05686035752296448 -0.013761614449322224 0.3825746476650238 -0.060012027621269226 -0.03401670977473259 0.4025622606277466 -0.06377463042736053 -0.022758975625038147 0.4080604910850525 -0.07161908596754074 -0.020963771268725395 0.39512231945991516 -0.06659233570098877 -0.09968876093626022 0.1926741898059845 -0.043756864964962006 -0.11032817512750626 0.1983320713043213 -0.041459571570158005 -0.10888727754354477 0.18256597220897675 -0.04222424328327179 -0.1042899563908577 0.24839095771312714 -0.018579864874482155 -0.10516645759344101 0.23561713099479675 -0.029078016057610512 -0.09575486183166504 0.2433527559041977 -0.02553457021713257 0.01875160075724125 -0.11551299691200256 -0.04963777959346771 0.015359165146946907 -0.13247203826904297 -0.05470472201704979 0.017505979165434837 -0.13397683203220367 -0.04890222102403641 0.1469235122203827 0.21974767744541168 -0.04593520984053612 0.16250444948673248 0.22126100957393646 -0.04668013006448746 0.15417277812957764 0.22220829129219055 -0.04041526839137077 0.14628657698631287 0.2196718156337738 -0.049245189875364304 0.14348340034484863 0.2190156728029251 -0.041367270052433014 -0.14188648760318756 0.1609601378440857 -0.09596196562051773 -0.1466517448425293 0.16230890154838562 -0.1025485247373581 -0.13838018476963043 0.15669505298137665 -0.10698872059583664 0.15797117352485657 0.19451913237571716 -0.038162101060152054 0.14541073143482208 0.19268502295017242 -0.035639096051454544 0.15745069086551666 0.19040584564208984 -0.03850531205534935 0.16301296651363373 0.19448517262935638 -0.04496372491121292 0.1659335196018219 0.2121550738811493 -0.06034771353006363 0.16040892899036407 0.2107536941766739 -0.05981158837676048 0.16476014256477356 0.20235693454742432 -0.049469489604234695 0.16159583628177643 0.22471551597118378 -0.0736464187502861 0.16591192781925201 0.22882555425167084 -0.07546743005514145 0.15754157304763794 0.20037014782428741 -0.04426455497741699 0.14672055840492249 0.2013731747865677 -0.0503675676882267 0.15172620117664337 0.20264460146427155 -0.052019696682691574 0.1604403257369995 0.23865360021591187 -0.07875696569681168 0.16615280508995056 0.24049772322177887 -0.08285458385944366 0.16962018609046936 0.21996726095676422 -0.07184422016143799 0.1678350418806076 0.2349187582731247 -0.0849577784538269 0.1591120809316635 0.21127673983573914 -0.06482537090778351 0.16198697686195374 0.258912593126297 -0.08033668994903564 0.1680910438299179 0.20562568306922913 -0.05973998084664345 0.15740683674812317 0.2434980273246765 -0.07607713341712952 -0.006983231753110886 -0.19767272472381592 -0.049258362501859665 -0.0003833563532680273 -0.20466357469558716 -0.05261457711458206 -0.007490312214940786 -0.20256051421165466 -0.04832793027162552 0.0476410910487175 0.39511311054229736 -0.027410276234149933 0.044162191450595856 0.3863917291164398 -0.025394082069396973 0.04396278038620949 0.3929346799850464 -0.02957192063331604 0.02179550938308239 0.3966311812400818 -0.07433821260929108 0.011483588255941868 0.4017587900161743 -0.07536272704601288 0.009586716070771217 0.4045303761959076 -0.07323895394802094 -0.13918738067150116 -0.0685209333896637 -0.04073250666260719 -0.14150622487068176 -0.07213065028190613 -0.03312905877828598 -0.14155934751033783 -0.07111089676618576 -0.04044365510344505 -0.03215726092457771 -0.17129461467266083 -0.06958189606666565 -0.03989081457257271 -0.17378832399845123 -0.0738929808139801 -0.030138002708554268 -0.17036809027194977 -0.06602568179368973 0.012801873497664928 0.09889724105596542 -0.06182742118835449 0.016487687826156616 0.10034648329019547 -0.06154851242899895 0.014133816584944725 0.0809834748506546 -0.06255923211574554 -0.0010417317971587181 0.07966769486665726 -0.06472480297088623 0.0017782305367290974 0.12495789676904678 -0.06688740849494934 0.03348889574408531 0.08184745907783508 -0.06170698627829552 0.031142782419919968 0.05942358821630478 -0.06654946506023407 0.048267338424921036 0.07915794849395752 -0.06227157264947891 0.04779689013957977 0.06147211790084839 -0.06420798599720001 0.012624609284102917 0.032001543790102005 -0.07205832749605179 0.058964960277080536 0.06883927434682846 -0.05664451792836189 0.06303465366363525 0.03253823518753052 -0.05703243613243103 0.06618816405534744 0.07687131315469742 -0.050082914531230927 0.0514238141477108 0.02098487876355648 -0.06423851102590561 0.0013307755580171943 0.05453038588166237 -0.07018717378377914 0.05022710561752319 0.08583768457174301 -0.05883209779858589 0.01517877634614706 0.1286741942167282 -0.06576187163591385 -0.0013183053815737367 0.14331640303134918 -0.06945761293172836 0.02877037227153778 0.15458853542804718 -0.06930197030305862 -0.013410116545855999 0.16416172683238983 -0.07321253418922424 0.039056599140167236 0.14377006888389587 -0.06605660915374756 0.03967386856675148 0.12228267639875412 -0.06047535687685013 0.051310062408447266 0.14600251615047455 -0.06421709060668945 0.0013682134449481964 0.18531298637390137 -0.07639912515878677 -0.014044081792235374 0.18724378943443298 -0.07790345698595047 -0.032585885375738144 0.21875439584255219 -0.08878079801797867 -0.0008482472621835768 0.22366724908351898 -0.08667130023241043 0.05052587389945984 0.19647657871246338 -0.07877422124147415 0.028366807848215103 0.221666157245636 -0.08551856130361557 -0.004528224468231201 0.2620271146297455 -0.09331853687763214 0.06036476045846939 0.21724382042884827 -0.08338270336389542 0.06992267072200775 0.1997971534729004 -0.07688459753990173 0.05506870895624161 0.17064964771270752 -0.07030116021633148 0.06886973977088928 0.17802740633487701 -0.06719451397657394 0.08014898002147675 0.20127348601818085 -0.06783655285835266 0.07944389432668686 0.21755629777908325 -0.07924262434244156 0.042572952806949615 0.2544795274734497 -0.08841438591480255 -0.030503327026963234 0.25016865134239197 -0.09488636255264282 0.011253013275563717 0.25953617691993713 -0.09180464595556259 -0.043445415794849396 0.1748373806476593 -0.07604489475488663 -0.04976074770092964 0.21255826950073242 -0.08778049051761627 -0.05470201373100281 0.17926327884197235 -0.07573029398918152 -0.06872249394655228 0.17233115434646606 -0.07039866596460342 -0.07017312198877335 0.1913733333349228 -0.07694554328918457 -0.08003680408000946 0.1856449395418167 -0.06763751804828644 -0.08640230447053909 0.21629241108894348 -0.07961534708738327 -0.08682362735271454 0.20693334937095642 -0.07325072586536407 -0.08691868931055069 0.22470256686210632 -0.08403157442808151 -0.0756257101893425 0.15701836347579956 -0.060569845139980316 -0.08798392117023468 0.18833738565444946 -0.05880369618535042 -0.08431565016508102 0.15360718965530396 -0.043413009494543076 -0.07525841146707535 0.13241536915302277 -0.04862501472234726 -0.07207382470369339 0.1272093504667282 -0.05332420393824577 -0.08472838997840881 0.13581763207912445 -0.03606497123837471 -0.061745334416627884 0.11962002515792847 -0.058643538504838943 -0.0687657967209816 0.22218665480613708 -0.0889049619436264 -0.07710231840610504 0.12689988315105438 -0.045085471123456955 -0.08192556351423264 0.11290673166513443 -0.03762383386492729 -0.08722443133592606 0.20007076859474182 -0.06776311993598938 -0.07940896600484848 0.13239173591136932 -0.043063536286354065 -0.05512441694736481 0.1260800063610077 -0.06300412118434906 -0.049854911863803864 0.10068485140800476 -0.06177885830402374 -0.04104132205247879 0.12582539021968842 -0.0665932148694992 0.0013747215270996094 0.012965391390025616 -0.07425709068775177 -0.007073000073432922 0.022184813395142555 -0.0730324387550354 -0.007708527613431215 0.005451136734336615 -0.07232394069433212 -0.0004926837282255292 0.0013129645958542824 -0.07333993911743164 -0.00742049515247345 -0.009847082197666168 -0.06762184947729111 -0.018913447856903076 -0.021845148876309395 -0.07027571648359299 0.013847099617123604 -0.0073831393383443356 -0.07085524499416351 -0.0193050317466259 0.006136794108897448 -0.07472158223390579 0.0012475861003622413 -0.024969901889562607 -0.07267273217439651 0.009727329947054386 -0.02552197314798832 -0.07218029350042343 0.03085000440478325 -0.013331243768334389 -0.06552188098430634 0.033238865435123444 0.0052681127563118935 -0.06723955273628235 0.054817572236061096 -0.01963290013372898 -0.062030963599681854 0.03552204370498657 -0.049797140061855316 -0.06154101714491844 0.03911742940545082 -0.07255499809980392 -0.05961043760180473 0.06315340846776962 -0.0611095130443573 -0.059977661818265915 0.03070361167192459 -0.07656466215848923 -0.06145521625876427 0.03706411272287369 -0.12177196890115738 -0.05930846184492111 0.04461478441953659 -0.11676284670829773 -0.059161681681871414 0.0435924157500267 -0.1546809822320938 -0.05700627341866493 0.038649652153253555 -0.16600996255874634 -0.05740347132086754 0.06217973306775093 -0.1292904019355774 -0.06087791919708252 0.052535079419612885 -0.20089448988437653 -0.05594140291213989 0.06208617240190506 -0.20162303745746613 -0.057329099625349045 0.08378347754478455 -0.17988969385623932 -0.04735143110156059 0.08451436460018158 -0.1484624594449997 -0.04742031544446945 0.07710281759500504 -0.10562796145677567 -0.0517042800784111 0.062367018312215805 -0.09971343725919724 -0.06253165751695633 0.08473384380340576 -0.07235611230134964 -0.0439307801425457 0.07081630825996399 -0.028808029368519783 -0.052917707711458206 0.0850304588675499 -0.19915662705898285 -0.044848084449768066 0.0743182972073555 -0.20233364403247833 -0.049889083951711655 0.05560678243637085 -0.11048746109008789 -0.06040783226490021 0.03269041329622269 -0.12991215288639069 -0.06110376864671707 0.046001777052879333 -0.2016073614358902 -0.056468263268470764 0.029710175469517708 -0.0350373201072216 -0.06424343585968018 0.011335328221321106 -0.05603627860546112 -0.07414131611585617 0.019922975450754166 -0.061230357736349106 -0.06995949894189835 0.0029844986274838448 -0.063019759953022 -0.07598145306110382 0.026040945202112198 0.2823623716831207 -0.08876719325780869 0.059400033205747604 0.2591497004032135 -0.08594847470521927 0.054991886019706726 0.28701773285865784 -0.08368107676506042 0.07629755884408951 0.278138130903244 -0.08085109293460846 0.03297248110175133 0.30753690004348755 -0.08327968418598175 0.05885644257068634 0.3018799126148224 -0.07948622852563858 -0.007490566466003656 0.30740299820899963 -0.08778869360685349 0.005469295661896467 0.320442259311676 -0.08202125132083893 0.005342903081327677 0.33237218856811523 -0.07684017717838287 -0.027196627110242844 0.32314926385879517 -0.08474840968847275 0.07958453893661499 0.2576722800731659 -0.0815291553735733 0.0983353778719902 0.27700352668762207 -0.07277150452136993 0.09035362303256989 0.25036442279815674 -0.07757610082626343 0.1070941686630249 0.25615453720092773 -0.06924538314342499 0.11621778458356857 0.26715949177742004 -0.0650167241692543 0.1206616759300232 0.2877810299396515 -0.05790096893906593 0.1009594053030014 0.298814594745636 -0.06483941525220871 0.12466109544038773 0.2700679898262024 -0.06022948399186134 0.13226181268692017 0.27090856432914734 -0.05439791455864906 0.13175055384635925 0.2679916024208069 -0.061077918857336044 0.13265585899353027 0.26138579845428467 -0.06820722669363022 0.09603539109230042 0.242969810962677 -0.07275443524122238 0.10094468295574188 0.24106556177139282 -0.0678238570690155 0.11341557651758194 0.2401013821363449 -0.07371214032173157 0.11389032006263733 0.2010115683078766 -0.07521673291921616 0.12728485465049744 0.2282562106847763 -0.07650724053382874 0.10408949851989746 0.2000163197517395 -0.06745927780866623 0.1308840662240982 0.20732422173023224 -0.0787835493683815 0.1222095713019371 0.18142345547676086 -0.07638904452323914 0.13217435777187347 0.16819791495800018 -0.07933586835861206 0.1277640461921692 0.16005101799964905 -0.07565321773290634 0.13635039329528809 0.20304833352565765 -0.07724090665578842 0.13443870842456818 0.2504497766494751 -0.07103721797466278 0.1418449431657791 0.19705896079540253 -0.07320239394903183 0.14180700480937958 0.24184004962444305 -0.06593725085258484 0.14225684106349945 0.24653837084770203 -0.06759778410196304 0.13871954381465912 0.2552756369113922 -0.07221949845552444 0.14686627686023712 0.24647261202335358 -0.0679154321551323 0.1435229480266571 0.24206390976905823 -0.05929488688707352 0.14179815351963043 0.17874255776405334 -0.07420016825199127 0.09745234251022339 0.22236663103103638 -0.06246275082230568 0.11426807194948196 0.1729377657175064 -0.07295458763837814 -0.007851234637200832 0.05078250914812088 -0.07021749019622803 -0.014447744935750961 0.07901941239833832 -0.06448537111282349 -0.031178856268525124 0.054773181676864624 -0.07038304209709167 -0.0342114195227623 0.08041962236166 -0.06347630172967911 -0.06803443282842636 0.06156621873378754 -0.06265470385551453 -0.05278923735022545 0.08283155411481857 -0.0594833642244339 -0.06787381321191788 0.08538445830345154 -0.05383313074707985 -0.07685285061597824 0.03876592591404915 -0.06447890400886536 -0.08269626647233963 0.08742181211709976 -0.03707252815365791 -0.09059832245111465 0.033199798315763474 -0.05182330682873726 -0.08682318031787872 0.07413863390684128 -0.037712179124355316 -0.09812486916780472 0.0325598381459713 -0.042981259524822235 -0.10106967389583588 0.00726013258099556 -0.04310040548443794 -0.08062484860420227 -0.0028045987710356712 -0.06826458126306534 3.711034150910564E-05 0.28719040751457214 -0.09052726626396179 -0.0166926309466362 0.3376016914844513 -0.07674034684896469 -0.036623939871788025 0.33683696389198303 -0.0775088220834732 -0.04980989173054695 0.32414960861206055 -0.084071584045887 -0.05053839087486267 0.3347189724445343 -0.07732181996107101 -0.02958006225526333 0.3527466058731079 -0.06295628100633621 -0.07910259068012238 0.32534340023994446 -0.07855096459388733 -0.07968325912952423 0.3056245744228363 -0.08954724669456482 -0.014008589088916779 0.35159221291542053 -0.06662893295288086 -0.11137383431196213 0.3122953772544861 -0.0793890431523323 -0.09918864816427231 0.29980984330177307 -0.088471420109272 -0.11511579155921936 0.29519322514533997 -0.08570326119661331 -0.12752778828144073 0.294679194688797 -0.07935352623462677 -0.1150931566953659 0.2814755141735077 -0.08877917379140854 -0.04859920218586922 0.30742496252059937 -0.09168174117803574 0.03984900191426277 0.17099085450172424 -0.07167983055114746 -0.054160941392183304 0.25543925166130066 -0.0972381979227066 0.031569257378578186 -0.16134949028491974 -0.06154557317495346 0.03555885702371597 -0.20205295085906982 -0.06337109208106995 0.02030389942228794 -0.17118427157402039 -0.07844342291355133 0.0188286192715168 -0.13392627239227295 -0.07993146032094955 0.023862676694989204 -0.20175842940807343 -0.07632508128881454 0.0054992795921862125 -0.16790486872196198 -0.07829601317644119 0.0031234652269631624 -0.1287638545036316 -0.07975040376186371 0.005815001670271158 -0.20165452361106873 -0.07585771381855011 0.0031663975678384304 -0.18440043926239014 -0.07583361864089966 0.051632706075906754 0.12625877559185028 -0.05836259946227074 0.05922822654247284 0.14006267488002777 -0.05673159286379814 0.06676062196493149 0.12506280839443207 -0.04769203066825867 0.0687275379896164 0.14830519258975983 -0.050828225910663605 0.06882454454898834 0.1611621379852295 -0.057086262851953506 0.08441180735826492 0.2986525297164917 -0.07240056991577148 -0.0589662529528141 0.03467895835638046 -0.07012832909822464 -0.019698942080140114 0.12292197346687317 -0.06703399121761322 -0.02925802394747734 0.2636653184890747 -0.09606248140335083 -0.05700462684035301 0.27005043625831604 -0.0973753109574318 -0.09634623676538467 -0.04435066878795624 -0.05185019597411156 -0.08172260969877243 -0.04218051955103874 -0.07095327228307724 -0.09077329188585281 -0.09240567684173584 -0.0613689161837101 -0.10006387531757355 -0.11852309852838516 -0.05409429594874382 -0.09169547259807587 -0.11238455772399902 -0.06220581755042076 -0.08124861121177673 -0.07586605846881866 -0.07440990209579468 -0.0661403238773346 -0.03911352902650833 -0.07250579446554184 -0.06517358869314194 -0.013886511325836182 -0.07168841361999512 -0.10613091289997101 -0.04751282557845116 -0.03775079920887947 -0.11244568228721619 -0.09725390374660492 -0.03414443880319595 -0.11711214482784271 -0.15196290612220764 -0.03560680150985718 -0.11361460387706757 -0.19431519508361816 -0.04593267664313316 -0.12116523087024689 -0.19334833323955536 -0.03440840169787407 -0.05244315415620804 -0.06118067726492882 -0.07120265066623688 -0.10331807285547256 -0.19567617774009705 -0.061140693724155426 -0.09483756870031357 -0.16108550131320953 -0.06499812752008438 -0.08619962632656097 -0.1977303922176361 -0.0822073221206665 -0.08311113715171814 -0.14764559268951416 -0.08006639778614044 -0.0690922662615776 -0.11452782154083252 -0.08311282843351364 -0.0763617753982544 -0.19834531843662262 -0.0860309973359108 -0.06297647207975388 -0.1996580958366394 -0.09244951605796814 -0.06407810002565384 -0.11787646263837814 -0.08607906103134155 -0.06445295363664627 -0.09615451097488403 -0.08038730174303055 -0.051649097353219986 -0.11990778148174286 -0.09452028572559357 -0.05193338915705681 -0.08879639208316803 -0.08268114179372787 -0.05260210484266281 -0.1328037530183792 -0.09615617990493774 -0.05635356158018112 -0.20097492635250092 -0.0966300293803215 -0.05305325984954834 -0.20051251351833344 -0.09788867086172104 -0.060490936040878296 -0.078896164894104 -0.07658535242080688 -0.04850392043590546 -0.07261544466018677 -0.07366762310266495 -0.05081546679139137 -0.017801903188228607 -0.0710216537117958 -0.03577082231640816 -0.05912370607256889 -0.07256802916526794 0.027207301929593086 -0.12185239046812057 -0.06692969053983688 -0.08203668147325516 -0.1116081178188324 -0.0782959908246994 -0.06553784757852554 -0.06878654658794403 -0.07471420615911484 0.07054299861192703 0.2293330281972885 -0.08299633115530014 -0.02504906803369522 0.2858579754829407 -0.09402894973754883 -0.07642203569412231 0.2516617178916931 -0.09532792121171951 0.054987743496894836 -0.07627739012241364 -0.06014036387205124 0.11582837253808975 0.15979008376598358 -0.0706755593419075 -0.03453943133354187 0.10385012626647949 -0.06476180255413055 0.01566154509782791 -0.07766478508710861 -0.07709192484617233 0.002630440518260002 -0.09762663394212723 -0.08003086596727371 0.014690214768052101 0.010949507355690002 -0.07202572375535965 -0.12950995564460754 0.27631592750549316 -0.08085940778255463 -0.11674557626247406 0.2685583829879761 -0.08761704713106155 -0.09651262313127518 0.2560264468193054 -0.0913872942328453 -0.11205048114061356 0.25814372301101685 -0.08750957250595093 -0.10099118947982788 0.24741527438163757 -0.09695582091808319 -0.12316632270812988 0.24022264778614044 -0.09904532134532928 -0.1096150353550911 0.22784239053726196 -0.10907970368862152 -0.12347453832626343 0.22272825241088867 -0.10901562869548798 -0.11044079065322876 0.21461869776248932 -0.11333109438419342 -0.12848462164402008 0.2056490033864975 -0.11235442757606506 -0.11179107427597046 0.20338588953018188 -0.11460308730602264 -0.1253056526184082 0.18667899072170258 -0.11341789364814758 -0.13593967258930206 0.18537437915802002 -0.10931988060474396 -0.123365119099617 0.17150843143463135 -0.11259116977453232 -0.13368865847587585 0.1730562448501587 -0.11040522158145905 -0.1306472271680832 0.16018202900886536 -0.10903909057378769 -0.1216832622885704 0.16128313541412354 -0.11142032593488693 -0.12240070104598999 0.1546064168214798 -0.10591889917850494 -0.12710602581501007 0.1503090262413025 -0.10172486305236816 -0.12354203313589096 0.148649200797081 -0.10239387303590775 -0.13550056517124176 0.1532512754201889 -0.10084031522274017 -0.1099153682589531 0.15065303444862366 -0.09836532175540924 -0.11387861520051956 0.14662796258926392 -0.0944572240114212 -0.1224847286939621 0.12636879086494446 -0.09460820257663727 -0.13172341883182526 0.1179249957203865 -0.09638655185699463 -0.1349928379058838 0.10148454457521439 -0.09133810549974442 -0.15143731236457825 0.11432785540819168 -0.0910426452755928 -0.1475253850221634 0.0853920429944992 -0.08534832298755646 -0.15615350008010864 0.10078612715005875 -0.0867767259478569 -0.16135282814502716 0.08087968826293945 -0.08196265250444412 -0.1499013453722 0.06803593039512634 -0.07975117862224579 -0.15773515403270721 0.052984610199928284 -0.07476519793272018 -0.15118058025836945 0.053906768560409546 -0.07305867224931717 -0.16007080674171448 0.03830215707421303 -0.06969593465328217 -0.15508924424648285 0.03616451472043991 -0.06360206753015518 -0.17244939506053925 0.04484144225716591 -0.07029738277196884 -0.1386735737323761 0.07177624851465225 -0.0743507370352745 -0.14109359681606293 0.0832398310303688 -0.08401259034872055 -0.15992224216461182 0.022833913564682007 -0.06778284907341003 -0.16826891899108887 0.060218747705221176 -0.07383427023887634 -0.11067450791597366 0.15989038348197937 -0.10319969058036804 -0.16187269985675812 0.03488245606422424 -0.07020843029022217 -0.11840477585792542 0.16838747262954712 -0.10709782689809799 -0.14341852068901062 0.12915730476379395 -0.09553319215774536 -0.11715695261955261 0.17080797255039215 -0.10986383259296417 -0.13646990060806274 0.16054917871952057 -0.10948032885789871 -0.11144007742404938 0.1670699268579483 -0.10366881638765335 -0.10465346276760101 0.16091203689575195 -0.09589821100234985 -0.10224828124046326 0.17024415731430054 -0.0984804779291153 -0.11060508340597153 0.17070333659648895 -0.10548505187034607 -0.13838018476963043 0.15669505298137665 -0.10698872059583664 -0.11509370058774948 0.195451021194458 -0.11379639804363251 -0.12119818478822708 0.2586706578731537 -0.08356093615293503 -0.13085509836673737 0.2613931894302368 -0.0774836614727974 -0.12941588461399078 0.2550486922264099 -0.07752341777086258 -0.09855834394693375 0.23520798981189728 -0.10220682621002197 -0.0006663500680588186 0.3500513732433319 -0.06725800782442093 -0.16049951314926147 -0.0031556764151901007 -0.06744986772537231 -0.08429434150457382 0.2835155725479126 -0.09422288089990616 -0.0700918436050415 0.11361391842365265 -0.05279296264052391 0.033803001046180725 0.10802961140871048 -0.06011181324720383 -0.1356004923582077 0.17942455410957336 -0.11318924278020859 -0.0884719118475914 0.23750858008861542 -0.08870728313922882 0.06070340424776077 -0.018048739060759544 -0.06093652918934822 0.06473585218191147 0.08747094124555588 -0.04836011677980423 -0.013495244085788727 0.37376344203948975 -0.05823463946580887 -0.023713979870080948 0.3722691833972931 -0.055397383868694305 -0.03995655104517937 0.35288339853286743 -0.05628039687871933 -0.0019456889713183045 0.37194669246673584 -0.05960827320814133 0.040495872497558594 0.32265087962150574 -0.07351816445589066 -0.10016165673732758 0.20714673399925232 -0.10812177509069443 0.06119732931256294 -0.20405979454517365 -0.051811445504426956 -0.041812699288129807 0.15290282666683197 -0.07188034802675247 -0.09177339822053909 0.24801847338676453 -0.09092577546834946 -0.03446853905916214 -0.026888158172369003 -0.07212937623262405 -0.17253902554512024 0.03467457368969917 -0.0709027573466301 -0.0546230711042881 0.01601271517574787 -0.07285748422145844 0.13682810962200165 0.16275686025619507 -0.07576547563076019 -0.03080543875694275 0.0233162734657526 -0.07525211572647095 0.050835032016038895 0.10763242840766907 -0.05712912231683731 0.12523356080055237 0.25466620922088623 -0.0725589394569397 -0.13901549577713013 0.17845237255096436 -0.11322332173585892 -0.1438143104314804 0.1773609220981598 -0.1077800989151001 -0.1466517448425293 0.16230890154838562 -0.1025485247373581 -0.16242437064647675 -0.01977400854229927 -0.06684539467096329 -0.15695396065711975 -0.023765426129102707 -0.0640714094042778 -0.17131787538528442 -0.013599650003015995 -0.06716787815093994 -0.15953613817691803 -0.04188654199242592 -0.06347013264894485 -0.15427465736865997 -0.043317362666130066 -0.06079356372356415 -0.15016117691993713 -0.0561494305729866 -0.056534621864557266 -0.14475762844085693 -0.054606519639492035 -0.05133470520377159 -0.14194448292255402 -0.061959829181432724 -0.048098620027303696 -0.14711803197860718 -0.06602641195058823 -0.04884845018386841 -0.13918738067150116 -0.0685209333896637 -0.04073250666260719 -0.16509857773780823 -0.04371972009539604 -0.062290240079164505 -0.1722930520772934 -0.028819723054766655 -0.06363272666931152 -0.1749355047941208 -0.005914799403399229 -0.06662283092737198 0.14228016138076782 0.16219554841518402 -0.07437249273061752 0.14929914474487305 0.17663197219371796 -0.07153080403804779 0.14921152591705322 0.16308985650539398 -0.07068406790494919 0.015633732080459595 -0.09856745600700378 -0.07999631017446518 -0.0545845553278923 0.29677343368530273 -0.0942341610789299 -0.039759304374456406 -0.003698606276884675 -0.07377700507640839 -0.14929108321666718 0.1338517963886261 -0.09156724810600281 -0.10071010887622833 0.17387525737285614 -0.09804093092679977 -0.03173394501209259 0.015133850276470184 -0.07570042461156845 -0.0931348130106926 0.22176247835159302 -0.09879899024963379 -0.17804758250713348 0.04024539142847061 -0.06801331043243408 -0.030623985454440117 -0.03795132413506508 -0.07075922191143036 -0.029810501262545586 -0.05002712085843086 -0.06814225763082504 -0.03294450417160988 -0.05958569422364235 -0.06967200338840485 -0.03611705079674721 -0.07549788057804108 -0.07184591889381409 -0.023239269852638245 -0.03770064935088158 -0.06733877211809158 0.03984900191426277 0.17099085450172424 -0.07167983055114746 0.05506870895624161 0.17064964771270752 -0.07030116021633148 0.051310062408447266 0.14600251615047455 -0.06421709060668945 0.06886973977088928 0.17802740633487701 -0.06719451397657394 0.06882454454898834 0.1611621379852295 -0.057086262851953506 -0.041812699288129807 0.15290282666683197 -0.07188034802675247 -0.019698942080140114 0.12292197346687317 -0.06703399121761322 -0.04104132205247879 0.12582539021968842 -0.0665932148694992 -0.03453943133354187 0.10385012626647949 -0.06476180255413055 0.07958453893661499 0.2576722800731659 -0.0815291553735733 0.07944389432668686 0.21755629777908325 -0.07924262434244156 0.07054299861192703 0.2293330281972885 -0.08299633115530014 0.09035362303256989 0.25036442279815674 -0.07757610082626343 0.09603539109230042 0.242969810962677 -0.07275443524122238 0.08891765028238297 0.2245611697435379 -0.07339221239089966 0.09825530648231506 0.23114530742168427 -0.06528197973966599 0.10094468295574188 0.24106556177139282 -0.0678238570690155 0.09745234251022339 0.22236663103103638 -0.06246275082230568 -0.049854911863803864 0.10068485140800476 -0.06177885830402374 -0.03453943133354187 0.10385012626647949 -0.06476180255413055 -0.0342114195227623 0.08041962236166 -0.06347630172967911 -0.05278923735022545 0.08283155411481857 -0.0594833642244339 -0.06787381321191788 0.08538445830345154 -0.05383313074707985 -0.0700918436050415 0.11361391842365265 -0.05279296264052391 -0.09651262313127518 0.2560264468193054 -0.0913872942328453 -0.07642203569412231 0.2516617178916931 -0.09532792121171951 -0.09177339822053909 0.24801847338676453 -0.09092577546834946 -0.1150931566953659 0.2814755141735077 -0.08877917379140854 -0.08429434150457382 0.2835155725479126 -0.09422288089990616 0.014690214768052101 0.010949507355690002 -0.07202572375535965 0.0514238141477108 0.02098487876355648 -0.06423851102590561 0.033238865435123444 0.0052681127563118935 -0.06723955273628235 0.054817572236061096 -0.01963290013372898 -0.062030963599681854 0.06070340424776077 -0.018048739060759544 -0.06093652918934822 0.0029844986274838448 -0.063019759953022 -0.07598145306110382 0.015633732080459595 -0.09856745600700378 -0.07999631017446518 0.002630440518260002 -0.09762663394212723 -0.08003086596727371 0.054987743496894836 -0.07627739012241364 -0.06014036387205124 0.06315340846776962 -0.0611095130443573 -0.059977661818265915 0.062367018312215805 -0.09971343725919724 -0.06253165751695633 0.07710281759500504 -0.10562796145677567 -0.0517042800784111 0.07081630825996399 -0.028808029368519783 -0.052917707711458206 0.06070340424776077 -0.018048739060759544 -0.06093652918934822 0.06303465366363525 0.03253823518753052 -0.05703243613243103 -0.06553784757852554 -0.06878654658794403 -0.07471420615911484 -0.060490936040878296 -0.078896164894104 -0.07658535242080688 -0.08124861121177673 -0.07586605846881866 -0.07440990209579468 -0.06445295363664627 -0.09615451097488403 -0.08038730174303055 -0.08203668147325516 -0.1116081178188324 -0.0782959908246994 -0.05244315415620804 -0.06118067726492882 -0.07120265066623688 -0.04850392043590546 -0.07261544466018677 -0.07366762310266495 -0.06553784757852554 -0.06878654658794403 -0.07471420615911484 -0.03577082231640816 -0.05912370607256889 -0.07256802916526794 -0.03611705079674721 -0.07549788057804108 -0.07184591889381409 -0.039230599999427795 -0.09094018489122391 -0.07279004156589508 -0.04415488615632057 -0.09681521356105804 -0.07486721128225327 0.06676062196493149 0.12506280839443207 -0.04769203066825867 0.06473585218191147 0.08747094124555588 -0.04836011677980423 0.050835032016038895 0.10763242840766907 -0.05712912231683731 0.13265585899353027 0.26138579845428467 -0.06820722669363022 0.13443870842456818 0.2504497766494751 -0.07103721797466278 0.12523356080055237 0.25466620922088623 -0.0725589394569397 0.13871954381465912 0.2552756369113922 -0.07221949845552444 -0.11509370058774948 0.195451021194458 -0.11379639804363251 -0.10016165673732758 0.20714673399925232 -0.10812177509069443 -0.11060508340597153 0.17070333659648895 -0.10548505187034607 -0.11715695261955261 0.17080797255039215 -0.10986383259296417 -0.11840477585792542 0.16838747262954712 -0.10709782689809799 -0.1349928379058838 0.10148454457521439 -0.09133810549974442 -0.1386735737323761 0.07177624851465225 -0.0743507370352745 -0.14109359681606293 0.0832398310303688 -0.08401259034872055 -0.09177339822053909 0.24801847338676453 -0.09092577546834946 -0.0884719118475914 0.23750858008861542 -0.08870728313922882 -0.0931348130106926 0.22176247835159302 -0.09879899024963379 -0.08192556351423264 0.11290673166513443 -0.03762383386492729 -0.0700918436050415 0.11361391842365265 -0.05279296264052391 -0.08269626647233963 0.08742181211709976 -0.03707252815365791 -0.08472838997840881 0.13581763207912445 -0.03606497123837471 -0.07940896600484848 0.13239173591136932 -0.043063536286354065 -0.08192556351423264 0.11290673166513443 -0.03762383386492729 0.16545894742012024 0.12328754365444183 -0.029042748734354973 0.1767503023147583 0.07958292961120605 -0.028775855898857117 0.1647372841835022 0.13227279484272003 -0.032925911247730255 0.17179854214191437 0.10429146885871887 -0.04709097743034363 0.16385072469711304 0.13560102880001068 -0.04837971180677414 0.17925499379634857 0.07238529622554779 -0.04480820521712303 0.16078466176986694 0.09533679485321045 -0.017224373295903206 0.18246611952781677 0.05075790733098984 -0.02665482461452484 0.18245379626750946 0.05047289654612541 -0.044947266578674316 0.15400910377502441 0.14875516295433044 -0.026015499606728554 0.15784120559692383 0.1518876850605011 -0.03573800250887871 0.16511738300323486 0.07864973694086075 -0.017760638147592545 0.1597161740064621 0.1230752095580101 -0.058380529284477234 0.17017237842082977 0.06544602662324905 -0.018205301836133003 0.14778505265712738 0.15902897715568542 -0.062291793525218964 0.15546318888664246 0.11505982279777527 -0.01731724478304386 0.1717144399881363 0.09767655283212662 -0.04924282804131508 0.1764565110206604 0.0506630502641201 -0.019239194691181183 0.14651969075202942 0.14787939190864563 -0.019951459020376205 0.14068709313869476 0.1555444449186325 -0.015880951657891273 0.14416565001010895 0.16618870198726654 -0.01910378411412239 0.13685351610183716 0.16688339412212372 -0.01495662797242403 0.13919757306575775 0.14696313440799713 -0.016614370048046112 0.14546793699264526 0.1703718900680542 -0.013596276752650738 0.1737520694732666 0.049474459141492844 -0.017802076414227486 0.17683523893356323 0.040148984640836716 -0.014077171683311462 0.18491370975971222 0.04943001642823219 -0.026114923879504204 0.15572427213191986 0.15587088465690613 -0.0495743490755558 0.1502421647310257 0.1670341193675995 -0.025257885456085205 0.15224608778953552 0.17128954827785492 -0.03605038672685623 0.15630066394805908 0.17432738840579987 -0.031503792852163315 0.1525575965642929 0.1785554587841034 -0.039214566349983215 0.1551160216331482 0.18762287497520447 -0.027448035776615143 0.15037302672863007 0.1893785148859024 -0.035721637308597565 0.14541073143482208 0.19268502295017242 -0.035639096051454544 0.15745069086551666 0.19040584564208984 -0.03850531205534935 0.14504693448543549 0.1929956078529358 -0.027877509593963623 0.14361301064491272 0.18784484267234802 -0.01680770516395569 0.157099187374115 0.1789635419845581 -0.02694173902273178 0.14448215067386627 0.19951598346233368 -0.030846605077385902 0.14485237002372742 0.1968291997909546 -0.040014881640672684 0.14672055840492249 0.2013731747865677 -0.0503675676882267 0.14348340034484863 0.2190156728029251 -0.041367270052433014 0.14628657698631287 0.2196718156337738 -0.049245189875364304 0.14675229787826538 0.20974180102348328 -0.05423751845955849 0.14548110961914062 0.2273164987564087 -0.05857326090335846 0.14681002497673035 0.2252296656370163 -0.05055078864097595 0.14180700480937958 0.24184004962444305 -0.06593725085258484 0.1435229480266571 0.24206390976905823 -0.05929488688707352 0.14641471207141876 0.18257468938827515 -0.06632983684539795 0.14225684106349945 0.24653837084770203 -0.06759778410196304 0.1441294550895691 0.20683443546295166 -0.03878001123666763 0.14717262983322144 0.21652482450008392 -0.03631556034088135 0.14187948405742645 0.22090311348438263 -0.03580278158187866 0.1418449431657791 0.19705896079540253 -0.07320239394903183 0.14665043354034424 0.19758707284927368 -0.05320825055241585 0.14754070341587067 0.18492500483989716 -0.05071414262056351 0.14896364510059357 0.18861952424049377 -0.04959508776664734 0.15027350187301636 0.17900845408439636 -0.05230259150266647 0.15283159911632538 0.17721663415431976 -0.06441867351531982 0.15371620655059814 0.17203135788440704 -0.06335731595754623 0.18334633111953735 0.047623880207538605 -0.04739969223737717 0.18522469699382782 0.040259428322315216 -0.03433056175708771 0.18156395852565765 0.035612136125564575 -0.049136582762002945 0.18865489959716797 0.0181279219686985 -0.03245839104056358 0.19034504890441895 0.0039079501293599606 -0.025122428312897682 0.19285184144973755 -0.02140764147043228 -0.032586678862571716 0.19487208127975464 -0.02071518450975418 -0.019555307924747467 0.1921459287405014 -0.016836563125252724 -0.011776752769947052 0.19531427323818207 -0.03265929967164993 -0.01831953413784504 0.1940835565328598 -0.04355422034859657 -0.013776283711194992 0.1925920695066452 -0.050706230103969574 -0.0198005773127079 0.192574605345726 -0.05664294958114624 -0.012123040854930878 0.18825891613960266 -0.06890309602022171 -0.01197569165378809 0.18420566618442535 0.005322542041540146 -0.006233035586774349 0.1937992423772812 -0.022777292877435684 -0.002395442919805646 0.19590210914611816 -0.03244180977344513 -0.003580051241442561 0.19328345358371735 -0.051488377153873444 0.003197691636160016 0.1930132359266281 -0.05874592810869217 0.00037681940011680126 0.19321581721305847 -0.049885254353284836 -0.006556884851306677 0.18972545862197876 -0.06704685091972351 0.004638588055968285 0.18819768726825714 -0.07351591438055038 -0.00017061957623809576 0.18535307049751282 -0.0740940123796463 0.0068639968521893024 0.1826508343219757 -0.0816163420677185 -0.0012009384809061885 0.18229545652866364 0.023274889215826988 -0.006769998464733362 0.18393577635288239 0.011932569555938244 0.001281032687984407 0.17784832417964935 0.027047039940953255 -0.006402577273547649 0.17963454127311707 0.0056824274361133575 0.012187172658741474 0.18252237141132355 0.002389372093603015 -0.00298096495680511 0.19333375990390778 -0.025825101882219315 -0.02635103650391102 0.188858762383461 -0.03369183838367462 -0.02809375524520874 0.18911805748939514 -0.04107271134853363 -0.031094621866941452 0.18740107119083405 -0.044230490922927856 -0.03675580397248268 0.18593786656856537 -0.05527718737721443 -0.025843698531389236 0.18988674879074097 -0.02756650745868683 -0.0393654927611351 0.18921373784542084 -0.005792203359305859 -0.041411392390728 0.18666915595531464 -0.02025359682738781 -0.04546297714114189 0.19044367969036102 -0.03864160180091858 0.003568449290469289 0.18252241611480713 0.03669881075620651 -0.018986370414495468 0.1827554851770401 0.004504919983446598 -0.05254484340548515 0.18505707383155823 -0.03047991544008255 -0.051530737429857254 0.18278735876083374 -1.1086554877692834E-05 0.00876857154071331 0.1761934906244278 -0.009069161489605904 0.018403049558401108 0.17559581995010376 0.0006761935073882341 0.016723226755857468 0.15534783899784088 0.1751278042793274 -0.022563952952623367 0.18252241611480713 0.03669881075620651 -0.018986370414495468 0.17683523893356323 0.040148984640836716 -0.014077171683311462 0.18229545652866364 0.023274889215826988 -0.006769998464733362 0.17784832417964935 0.027047039940953255 -0.006402577273547649 0.15125861763954163 0.1704382449388504 -0.05219615623354912 0.15784120559692383 0.1518876850605011 -0.03573800250887871 0.15572427213191986 0.15587088465690613 -0.0495743490755558 0.15224608778953552 0.17128954827785492 -0.03605038672685623 0.14778505265712738 0.15902897715568542 -0.062291793525218964 0.15147118270397186 0.16185995936393738 -0.06447814404964447 0.15371620655059814 0.17203135788440704 -0.06335731595754623 0.1525575965642929 0.1785554587841034 -0.039214566349983215 0.14921152591705322 0.16308985650539398 -0.07068406790494919 0.15283159911632538 0.17721663415431976 -0.06441867351531982 0.15027350187301636 0.17900845408439636 -0.05230259150266647 0.14929914474487305 0.17663197219371796 -0.07153080403804779 0.14641471207141876 0.18257468938827515 -0.06632983684539795 0.14179815351963043 0.17874255776405334 -0.07420016825199127 0.1418449431657791 0.19705896079540253 -0.07320239394903183 0.14754070341587067 0.18492500483989716 -0.05071414262056351 0.15038469433784485 0.18627038598060608 -0.04067666828632355 0.14896364510059357 0.18861952424049377 -0.04959508776664734 0.15037302672863007 0.1893785148859024 -0.035721637308597565 0.1921459287405014 -0.016836563125252724 -0.011776752769947052 0.19590210914611816 -0.03244180977344513 -0.003580051241442561 0.19209438562393188 -0.03376489505171776 -0.012779035605490208 0.19321581721305847 -0.049885254353284836 -0.006556884851306677 0.15534783899784088 0.1751278042793274 -0.022563952952623367 0.14361301064491272 0.18784484267234802 -0.01680770516395569 0.14546793699264526 0.1703718900680542 -0.013596276752650738 -0.0014369573909789324 -0.11531364172697067 -0.046346258372068405 -0.017893794924020767 -0.12441997975111008 -0.0407971628010273 -0.0038716921117156744 -0.14260002970695496 -0.04396553337574005 -0.016326904296875 -0.14644049108028412 -0.04144882410764694 -0.0036452016793191433 -0.17156438529491425 -0.04469902813434601 -0.024443527683615685 -0.13453423976898193 -0.04010472446680069 -0.027294671162962914 -0.10045011341571808 -0.03968522697687149 -0.015515138395130634 -0.1832885891199112 -0.04307236522436142 -0.007490312214940786 -0.20256051421165466 -0.04832793027162552 0.0017240160377696157 -0.18852369487285614 -0.044535133987665176 0.0027419202961027622 -0.20249302685260773 -0.04675658792257309 -0.01986045204102993 -0.15801717340946198 -0.04260862618684769 0.011002018116414547 -0.16447842121124268 -0.04808775708079338 0.014465278014540672 -0.19674716889858246 -0.05532566457986832 0.012921709567308426 -0.19993136823177338 -0.0575442872941494 0.01660572737455368 -0.16984421014785767 -0.055434513837099075 -0.014291409403085709 -0.10320703685283661 -0.043593209236860275 0.002267904346808791 -0.16425102949142456 -0.04388278350234032 0.018205003812909126 -0.16296827793121338 -0.051825445145368576 0.026842745020985603 -0.15562093257904053 -0.05165057256817818 0.021972186863422394 -0.19683818519115448 -0.058556415140628815 -0.022207001224160194 -0.14347538352012634 -0.042262520641088486 -0.02975250594317913 -0.1138860210776329 -0.04023202881217003 -0.018770139664411545 -0.20316681265830994 -0.0440225787460804 0.020645668730139732 -0.15126067399978638 -0.0483459047973156 0.0353897325694561 -0.13212288916110992 -0.05167243629693985 0.022962842136621475 -0.12711980938911438 -0.0477018840610981 0.023077376186847687 -0.10192099213600159 -0.04764460772275925 0.018557270988821983 -0.1052665114402771 -0.048025183379650116 0.01875160075724125 -0.11551299691200256 -0.04963777959346771 0.031181596219539642 -0.09945748001337051 -0.050291161984205246 0.025353929027915 -0.09291204810142517 -0.0529211089015007 0.0388517752289772 -0.09609761834144592 -0.05069180577993393 0.017505979165434837 -0.13397683203220367 -0.04890222102403641 0.015359165146946907 -0.13247203826904297 -0.05470472201704979 0.03818169981241226 -0.1603013277053833 -0.05173712596297264 0.004986848682165146 -0.1298736035823822 -0.04794102907180786 -0.004799416288733482 -0.10808217525482178 -0.04855926334857941 0.0008300888002850115 -0.09586988389492035 -0.04751872643828392 -0.002670596819370985 -0.09365022927522659 -0.04869905859231949 0.005088639911264181 -0.09144645929336548 -0.05516279116272926 0.0011891077738255262 -0.09006345272064209 -0.05515797808766365 0.006899236235767603 -0.08331451565027237 -0.0614478625357151 0.0023376946337521076 -0.08160657435655594 -0.06315970420837402 -0.00943282712250948 -0.09970072656869888 -0.048879459500312805 -0.01358276978135109 -0.08803414553403854 -0.04807455092668533 -0.016866028308868408 -0.07311985641717911 -0.04854701831936836 -0.022628232836723328 -0.053968168795108795 -0.04379599541425705 -0.021802470088005066 -0.08715025335550308 -0.04129522293806076 -0.027574041858315468 -0.06735289096832275 -0.04178333654999733 -0.029664983972907066 -0.06295590847730637 -0.03955187276005745 -0.035795167088508606 -0.07519004493951797 -0.0407555066049099 0.006655746139585972 -0.10308700054883957 -0.04826252534985542 0.009206624701619148 -0.11333369463682175 -0.051645517349243164 -0.036553606390953064 -0.09892706573009491 -0.04175453260540962 0.011447916738688946 -0.15064293146133423 -0.04738869518041611 0.017505979165434837 -0.13397683203220367 -0.04890222102403641 0.004986848682165146 -0.1298736035823822 -0.04794102907180786 0.011447916738688946 -0.15064293146133423 -0.04738869518041611 0.012994349002838135 -0.1318877935409546 -0.05072740465402603 0.009206624701619148 -0.11333369463682175 -0.051645517349243164 0.004986848682165146 -0.1298736035823822 -0.04794102907180786 0.014449924230575562 -0.11875856667757034 -0.05587766692042351 0.015359165146946907 -0.13247203826904297 -0.05470472201704979 0.01092574279755354 -0.1020578071475029 -0.05908189341425896 0.006655746139585972 -0.10308700054883957 -0.04826252534985542 0.005088639911264181 -0.09144645929336548 -0.05516279116272926 0.006899236235767603 -0.08331451565027237 -0.0614478625357151 -0.07895297557115555 -0.12191755324602127 -0.04666147753596306 -0.06757897883653641 -0.11431427299976349 -0.052160073071718216 -0.07095940411090851 -0.1196022629737854 -0.04690021276473999 -0.05715196579694748 -0.1172475814819336 -0.04752962291240692 -0.06350447982549667 -0.13027435541152954 -0.04307663068175316 -0.056778889149427414 -0.1310376524925232 -0.04094448313117027 -0.06000995635986328 -0.10990460962057114 -0.05292702093720436 -0.04150847718119621 -0.11286753416061401 -0.0373154915869236 -0.07033757865428925 -0.1321505904197693 -0.04185149446129799 -0.05307659134268761 -0.1375373750925064 -0.03640298545360565 -0.03742891922593117 -0.13482144474983215 -0.024609088897705078 -0.04230186343193054 -0.15386486053466797 -0.02561669424176216 -0.058491554111242294 -0.18558678030967712 -0.03601262345910072 -0.04304185509681702 -0.1033036932349205 -0.04771073907613754 -0.047546207904815674 -0.19533272087574005 -0.028856534510850906 -0.046229757368564606 -0.20838890969753265 -0.028656307607889175 -0.058413200080394745 -0.22414912283420563 -0.03582427278161049 -0.04851635918021202 -0.22421610355377197 -0.028238235041499138 -0.06456831097602844 -0.21408678591251373 -0.03842119500041008 -0.05816466733813286 -0.2489960938692093 -0.03829992190003395 -0.06380824744701385 -0.18042956292629242 -0.03846808150410652 -0.06626635789871216 -0.24654477834701538 -0.04235097020864487 -0.07953126728534698 -0.24563047289848328 -0.044636886566877365 -0.08012635260820389 -0.28086918592453003 -0.054155174642801285 -0.09334060549736023 -0.28123149275779724 -0.05030342563986778 -0.08895615488290787 -0.24810367822647095 -0.04174255207180977 -0.1006380170583725 -0.2519407868385315 -0.036769043654203415 -0.10743434727191925 -0.29096683859825134 -0.044430818408727646 -0.09368409961462021 -0.21555982530117035 -0.03316355496644974 -0.061259523034095764 -0.2687455117702484 -0.0460195429623127 -0.0540386438369751 -0.10008774697780609 -0.05513564124703407 -0.09488175809383392 -0.2979769706726074 -0.053534407168626785 -0.07837207615375519 -0.21493518352508545 -0.03986908867955208 -0.06346306204795837 -0.14720439910888672 -0.040521956980228424 -0.04174591600894928 -0.09426400810480118 -0.051062241196632385 -0.04290797933936119 -0.08106110990047455 -0.05641940236091614 -0.03577911853790283 -0.08309311419725418 -0.05519195646047592 -0.02947741001844406 -0.09915491938591003 -0.055141203105449677 -0.026727190241217613 -0.09214943647384644 -0.055068489164114 -0.026624033227562904 -0.12468147277832031 -0.058739446103572845 -0.03448507934808731 -0.06840065121650696 -0.057510994374752045 -0.029549099504947662 -0.11894995719194412 -0.05658433586359024 -0.035373616963624954 -0.10496879369020462 -0.04894468933343887 -0.08273743093013763 -0.3076876103878021 -0.058328162878751755 -0.09887128323316574 -0.33012697100639343 -0.05622424930334091 -0.05156485736370087 -0.25217217206954956 -0.031173424795269966 -0.08502352237701416 -0.333674818277359 -0.05918595939874649 -0.06964195519685745 -0.3238533139228821 -0.0554802343249321 -0.0864604189991951 -0.37236934900283813 -0.05686260014772415 -0.09732745587825775 -0.3824433982372284 -0.05453997850418091 -0.07497260719537735 -0.37354230880737305 -0.05466079339385033 -0.06532048434019089 -0.38456717133522034 -0.04619450494647026 -0.06275786459445953 -0.3544258177280426 -0.0469420924782753 -0.06953836977481842 -0.39951270818710327 -0.05098273605108261 -0.07639314234256744 -0.4001083970069885 -0.05613964796066284 -0.06919194757938385 -0.42296499013900757 -0.04871683195233345 -0.07656452804803848 -0.4243982434272766 -0.055099207907915115 -0.08262382447719574 -0.4215199649333954 -0.05772131681442261 -0.08982681483030319 -0.4287610650062561 -0.05838603526353836 -0.08078519999980927 -0.4504398703575134 -0.05637438967823982 -0.09182234108448029 -0.45536312460899353 -0.059527814388275146 -0.1045190617442131 -0.4466325640678406 -0.053137507289648056 -0.10277295857667923 -0.4236449897289276 -0.051422685384750366 -0.09463716298341751 -0.41858434677124023 -0.05644650012254715 -0.08230400085449219 -0.4736329913139343 -0.057154618203639984 -0.07505211979150772 -0.4591062366962433 -0.04971954599022865 -0.09423786401748657 -0.4740677773952484 -0.061030592769384384 -0.08282934874296188 -0.47795069217681885 -0.06027061119675636 -0.07396925985813141 -0.47764843702316284 -0.05033997818827629 -0.09442300349473953 -0.47900858521461487 -0.06338182836771011 -0.10451345145702362 -0.4793747067451477 -0.059071432799100876 -0.1047925278544426 -0.4947699010372162 -0.05995906889438629 -0.07844805717468262 -0.4948323667049408 -0.05681223049759865 -0.0739259347319603 -0.49591323733329773 -0.04928022250533104 -0.09204620867967606 -0.49467822909355164 -0.06376782804727554 -0.10452502220869064 -0.4748903214931488 -0.056302618235349655 -0.07120344787836075 -0.4423811435699463 -0.048334021121263504 -0.06143724545836449 -0.29481813311576843 -0.050554435700178146 -0.056909624487161636 -0.3198946714401245 -0.04505433514714241 -0.07032977044582367 -0.29770636558532715 -0.05450669676065445 -0.08736807852983475 -0.3985971510410309 -0.058100685477256775 -0.09101016074419022 -0.19222533702850342 -0.03179929777979851 -0.07329306751489639 -0.16402417421340942 -0.040946632623672485 -0.08030559867620468 -0.12589718401432037 -0.03871487081050873 -0.08204460144042969 -0.16216011345386505 -0.039226312190294266 -0.08397518843412399 -0.13491511344909668 -0.037655044347047806 -0.07787621021270752 -0.19575026631355286 -0.03848337009549141 -0.061259523034095764 -0.2687455117702484 -0.0460195429623127 -0.06143724545836449 -0.29481813311576843 -0.050554435700178146 -0.07032977044582367 -0.29770636558532715 -0.05450669676065445 -0.09732745587825775 -0.3824433982372284 -0.05453997850418091 -0.08736807852983475 -0.3985971510410309 -0.058100685477256775 -0.09463716298341751 -0.41858434677124023 -0.05644650012254715 -0.08204460144042969 -0.16216011345386505 -0.039226312190294266 -0.07787621021270752 -0.19575026631355286 -0.03848337009549141 -0.09101016074419022 -0.19222533702850342 -0.03179929777979851 -0.08045284450054169 -0.11860056221485138 -0.04143352434039116 -0.07033757865428925 -0.1321505904197693 -0.04185149446129799 -0.08030559867620468 -0.12589718401432037 -0.03871487081050873 -0.07095940411090851 -0.1196022629737854 -0.04690021276473999 0.06170071288943291 -0.49727311730384827 -0.02490193210542202 0.10545142740011215 -0.4962233901023865 -0.03900030255317688 0.07026407122612 -0.4978869557380676 -0.007743722293525934 0.06821095198392868 -0.495326966047287 -0.053408704698085785 0.0892941877245903 -0.49516546726226807 -0.05544818192720413 0.10954999178647995 -0.4968894124031067 -0.014394741505384445 0.11123593896627426 -0.4962993562221527 -0.024327026680111885 0.0614713579416275 -0.4949621558189392 -0.04734129086136818 0.059076327830553055 -0.4957793056964874 -0.03605624660849571 0.0792192667722702 -0.4945050776004791 -0.05770032852888107 0.08277074247598648 -0.4974583685398102 -0.009528201073408127 0.07294697314500809 -0.4960217773914337 -0.0034014687407761812 0.09878851473331451 -0.49366649985313416 -0.049284931272268295 0.11593727022409439 -0.490538626909256 -0.012015293352305889 0.0910409688949585 -0.4908142685890198 -0.00824982300400734 0.07883596420288086 -0.4920514225959778 -0.005988963879644871 0.07556086778640747 -0.4904887080192566 0.0027922086883336306 0.08163563907146454 -0.49898526072502136 0.02990732342004776 0.1392502337694168 -0.49897533655166626 0.036966871470212936 0.0813511461019516 -0.4999151825904846 0.042416006326675415 0.13506637513637543 -0.49928995966911316 0.023050347343087196 0.08365008980035782 -0.4994394779205322 0.05640209838747978 0.1409207582473755 -0.4972344636917114 0.052143312990665436 0.115393728017807 -0.49541786313056946 0.07056072354316711 0.08669232577085495 -0.4978642165660858 0.06742338091135025 0.13884256780147552 -0.49190956354141235 0.0754576250910759 0.09265867620706558 -0.4941020905971527 0.08023178577423096 0.10985474288463593 -0.48951300978660583 0.09213569015264511 0.13050909340381622 -0.48774299025535583 0.08925362676382065 0.1286603957414627 -0.49723881483078003 0.009889448992908001 0.08058100193738937 -0.49581512808799744 0.018222296610474586 0.07834646105766296 -0.49304258823394775 0.011683016084134579 0.1105995923280716 -0.4920840561389923 -0.002003059256821871 0.10246028006076813 -0.391618013381958 -0.020437076687812805 0.10488414764404297 -0.40974724292755127 -0.017933117225766182 0.10176727920770645 -0.41973888874053955 -0.0319594107568264 0.09755567461252213 -0.3869017958641052 -0.035495612770318985 0.105670265853405 -0.4203837811946869 -0.017433978617191315 0.102838896214962 -0.4279979169368744 -0.03409513458609581 0.11024193465709686 -0.446191668510437 -0.018804090097546577 0.10613995045423508 -0.447160542011261 -0.03445310518145561 0.10515568405389786 -0.35407754778862 -0.01968437433242798 0.09885242581367493 -0.3392002284526825 -0.037298426032066345 0.10806785523891449 -0.4531983435153961 -0.024806540459394455 0.1057671457529068 -0.33612126111984253 -0.021203823387622833 0.10478754341602325 -0.31426793336868286 -0.021059822291135788 0.09682653099298477 -0.3170154094696045 -0.038311608135700226 0.09478113055229187 -0.28814035654067993 -0.03459024429321289 0.09701672941446304 -0.2516993284225464 -0.012178299017250538 0.10357654839754105 -0.2957252562046051 -0.011193394660949707 0.09888944774866104 -0.258057177066803 -0.007156004663556814 0.09807182103395462 -0.2381657212972641 -0.004213882144540548 0.09097981452941895 -0.21742595732212067 -0.016312524676322937 0.09767689555883408 -0.20433174073696136 0.0013579691294580698 0.088472381234169 -0.23846004903316498 -0.025519561022520065 0.09744633734226227 -0.2054775357246399 0.01848590560257435 0.10489626973867416 -0.32535630464553833 -0.004858131520450115 0.10439096391201019 -0.3423769474029541 -0.004134220536798239 0.09742812067270279 -0.2479798048734665 0.011541805230081081 0.10553815960884094 -0.42404571175575256 -0.0035901532974094152 0.1028909906744957 -0.40899404883384705 -0.004512740299105644 0.11044356971979141 -0.44524645805358887 -0.0018259480129927397 0.11057158559560776 -0.44843000173568726 -0.008356986567378044 0.10062703490257263 -0.2832694947719574 -4.8698879254516214E-05 0.11663416028022766 -0.45723041892051697 0.007905145175755024 0.12050000578165054 -0.4669787585735321 0.0029634018428623676 0.1176944226026535 -0.47030574083328247 -0.006288495846092701 0.105901338160038 -0.46529144048690796 -0.033665694296360016 0.10418567806482315 -0.4532097578048706 -0.035419054329395294 0.09996744990348816 -0.44933488965034485 -0.04444029554724693 0.11184341460466385 -0.47684869170188904 -0.01904159225523472 0.11815080046653748 -0.4853878617286682 -0.008396952413022518 0.1294194608926773 -0.4789050221443176 0.01516707707196474 0.12895599007606506 -0.48561587929725647 0.012426982633769512 0.13681097328662872 -0.4865915775299072 0.03185812383890152 0.13420437276363373 -0.4771444499492645 0.030263707041740417 0.13863641023635864 -0.47834840416908264 0.05206376314163208 0.13979914784431458 -0.4865064024925232 0.0577496699988842 0.09439302980899811 -0.43290308117866516 -0.04862913861870766 0.09842898696660995 -0.47411033511161804 -0.04475899413228035 0.08733813464641571 -0.21129806339740753 -0.019274814054369926 0.12298178672790527 -0.4896399676799774 -0.0019522462971508503 0.11593727022409439 -0.490538626909256 -0.012015293352305889 0.11130186170339584 -0.478860080242157 -0.02352995239198208 0.11123593896627426 -0.4962993562221527 -0.024327026680111885 0.10545142740011215 -0.4962233901023865 -0.03900030255317688 0.10401982069015503 -0.4785044491291046 -0.03955397754907608 0.09878851473331451 -0.49366649985313416 -0.049284931272268295 0.09368479251861572 -0.4770720899105072 -0.05250682309269905 0.09414179623126984 -0.4223266541957855 -0.043520573526620865 0.09212686121463776 -0.40723916888237 -0.04194468632340431 0.09240677952766418 -0.4736655652523041 -0.05109233036637306 0.08828045427799225 -0.4558793008327484 -0.053318850696086884 0.1286603957414627 -0.49723881483078003 0.009889448992908001 0.1310042142868042 -0.48826128244400024 0.013230295851826668 0.13506637513637543 -0.49928995966911316 0.023050347343087196 0.13874149322509766 -0.4913840591907501 0.033081311732530594 0.1392502337694168 -0.49897533655166626 0.036966871470212936 0.141261026263237 -0.48814961314201355 0.06267526000738144 0.1409207582473755 -0.4972344636917114 0.052143312990665436 0.0911116898059845 -0.334689199924469 -0.044336751103401184 0.08839012682437897 -0.4476442337036133 -0.0547393374145031 0.0893518254160881 -0.38891035318374634 -0.04258136823773384 0.13765613734722137 -0.48302194476127625 0.07520396262407303 0.08215929567813873 -0.42017194628715515 -0.05228085443377495 0.08423399925231934 -0.30698472261428833 -0.046020060777664185 0.07818786054849625 -0.2834981381893158 -0.0453856997191906 0.12895417213439941 -0.46811890602111816 0.03679561987519264 0.13472622632980347 -0.4750455915927887 0.0742129310965538 0.12103927880525589 -0.4615621566772461 0.022376174107193947 0.13884256780147552 -0.49190956354141235 0.0754576250910759 0.10975907742977142 -0.4468397796154022 0.019321979954838753 0.1324748396873474 -0.47007742524147034 0.06822624802589417 0.0892941877245903 -0.49516546726226807 -0.05544818192720413 0.07946166396141052 -0.212214857339859 -0.02429572306573391 0.13050909340381622 -0.48774299025535583 0.08925362676382065 0.13280083239078522 -0.47997403144836426 0.08318279683589935 0.04584924131631851 -0.21946367621421814 0.004484343808144331 0.06945785135030746 -0.2100639045238495 0.014381208457052708 0.06820115447044373 -0.20995213091373444 -0.009239603765308857 0.05636600777506828 -0.21576428413391113 0.023116789758205414 0.09767689555883408 -0.20433174073696136 0.0013579691294580698 0.09744633734226227 -0.2054775357246399 0.01848590560257435 0.047807469964027405 -0.20849443972110748 -0.022825205698609352 0.07886013388633728 -0.22066155076026917 0.04513354226946831 0.05817081779241562 -0.22257870435714722 0.04469264671206474 0.08899358659982681 -0.22270603477954865 0.0353337824344635 0.0404360331594944 -0.22695302963256836 0.011448174715042114 0.03156784549355507 -0.23096249997615814 -0.0019337135599926114 0.03720998018980026 -0.22335989773273468 -0.016135133802890778 0.03156943991780281 -0.22731786966323853 -0.00841440912336111 0.08733813464641571 -0.21129806339740753 -0.019274814054369926 0.07946166396141052 -0.212214857339859 -0.02429572306573391 0.06756927073001862 -0.21388529241085052 -0.028479846194386482 0.041575800627470016 -0.23681581020355225 0.025697780773043633 0.05379972606897354 -0.23292988538742065 0.038173239678144455 0.05325525999069214 -0.3340781331062317 -0.04719734191894531 0.06397409737110138 -0.3233490586280823 -0.05301887169480324 0.06597558408975601 -0.3645632863044739 -0.051760558038949966 0.055921588093042374 -0.3621048927307129 -0.04603321850299835 0.05357811972498894 -0.3084551692008972 -0.04743924364447594 0.06759641319513321 -0.3861781358718872 -0.052488893270492554 0.0578586608171463 -0.3904392421245575 -0.04599010944366455 0.047048624604940414 -0.32189449667930603 -0.043188903480768204 0.06166965514421463 -0.2981109619140625 -0.050697486847639084 0.06655072420835495 -0.40910932421684265 -0.05337141826748848 0.060307323932647705 -0.2783489227294922 -0.046904049813747406 0.0449761301279068 -0.2866799533367157 -0.03879033401608467 0.05131825432181358 -0.25683343410491943 -0.0362592414021492 0.06212956830859184 -0.4186073839664459 -0.04912968724966049 0.07299952208995819 -0.4207460284233093 -0.055340204387903214 0.06635574251413345 -0.4328947961330414 -0.0529012605547905 0.0769268050789833 -0.44560596346855164 -0.05749668926000595 0.064454086124897 -0.4433392584323883 -0.05224194750189781 0.06599198281764984 -0.4543430507183075 -0.05172279104590416 0.0772278904914856 -0.45233404636383057 -0.05630948767066002 0.07728596031665802 -0.4737619161605835 -0.05580515414476395 0.06567000597715378 -0.47286713123321533 -0.05010923743247986 0.06121935322880745 -0.4264366030693054 -0.048395540565252304 0.050560854375362396 -0.2375539094209671 -0.029843660071492195 0.05173753947019577 -0.37151864171028137 -0.040573932230472565 0.038823116570711136 -0.24437156319618225 -0.021152464672923088 0.03720998018980026 -0.22335989773273468 -0.016135133802890778 0.047807469964027405 -0.20849443972110748 -0.022825205698609352 0.05941734462976456 -0.4380960762500763 -0.04480145499110222 0.03931251913309097 -0.30662116408348083 -0.03320179134607315 0.054721515625715256 -0.4135386347770691 -0.03955668583512306 0.03806530311703682 -0.2788689434528351 -0.028338516131043434 0.04121199995279312 -0.32226336002349854 -0.03489449992775917 0.03156943991780281 -0.22731786966323853 -0.00841440912336111 0.07043978571891785 -0.23287025094032288 -0.032518353313207626 0.06756927073001862 -0.21388529241085052 -0.028479846194386482 0.07297131419181824 -0.41113948822021484 -0.05350399389863014 0.07610709220170975 -0.2690577208995819 -0.04239165782928467 0.07818786054849625 -0.2834981381893158 -0.0453856997191906 0.08007499575614929 -0.333391010761261 -0.050332676619291306 0.0780775249004364 -0.3130161464214325 -0.049508560448884964 0.06828133761882782 -0.47665920853614807 -0.05466945469379425 0.0792192667722702 -0.4945050776004791 -0.05770032852888107 0.06821095198392868 -0.495326966047287 -0.053408704698085785 0.0614713579416275 -0.4949621558189392 -0.04734129086136818 0.061518583446741104 -0.4755365252494812 -0.04751334339380264 0.09368479251861572 -0.4770720899105072 -0.05250682309269905 0.0892941877245903 -0.49516546726226807 -0.05544818192720413 0.08209679275751114 -0.37827062606811523 -0.04747237637639046 0.08839012682437897 -0.4476442337036133 -0.0547393374145031 0.08828045427799225 -0.4558793008327484 -0.053318850696086884 0.09240677952766418 -0.4736655652523041 -0.05109233036637306 0.08215929567813873 -0.42017194628715515 -0.05228085443377495 0.07341261208057404 -0.22003141045570374 -0.028077464550733566 0.07946166396141052 -0.212214857339859 -0.02429572306573391 0.08096230030059814 -0.40567275881767273 -0.04634309560060501 0.088472381234169 -0.23846004903316498 -0.025519561022520065 0.08423399925231934 -0.30698472261428833 -0.046020060777664185 0.09212686121463776 -0.40723916888237 -0.04194468632340431 0.0893518254160881 -0.38891035318374634 -0.04258136823773384 0.0911116898059845 -0.334689199924469 -0.044336751103401184 0.09786145389080048 -0.31272003054618835 0.007271778769791126 0.09460418671369553 -0.2960589528083801 0.012531237676739693 0.09751340746879578 -0.35548803210258484 0.0036421010736376047 0.10439096391201019 -0.3423769474029541 -0.004134220536798239 0.1012546569108963 -0.3681999444961548 -0.002657397650182247 0.09505018591880798 -0.38204216957092285 0.004812016151845455 0.10067438334226608 -0.3861601650714874 -0.004884437657892704 0.09514482319355011 -0.268722265958786 0.011994907632470131 0.08997127413749695 -0.2746521234512329 0.01855771243572235 0.08877883851528168 -0.25924307107925415 0.022015908733010292 0.10489626973867416 -0.32535630464553833 -0.004858131520450115 0.09084802865982056 -0.40228599309921265 0.011257338337600231 0.10075963288545609 -0.3998555839061737 -0.006997778546065092 0.09648966789245605 -0.2576831877231598 0.00732007808983326 0.10062703490257263 -0.2832694947719574 -4.8698879254516214E-05 0.0779266282916069 -0.26517006754875183 0.031309422105550766 0.08962908387184143 -0.3770447075366974 0.008668975904583931 0.08661668002605438 -0.35320475697517395 0.0110712219029665 0.07845980674028397 -0.2757413685321808 0.026329558342695236 0.08284755796194077 -0.31240159273147583 0.017330918461084366 0.09067762643098831 -0.25037088990211487 0.026018379256129265 0.07990403473377228 -0.2487487643957138 0.037255629897117615 0.08899358659982681 -0.22270603477954865 0.0353337824344635 0.09360674023628235 -0.22564178705215454 0.02597581036388874 0.09744633734226227 -0.2054775357246399 0.01848590560257435 0.09742812067270279 -0.2479798048734665 0.011541805230081081 0.07886013388633728 -0.22066155076026917 0.04513354226946831 0.1028909906744957 -0.40899404883384705 -0.004512740299105644 0.10515568405389786 -0.35407754778862 -0.01968437433242798 0.09888944774866104 -0.258057177066803 -0.007156004663556814 0.10246028006076813 -0.391618013381958 -0.020437076687812805 0.09939832240343094 -0.41190028190612793 0.00671866862103343 0.10553815960884094 -0.42404571175575256 -0.0035901532974094152 0.10453664511442184 -0.43762123584747314 0.013730481266975403 0.11044356971979141 -0.44524645805358887 -0.0018259480129927397 0.09374714642763138 -0.41797369718551636 0.01702834852039814 0.09124233573675156 -0.4116102159023285 0.015454506501555443 0.0938720554113388 -0.436898410320282 0.02133437618613243 0.10975907742977142 -0.4468397796154022 0.019321979954838753 0.08362986147403717 -0.39807796478271484 0.01395369041711092 0.08246617764234543 -0.3769385814666748 0.010850674472749233 0.08198358863592148 -0.406218022108078 0.01617215760052204 0.0649554580450058 -0.26030513644218445 0.03511645272374153 0.08075988292694092 -0.35193657875061035 0.011634347960352898 0.08284538239240646 -0.415088951587677 0.016090167686343193 0.06251119077205658 -0.2672671377658844 0.03203849121928215 0.06311973929405212 -0.2162197232246399 0.0474829263985157 0.062126901000738144 -0.2744036614894867 0.027316883206367493 0.06374510377645493 -0.2953552007675171 0.021422863006591797 0.06515178084373474 -0.328382283449173 0.014407156966626644 0.06862814724445343 -0.3632892072200775 0.008838733658194542 0.0729181095957756 -0.3943617641925812 0.010397515259683132 0.10892283171415329 -0.46194741129875183 0.055352840572595596 0.094820536673069 -0.4595150649547577 0.046244557946920395 0.09847016632556915 -0.46480584144592285 0.06005715951323509 0.1109122708439827 -0.45925167202949524 0.04451587423682213 0.11261700093746185 -0.4679504930973053 0.08505069464445114 0.12352823466062546 -0.46646493673324585 0.07595038414001465 0.10242585092782974 -0.4695236086845398 0.08119923621416092 0.11971406638622284 -0.4623880386352539 0.04441249370574951 0.12586334347724915 -0.46995386481285095 0.0831892266869545 0.1324748396873474 -0.47007742524147034 0.06822624802589417 0.11759155988693237 -0.459306001663208 0.04055853560566902 0.11508803814649582 -0.45594659447669983 0.02977854572236538 0.10400565713644028 -0.4509315490722656 0.031640179455280304 0.0931011214852333 -0.4535931348800659 0.04010296240448952 0.10975907742977142 -0.4468397796154022 0.019321979954838753 0.0942838117480278 -0.44490867853164673 0.0295767392963171 0.12895417213439941 -0.46811890602111816 0.03679561987519264 0.12103927880525589 -0.4615621566772461 0.022376174107193947 0.0938720554113388 -0.436898410320282 0.02133437618613243 0.10453664511442184 -0.43762123584747314 0.013730481266975403 0.13472622632980347 -0.4750455915927887 0.0742129310965538 0.13280083239078522 -0.47997403144836426 0.08318279683589935 0.1252412497997284 -0.4810008406639099 0.09164923429489136 0.13765613734722137 -0.48302194476127625 0.07520396262407303 0.13050909340381622 -0.48774299025535583 0.08925362676382065 0.06311973929405212 -0.2162197232246399 0.0474829263985157 0.07886013388633728 -0.22066155076026917 0.04513354226946831 0.05817081779241562 -0.22257870435714722 0.04469264671206474 0.1252412497997284 -0.4810008406639099 0.09164923429489136 0.11384347826242447 -0.48583653569221497 0.09373273700475693 0.13050909340381622 -0.48774299025535583 0.08925362676382065 0.10985474288463593 -0.48951300978660583 0.09213569015264511 0.11384347826242447 -0.48583653569221497 0.09373273700475693 0.10115288943052292 -0.48683691024780273 0.08972667157649994 0.10985474288463593 -0.48951300978660583 0.09213569015264511 0.10527418553829193 -0.47986656427383423 0.09006816893815994 0.11309497803449631 -0.4790908992290497 0.0920846164226532 0.1252412497997284 -0.4810008406639099 0.09164923429489136 0.11261700093746185 -0.4679504930973053 0.08505069464445114 0.10242585092782974 -0.4695236086845398 0.08119923621416092 0.09681470692157745 -0.4760724604129791 0.08177845925092697 0.12586334347724915 -0.46995386481285095 0.0831892266869545 0.09203983843326569 -0.4817250072956085 0.07756012678146362 0.09053649753332138 -0.4727257788181305 0.06649230420589447 0.09847016632556915 -0.46480584144592285 0.06005715951323509 0.094820536673069 -0.4595150649547577 0.046244557946920395 0.08615247905254364 -0.4676900804042816 0.04790637269616127 0.0931011214852333 -0.4535931348800659 0.04010296240448952 0.08262602984905243 -0.46291783452033997 0.03458469361066818 0.08503241837024689 -0.4394083023071289 0.020358862355351448 0.0942838117480278 -0.44490867853164673 0.0295767392963171 0.0938720554113388 -0.436898410320282 0.02133437618613243 0.07588383555412292 -0.4462580680847168 0.013885746710002422 0.08284538239240646 -0.415088951587677 0.016090167686343193 0.09374714642763138 -0.41797369718551636 0.01702834852039814 0.09124233573675156 -0.4116102159023285 0.015454506501555443 0.055108461529016495 -0.38320907950401306 -0.006219148635864258 0.05143773555755615 -0.4046708643436432 -0.02760949172079563 0.05655781924724579 -0.4053100049495697 -0.012648994103074074 0.05421411618590355 -0.41813984513282776 -0.021359195932745934 0.06006867438554764 -0.4263329803943634 -0.008628672920167446 0.05517341569066048 -0.4302874207496643 -0.026696929708123207 0.05695150047540665 -0.4461810290813446 -0.02245239168405533 0.06468115746974945 -0.44816866517066956 -0.0017187845660373569 0.05102218687534332 -0.3920740783214569 -0.02658710815012455 0.04548767954111099 -0.3613181412220001 -0.022898545488715172 0.04924420267343521 -0.357952356338501 -0.00795301515609026 0.064329594373703 -0.4610746204853058 -0.012088960036635399 0.06338907778263092 -0.4730091989040375 -0.023340605199337006 0.038705360144376755 -0.3299068212509155 -0.018735092133283615 0.0438302643597126 -0.33383867144584656 -0.007198479492217302 0.03875993937253952 -0.29618772864341736 -0.0045332470908761024 0.035244036465883255 -0.29703453183174133 -0.01556264329701662 0.039148978888988495 -0.2636212408542633 0.007313096430152655 0.03534762188792229 -0.25347116589546204 -0.004435278940945864 0.04329974204301834 -0.2935285270214081 0.005179418716579676 0.07217986136674881 -0.47673049569129944 -0.002685850253328681 0.07434137165546417 -0.4640624523162842 0.012211097404360771 0.07979923486709595 -0.48417654633522034 0.01580803655087948 0.06971969455480576 -0.4534262716770172 0.0033897010143846273 0.07807010412216187 -0.4560154676437378 0.02105678804218769 0.06879317760467529 -0.4049830436706543 0.0075727724470198154 0.06824085116386414 -0.4205472469329834 0.0049163103103637695 0.04710329696536064 -0.270623117685318 0.017571453005075455 0.041575800627470016 -0.23681581020355225 0.025697780773043633 0.03391328081488609 -0.23919297754764557 0.010881505906581879 0.0790797621011734 -0.4741656482219696 0.02716812863945961 0.05453075096011162 -0.360566109418869 -0.001281988574191928 0.08184671401977539 -0.4887438714504242 0.03927501663565636 0.08088943362236023 -0.4806227385997772 0.04364589974284172 0.0842406153678894 -0.4894120395183563 0.05709210783243179 0.08444446325302124 -0.47926411032676697 0.059497881680727005 0.08716869354248047 -0.48831677436828613 0.06928398460149765 0.05887418985366821 -0.4538719654083252 -0.033880822360515594 0.061367373913526535 -0.47256919741630554 -0.03480308875441551 0.03559553995728493 -0.2521628141403198 -0.014425840228796005 0.03156784549355507 -0.23096249997615814 -0.0019337135599926114 0.055072151124477386 -0.42032837867736816 -0.03481259196996689 0.054721515625715256 -0.4135386347770691 -0.03955668583512306 0.03156943991780281 -0.22731786966323853 -0.00841440912336111 0.09265867620706558 -0.4941020905971527 0.08023178577423096 0.08669232577085495 -0.4978642165660858 0.06742338091135025 0.08210498094558716 -0.4913260042667389 0.05353546887636185 0.08365008980035782 -0.4994394779205322 0.05640209838747978 0.0813511461019516 -0.4999151825904846 0.042416006326675415 0.08048341423273087 -0.4902728199958801 0.03534034267067909 0.08058100193738937 -0.49581512808799744 0.018222296610474586 0.07834646105766296 -0.49304258823394775 0.011683016084134579 0.0769990012049675 -0.4866216480731964 0.009625743143260479 0.07556086778640747 -0.4904887080192566 0.0027922086883336306 0.0690351128578186 -0.47890353202819824 -0.007082929834723473 0.07026407122612 -0.4978869557380676 -0.007743722293525934 0.06170071288943291 -0.49727311730384827 -0.02490193210542202 0.06172426789999008 -0.4760160744190216 -0.02332366816699505 0.05876750499010086 -0.47784164547920227 -0.03533175215125084 0.059076327830553055 -0.4957793056964874 -0.03605624660849571 0.04326643794775009 -0.3436240255832672 -0.03141430392861366 0.05173753947019577 -0.37151864171028137 -0.040573932230472565 0.03931251913309097 -0.30662116408348083 -0.03320179134607315 0.04121199995279312 -0.32226336002349854 -0.03489449992775917 0.07294697314500809 -0.4960217773914337 -0.0034014687407761812 0.06423277407884598 -0.38136163353919983 0.004998873453587294 0.05941734462976456 -0.4380960762500763 -0.04480145499110222 0.03806530311703682 -0.2788689434528351 -0.028338516131043434 0.08163563907146454 -0.49898526072502136 0.02990732342004776 0.0531478114426136 -0.3059758245944977 0.011910446919500828 0.061518583446741104 -0.4755365252494812 -0.04751334339380264 0.0614713579416275 -0.4949621558189392 -0.04734129086136818 0.05401850491762161 -0.2662673592567444 0.0269336998462677 0.06567000597715378 -0.47286713123321533 -0.05010923743247986 0.059936217963695526 -0.35708028078079224 0.004391759634017944 0.06121935322880745 -0.4264366030693054 -0.048395540565252304 0.07587293535470963 -0.41597527265548706 0.01225230097770691 0.05379972606897354 -0.23292988538742065 0.038173239678144455 0.0404360331594944 -0.22695302963256836 0.011448174715042114 0.06599198281764984 -0.4543430507183075 -0.05172279104590416 0.038823116570711136 -0.24437156319618225 -0.021152464672923088 0.062126901000738144 -0.2744036614894867 0.027316883206367493 0.06862814724445343 -0.3632892072200775 0.008838733658194542 0.0729181095957756 -0.3943617641925812 0.010397515259683132 0.06515178084373474 -0.328382283449173 0.014407156966626644 0.06374510377645493 -0.2953552007675171 0.021422863006591797 0.08198358863592148 -0.406218022108078 0.01617215760052204 0.06251119077205658 -0.2672671377658844 0.03203849121928215 0.0649554580450058 -0.26030513644218445 0.03511645272374153 0.05817081779241562 -0.22257870435714722 0.04469264671206474 0.06311973929405212 -0.2162197232246399 0.0474829263985157 0.08362986147403717 -0.39807796478271484 0.01395369041711092 0.08246617764234543 -0.3769385814666748 0.010850674472749233 </float_array>
          <technique_common>
            <accessor source="#mesh_1-position-array" count="4847" stride="3">
              <param name="X" type="float" />
              <param name="Y" type="float" />
              <param name="Z" type="float" />
            </accessor>
          </technique_common>
        </source>
        <source id="mesh_1-texcoord" name="texcoord">
          <float_array id="mesh_1-texcoord-array" count="9694">0.36510008573532104 -0.9138985872268677 0.37989556789398193 -0.9138985872268677 0.37289589643478394 -0.9165209531784058 0.5339425802230835 -0.8562062978744507 0.5313315987586975 -0.8627391457557678 0.5339425802230835 -0.8684440851211548 0.8281114101409912 -0.9777097702026367 0.8228894472122192 -0.9796880483627319 0.8281114101409912 -0.9829545617103577 0.012961815111339092 -0.4200174808502197 0.010008702985942364 -0.41564685106277466 0.016100957989692688 -0.41564685106277466 0.23880785703659058 -0.26267480850219727 0.23194082081317902 -0.24956291913986206 0.2467362880706787 -0.24956291913986206 0.364699125289917 -0.5728244781494141 0.3527044653892517 -0.5613349676132202 0.3343510627746582 -0.5656352043151855 0.3740711808204651 -0.5613610744476318 0.38884079456329346 -0.5607173442840576 0.38244330883026123 -0.5808660387992859 0.4202588200569153 -0.5737338066101074 0.31331291794776917 -0.5955476760864258 0.42244452238082886 -0.5879261493682861 0.4111272394657135 -0.559964656829834 0.43307140469551086 -0.5552741289138794 0.4474100172519684 -0.5612436532974243 0.452790766954422 -0.552723228931427 0.35525253415107727 -0.5893497467041016 0.31365442276000977 -0.5635870695114136 0.4376819133758545 -0.5768560767173767 0.4622150957584381 -0.5661171078681946 0.2985452711582184 -0.5842869281768799 0.3025622069835663 -0.5623767375946045 0.2858209013938904 -0.564025342464447 0.26974907517433167 -0.5760787129402161 0.2594829797744751 -0.5665141344070435 0.22954589128494263 -0.568146824836731 0.2415013462305069 -0.5942292809486389 0.2948380410671234 -0.5973546504974365 0.21382252871990204 -0.5799989700317383 0.21281176805496216 -0.5657668113708496 0.18007709085941315 -0.5782585144042969 0.19280308485031128 -0.561427116394043 0.15107755362987518 -0.5626693964004517 0.15060430765151978 -0.5783840417861938 0.09187104552984238 -0.5804183483123779 0.14311283826828003 -0.5979662537574768 0.08938482403755188 -0.5928680896759033 0.06219729408621788 -0.5926512479782104 0.06270521879196167 -0.567275881767273 0.11991456151008606 -0.5569674968719482 0.10154334455728531 -0.5540263056755066 0.18049784004688263 -0.5958759784698486 0.2141338437795639 -0.6015185713768005 0.05521845445036888 -0.5554240942001343 0.052615661174058914 -0.5776006579399109 0.3848598599433899 -0.6008239984512329 0.3545626997947693 -0.6002247333526611 0.46993616223335266 -0.556100070476532 0.46048906445503235 -0.5501319169998169 0.05004351586103439 -0.614020824432373 0.46643662452697754 -0.580629825592041 0.4215678870677948 -0.5997060537338257 0.0783633440732956 -0.5478155016899109 0.4798241853713989 -0.5629567503929138 0.057618189603090286 -0.6232067346572876 0.24832604825496674 -0.6057461500167847 0.18336956202983856 -0.614092230796814 0.3006535768508911 -0.6139239072799683 0.09155141562223434 -0.6271126866340637 0.11352966725826263 -0.6241234540939331 0.12642338871955872 -0.6264554262161255 0.48026221990585327 -0.5827305912971497 0.21973846852779388 -0.6305059194564819 0.2715635597705841 -0.6244929432868958 0.3603920638561249 -0.6154307126998901 0.05004749074578285 -0.6301161050796509 0.0709453895688057 -0.6289969682693481 0.1600930243730545 -0.6344426870346069 0.31590867042541504 -0.6247512102127075 0.2661871314048767 -0.6419088840484619 0.22965045273303986 -0.6450572609901428 0.19728399813175201 -0.6464160680770874 0.16818732023239136 -0.6425553560256958 0.14476986229419708 -0.6418548822402954 0.10795444995164871 -0.6371652483940125 0.12097103893756866 -0.6393482685089111 0.4575619101524353 -0.5962181687355042 0.46223172545433044 -0.5907502174377441 0.47908055782318115 -0.6028611063957214 0.4765172302722931 -0.6118091344833374 0.4787229597568512 -0.5889158844947815 0.4755662977695465 -0.5848568677902222 0.44787076115608215 -0.607663631439209 0.32670828700065613 -0.6381393671035767 0.3799324333667755 -0.6199623346328735 0.4844380021095276 -0.612211287021637 0.4725223779678345 -0.5463141202926636 0.48135703802108765 -0.5481775403022766 0.48522284626960754 -0.5336133241653442 0.4745563566684723 -0.5287579298019409 0.49288487434387207 -0.5445675849914551 0.4765225648880005 -0.516706109046936 0.4893125295639038 -0.5236926078796387 0.46222710609436035 -0.5282065868377686 0.056879494339227676 -0.5334357023239136 0.4916354715824127 -0.568245530128479 0.49059808254241943 -0.5760934352874756 0.20553509891033173 -0.5532776117324829 0.23740938305854797 -0.5414465069770813 0.19662518799304962 -0.5360958576202393 0.17331817746162415 -0.5447153449058533 0.1518649458885193 -0.5303716063499451 0.1412668228149414 -0.5461272597312927 0.11929165571928024 -0.5276290774345398 0.10840986669063568 -0.5434589982032776 0.08047166466712952 -0.5288974046707153 0.261515349149704 -0.5438011884689331 0.2808058559894562 -0.5508018732070923 0.4630550444126129 -0.5159860253334045 0.17070601880550385 -0.553593635559082 0.49825936555862427 -0.5295800566673279 0.08479717373847961 -0.5402635335922241 0.46429741382598877 -0.5053465366363525 0.4487350881099701 -0.534377932548523 0.3058466613292694 -0.5456125140190125 0.2858600318431854 -0.5407988429069519 0.44709840416908264 -0.5170364379882812 0.4432915151119232 -0.5108939409255981 0.44591423869132996 -0.5014568567276001 0.3039248287677765 -0.5427372455596924 0.11404123902320862 -0.508979856967926 0.06919356435537338 -0.5043354034423828 0.16181474924087524 -0.5135180950164795 0.1849411576986313 -0.5163435935974121 0.3432512879371643 -0.5524702668190002 0.44558262825012207 -0.5423732995986938 0.21309344470500946 -0.5194497108459473 0.0578405037522316 -0.5038533806800842 0.33883965015411377 -0.5483932495117188 0.2490333765745163 -0.5246604681015015 0.36893436312675476 -0.5328847765922546 0.2734680473804474 -0.529653787612915 0.3793388605117798 -0.5507986545562744 0.38605430722236633 -0.5296919345855713 0.4057161808013916 -0.5445859432220459 0.4223303496837616 -0.538611650466919 0.39609089493751526 -0.5203611850738525 0.4222593903541565 -0.5226047039031982 0.40677034854888916 -0.5140841007232666 0.43057891726493835 -0.5278537273406982 0.43665531277656555 -0.536178708076477 0.3816571831703186 -0.5147749781608582 0.35823869705200195 -0.5230984687805176 0.3307565152645111 -0.5300530195236206 0.3452756106853485 -0.5429048538208008 0.3952127993106842 -0.5086747407913208 0.4388050138950348 -0.5289725065231323 0.4363929331302643 -0.5207652449607849 0.430331289768219 -0.511931836605072 0.4287872314453125 -0.5188731551170349 0.3506554663181305 -0.5138970613479614 0.40327227115631104 -0.5005731582641602 0.4175436198711395 -0.4949589967727661 0.4055371582508087 -0.49368971586227417 0.4057401120662689 -0.4880714416503906 0.3981055021286011 -0.4874016046524048 0.4039233922958374 -0.4791673421859741 0.39133358001708984 -0.4738837480545044 0.39104771614074707 -0.49695366621017456 0.3822627067565918 -0.4817531704902649 0.3851720988750458 -0.47159093618392944 0.3017604351043701 -0.5303522348403931 0.38915905356407166 -0.5021446943283081 0.3249987065792084 -0.5162844657897949 0.05788034573197365 -0.48740512132644653 0.30529195070266724 -0.518011212348938 0.23033717274665833 -0.49763554334640503 0.25374913215637207 -0.5005131363868713 0.14328579604625702 -0.48137587308883667 0.0957360491156578 -0.47457975149154663 0.18826141953468323 -0.5018291473388672 0.05939491465687752 -0.47159093618392944 0.28212064504623413 -0.5139344930648804 0.25708118081092834 -0.4884986877441406 0.23516936600208282 -0.48524558544158936 0.1871684044599533 -0.4831220507621765 0.37546440958976746 -0.4794314503669739 0.3452017903327942 -0.5077393054962158 0.3602735698223114 -0.5035086274147034 0.2936146557331085 -0.49680352210998535 0.30535614490509033 -0.49843668937683105 0.3266475796699524 -0.5022027492523193 0.39493754506111145 -0.5057878494262695 0.4844059646129608 -0.2753385901451111 0.4450015127658844 -0.2837206721305847 0.4860018491744995 -0.2910849452018738 0.4396781027317047 -0.29515141248703003 0.5126168131828308 -0.27621179819107056 0.5191042423248291 -0.28773683309555054 0.5236682295799255 -0.27122044563293457 0.43857458233833313 -0.26578211784362793 0.3914247453212738 -0.29173171520233154 0.4118116796016693 -0.2701927423477173 0.3524220287799835 -0.27782881259918213 0.31210803985595703 -0.2962019443511963 0.28364136815071106 -0.2850192189216614 0.2681314945220947 -0.2995185852050781 0.2498868852853775 -0.2884199023246765 0.2501038610935211 -0.3002087473869324 0.4769185185432434 -0.2629125714302063 0.4973587691783905 -0.26555657386779785 0.5487754344940186 -0.28377485275268555 0.5567993521690369 -0.27271467447280884 0.575951099395752 -0.28798890113830566 0.5715869665145874 -0.2727246880531311 0.5065946578979492 -0.2575427293777466 0.5348173379898071 -0.2557283043861389 0.27747228741645813 -0.2749757766723633 0.24864232540130615 -0.2699046730995178 0.5607323050498962 -0.2648124694824219 0.28943032026290894 -0.26423150300979614 0.3546614348888397 -0.2667503356933594 0.24807550013065338 -0.2550784945487976 0.5772733688354492 -0.2535175681114197 0.5925625562667847 -0.2971600294113159 0.6081988215446472 -0.29011958837509155 0.6100293397903442 -0.26462429761886597 0.305337518453598 -0.25318729877471924 0.35482653975486755 -0.25576120615005493 0.5877736806869507 -0.26458507776260376 0.6145432591438293 -0.24918073415756226 0.5899386405944824 -0.2477189302444458 0.6224387288093567 -0.2836301922798157 0.6217861771583557 -0.2612774968147278 0.6383811831474304 -0.2500757575035095 0.558136522769928 -0.25397711992263794 0.4507424533367157 -0.24735593795776367 0.4110579192638397 -0.24688225984573364 0.37738728523254395 -0.24672973155975342 0.3398555815219879 -0.24399083852767944 0.4769577085971832 -0.24620354175567627 0.6291242837905884 -0.26319849491119385 0.5725352764129639 -0.2435908317565918 0.5052711367607117 -0.23867511749267578 0.28787583112716675 -0.23947471380233765 0.24760662019252777 -0.23557692766189575 0.615203857421875 -0.23557692766189575 0.5539248585700989 -0.2999948263168335 0.2502185106277466 -0.31716811656951904 0.35770195722579956 -0.31331026554107666 0.2822122871875763 -0.3179152011871338 0.4077507257461548 -0.3100457191467285 0.5693264603614807 -0.30054599046707153 0.5897883772850037 -0.30340099334716797 0.3332497477531433 -0.3171626329421997 0.5172022581100464 -0.30019843578338623 0.4913417100906372 -0.3011325001716614 0.4592794179916382 -0.3147539496421814 0.49627840518951416 -0.3131294250488281 0.48546651005744934 -0.3199475407600403 0.5214250087738037 -0.3095877170562744 0.43355226516723633 -0.3258194327354431 0.4042617380619049 -0.32574230432510376 0.3334100544452667 -0.333298921585083 0.4585620164871216 -0.32908380031585693 0.5746527314186096 -0.3163200616836548 0.5972644090652466 -0.31025075912475586 0.5486147999763489 -0.32983821630477905 0.6057994365692139 -0.31917375326156616 0.5480759739875793 -0.30935966968536377 0.24974334239959717 -0.3399025797843933 0.2869928479194641 -0.339611291885376 0.5288428068161011 -0.3124427795410156 0.5423980355262756 -0.31347954273223877 0.5288034081459045 -0.32993650436401367 0.5094587206840515 -0.331249475479126 0.4973723590373993 -0.3349829316139221 0.48847344517707825 -0.33689069747924805 0.41516751050949097 -0.3358715772628784 0.3602171242237091 -0.34378451108932495 0.5741034746170044 -0.32479315996170044 0.6039996147155762 -0.32954055070877075 0.6241903305053711 -0.3265504240989685 0.29631930589675903 -0.35622769594192505 0.5599440932273865 -0.33404725790023804 0.5749775171279907 -0.34115684032440186 0.5962927341461182 -0.33643949031829834 0.2697504758834839 -0.3604933023452759 0.45214757323265076 -0.3493567705154419 0.2530898153781891 -0.36057692766189575 0.39932429790496826 -0.3511016368865967 0.6106640100479126 -0.34516263008117676 0.6178134083747864 -0.3365989923477173 0.8038544654846191 -0.5331642627716064 0.8084756731987 -0.543777585029602 0.8072442412376404 -0.5126456022262573 0.8066931366920471 -0.5562036037445068 0.8020405173301697 -0.4936668276786804 0.8067518472671509 -0.49206793308258057 0.7936311960220337 -0.5701037645339966 0.7826492190361023 -0.5613524913787842 0.7810591459274292 -0.5293034315109253 0.7893412113189697 -0.5053862929344177 0.7615544199943542 -0.5083858966827393 0.7792232036590576 -0.4868069887161255 0.7592991590499878 -0.4951951503753662 0.7684652209281921 -0.4761585593223572 0.7594346404075623 -0.46733546257019043 0.7671617269515991 -0.4520808458328247 0.7713879346847534 -0.5535454750061035 0.8059489727020264 -0.5763324499130249 0.7532780170440674 -0.45344096422195435 0.7992254495620728 -0.4659263491630554 0.7814258337020874 -0.4513145685195923 0.7964924573898315 -0.4496919512748718 0.7766720652580261 -0.5856994390487671 0.7842341065406799 -0.6024191379547119 0.8045782446861267 -0.5976220965385437 0.7602354288101196 -0.5764736533164978 0.761237621307373 -0.5580229163169861 0.7598208785057068 -0.5965356826782227 0.7725766897201538 -0.5289268493652344 0.7598606944084167 -0.5364701747894287 0.751630961894989 -0.5263333320617676 0.751684308052063 -0.5495151877403259 0.7532849907875061 -0.5662800073623657 0.748027503490448 -0.5640099048614502 0.7482982873916626 -0.5803123712539673 0.7555487751960754 -0.5882478952407837 0.7489097118377686 -0.49792367219924927 0.7466669082641602 -0.47680896520614624 0.7471541166305542 -0.4579058885574341 0.7445604801177979 -0.4526521563529968 0.7486613392829895 -0.5440256595611572 0.7481317520141602 -0.5173627138137817 0.8088723421096802 -0.4488636255264282 0.8195601105690002 -0.47219622135162354 0.8252754211425781 -0.449054479598999 0.8204350471496582 -0.5866929292678833 0.8239432573318481 -0.5695681571960449 0.8289263248443604 -0.49735116958618164 0.8175949454307556 -0.514557957649231 0.829024612903595 -0.5224015712738037 0.8357625603675842 -0.5895060300827026 0.8282462954521179 -0.5438523292541504 0.8400264382362366 -0.46597909927368164 0.8378021121025085 -0.45052874088287354 0.8400030732154846 -0.5627651810646057 0.83970046043396 -0.5428193807601929 0.8390407562255859 -0.4996408224105835 0.8466947078704834 -0.44947534799575806 0.8371025323867798 -0.5226442813873291 0.8536065220832825 -0.48773741722106934 0.748383104801178 -0.5912523865699768 0.7450935244560242 -0.5903842449188232 0.7453357577323914 -0.6044962406158447 0.7481260299682617 -0.6059480905532837 0.8508729934692383 -0.5015762448310852 0.8423358201980591 -0.5171092748641968 0.8593059182167053 -0.5149787664413452 0.8538618683815002 -0.5439058542251587 0.8444207310676575 -0.5711898803710938 0.8513282537460327 -0.5937155485153198 0.8623514175415039 -0.6062062978744507 0.8630975484848022 -0.4991210699081421 0.8636085391044617 -0.5291733145713806 0.8589362502098083 -0.5653870701789856 0.8655474781990051 -0.47566139698028564 0.8554166555404663 -0.44945454597473145 0.8668521642684937 -0.4495851993560791 0.8750079274177551 -0.5131785869598389 0.8732312321662903 -0.5304330587387085 0.8708192706108093 -0.5433745384216309 0.8687009215354919 -0.5697934627532959 0.8787312507629395 -0.4897918105125427 0.8793487548828125 -0.4524790048599243 0.8812010288238525 -0.4488636255264282 0.8766616582870483 -0.4798238277435303 0.6900354027748108 -0.06396472454071045 0.6884781718254089 -0.01416003704071045 0.703375518321991 -0.06424826383590698 0.7006708979606628 -0.011800706386566162 0.7170462608337402 -0.011800706386566162 0.7116699814796448 -0.06322091817855835 0.7340680956840515 -0.040699899196624756 0.7219802737236023 -0.061560869216918945 0.7349154949188232 -0.01711803674697876 0.7364019155502319 -0.055705130100250244 0.7471714615821838 -0.027403295040130615 0.7463703751564026 -0.046398162841796875 0.6804327964782715 -0.01499629020690918 0.6830153465270996 -0.06167495250701904 0.6699793934822083 -0.05643671751022339 0.6581332683563232 -0.045412302017211914 0.6569717526435852 -0.05145144462585449 0.6652452945709229 -0.015263795852661133 0.659509539604187 -0.021653294563293457 0.6591334342956543 -0.013452708721160889 0.6564726233482361 -0.025281667709350586 0.6557876467704773 -0.04497373104095459 0.3785361647605896 -0.9648889303207397 0.3790864944458008 -0.9498045444488525 0.36086925864219666 -0.9540440440177917 0.39840999245643616 -0.9525981545448303 0.3950332999229431 -0.9694283604621887 0.4200129210948944 -0.9702666997909546 0.4232703745365143 -0.9503796696662903 0.4410201609134674 -0.9565882682800293 0.4478099048137665 -0.9687805771827698 0.4650842845439911 -0.9652618765830994 0.4621720016002655 -0.9541257619857788 0.4584178030490875 -0.9460472464561462 0.36047425866127014 -0.9650857448577881 0.3495331108570099 -0.9709396958351135 0.3453004062175751 -0.9577775001525879 0.3522486090660095 -0.9449612498283386 0.3406386375427246 -0.9320799112319946 0.32932329177856445 -0.9364587664604187 0.3260985314846039 -0.9415038824081421 0.3304000198841095 -0.9270192980766296 0.326160192489624 -0.9156468510627747 0.31946060061454773 -0.9296430349349976 0.3211585581302643 -0.9183819890022278 0.4644463062286377 -0.9790267944335938 0.4666045904159546 -0.9514642357826233 0.47500893473625183 -0.9637007117271423 0.46987205743789673 -0.9811441898345947 0.4793281555175781 -0.9774825572967529 0.4638511538505554 -0.9419776797294617 0.47278347611427307 -0.9430968761444092 0.4786843955516815 -0.9513992071151733 0.4835173785686493 -0.9641112685203552 0.47987815737724304 -0.9706637263298035 0.48837336897850037 -0.9394635558128357 0.49760767817497253 -0.9476087093353271 0.49068939685821533 -0.9644573926925659 0.48395419120788574 -0.9757270812988281 0.5020391941070557 -0.9602397680282593 0.502354085445404 -0.9417498707771301 0.49119266867637634 -0.9774415493011475 0.516182541847229 -0.9747512936592102 0.5188632011413574 -0.9532197117805481 0.5068913102149963 -0.9484279751777649 0.5271139740943909 -0.9581814408302307 0.5343436002731323 -0.9618697762489319 0.499790757894516 -0.9347478151321411 0.31864577531814575 -0.9498744606971741 0.33439314365386963 -0.9615390300750732 0.34146952629089355 -0.9673182368278503 0.3112469017505646 -0.9363624453544617 0.32812973856925964 -0.9749501347541809 0.3151181936264038 -0.9718385934829712 0.48781251907348633 -0.9787347316741943 0.31156641244888306 -0.9250709414482117 0.2975982427597046 -0.9306149482727051 0.36297130584716797 -0.9425169229507446 0.2917673885822296 -0.9523406028747559 0.2907041609287262 -0.9427632093429565 0.4456201195716858 -0.9818268418312073 0.5319315195083618 -0.9756063222885132 0.5452567338943481 -0.966015100479126 0.28466516733169556 -0.9367603063583374 0.28536257147789 -0.931665301322937 0.31031790375709534 -0.9754501581192017 0.29433202743530273 -0.9709088206291199 0.2961183786392212 -0.9269205927848816 0.31158679723739624 -0.9645241498947144 0.29390832781791687 -0.9569223523139954 0.2909785807132721 -0.9646517634391785 0.4737691581249237 -0.9294430017471313 0.2833070158958435 -0.9473167061805725 0.28219708800315857 -0.9529420137405396 0.40224695205688477 -0.9460370540618896 0.46719878911972046 -0.9327486157417297 0.5129806995391846 -0.9485161900520325 0.37646257877349854 -0.9720892906188965 0.45910486578941345 -0.931257426738739 0.477705180644989 -0.9855769276618958 0.4555509090423584 -0.9366925358772278 0.51939857006073 -0.9854132533073425 0.2758868336677551 -0.9328997135162354 0.27769359946250916 -0.938101589679718 0.4214085638523102 -0.983334481716156 0.4293603301048279 -0.9369981288909912 0.489408940076828 -0.9292296767234802 0.4991781711578369 -0.9241793155670166 0.40559619665145874 -0.9349148869514465 0.2685825228691101 -0.930926501750946 0.26762402057647705 -0.9368575811386108 0.4516586661338806 -0.9340215921401978 0.48778659105300903 -0.9219286441802979 0.503230094909668 -0.9259874224662781 0.4615037143230438 -0.9287223815917969 0.5119097828865051 -0.9156468510627747 0.6517849564552307 -0.7676701545715332 0.6675933599472046 -0.7835047841072083 0.6656891703605652 -0.8084756135940552 0.6467328071594238 -0.7981132864952087 0.647485613822937 -0.8157540559768677 0.6482722163200378 -0.8307112455368042 0.6625627279281616 -0.8321858048439026 0.6474756002426147 -0.8430078625679016 0.6606686115264893 -0.8590734004974365 0.6485689282417297 -0.8571463823318481 0.6655348539352417 -0.7650692462921143 0.6731263399124146 -0.7583789229393005 0.6620358824729919 -0.7574390769004822 0.6484185457229614 -0.7609866261482239 0.6590510010719299 -0.7433149814605713 0.6486650705337524 -0.7507659196853638 0.6463330984115601 -0.7393943071365356 0.6408175826072693 -0.7501286268234253 0.6552348136901855 -0.7366987466812134 0.6676517724990845 -0.7438445091247559 0.6374523639678955 -0.7355178594589233 0.6667242050170898 -0.7334562540054321 0.6659147143363953 -0.7514432668685913 0.6751903891563416 -0.7707425951957703 0.6714665293693542 -0.7543607950210571 0.6733354926109314 -0.7479923963546753 0.6603133082389832 -0.8670694828033447 0.6477994322776794 -0.8661478757858276 0.6734188795089722 -0.7409479022026062 0.672828733921051 -0.7275382280349731 0.6647992730140686 -0.7282252907752991 0.6527950763702393 -0.7332878112792969 0.6494150757789612 -0.7157896757125854 0.6528140306472778 -0.677401602268219 0.6644816994667053 -0.6947519779205322 0.6596311330795288 -0.678166389465332 0.6426481604576111 -0.6814355254173279 0.671684205532074 -0.6973140239715576 0.6678803563117981 -0.6813826560974121 0.6648540496826172 -0.678909420967102 0.6732972264289856 -0.6962532997131348 0.6776041984558105 -0.7103234529495239 0.6806212663650513 -0.7116528749465942 0.6494800448417664 -0.8792654871940613 0.6612750887870789 -0.8767156600952148 0.6454588770866394 -0.7312213778495789 0.6654671430587769 -0.8418717980384827 0.6637982726097107 -0.8902572393417358 0.6402643918991089 -0.6770104765892029 0.6664380431175232 -0.8592731952667236 0.6723200082778931 -0.8227981328964233 0.6814543604850769 -0.7530053853988647 0.6834406852722168 -0.7479448914527893 0.6839412450790405 -0.7562159895896912 0.6796777248382568 -0.787173867225647 0.6831202507019043 -0.7679094076156616 0.6853786110877991 -0.7397664785385132 0.684185802936554 -0.7244224548339844 0.6828554272651672 -0.7169023156166077 0.6853786110877991 -0.7159346342086792 0.6525463461875916 -0.8947898149490356 0.6669614315032959 -0.907861590385437 0.6508336067199707 -0.9041328430175781 0.6550456285476685 -0.9096174240112305 0.6667112112045288 -0.9148234724998474 0.6667241454124451 -0.9205794930458069 0.6554970741271973 -0.9183411598205566 0.6644201874732971 -0.9247132539749146 0.6758074164390564 -0.9348776340484619 0.6744294762611389 -0.9241976737976074 0.6802361607551575 -0.9322656393051147 0.6674391627311707 -0.9315464496612549 0.6399798393249512 -0.7272231578826904 0.6343847513198853 -0.7257416248321533 0.6340295672416687 -0.7197623252868652 0.9213074445724487 -0.1722191572189331 0.916259765625 -0.15020984411239624 0.9050674438476562 -0.1723017692565918 0.9364123344421387 -0.1618543267250061 0.913236677646637 -0.19077247381210327 0.8856654167175293 -0.1760208010673523 0.8939523696899414 -0.2065703272819519 0.8901322484016418 -0.14887064695358276 0.8604607582092285 -0.14501047134399414 0.9386430382728577 -0.19049400091171265 0.9199413061141968 -0.22723281383514404 0.8657432794570923 -0.20691311359405518 0.9073144197463989 -0.2204192876815796 0.8769978284835815 -0.12389910221099854 0.9350547790527344 -0.1750994324684143 0.8781284093856812 -0.2234053611755371 0.8945859670639038 -0.24212348461151123 0.9115155935287476 -0.12945812940597534 0.9082353115081787 -0.24694055318832397 0.9281057119369507 -0.14162957668304443 0.9377179145812988 -0.1489875316619873 0.9383395314216614 -0.13321304321289062 0.9296847581863403 -0.12589514255523682 0.9196953773498535 -0.11495918035507202 0.901727020740509 -0.11407345533370972 0.9403829574584961 -0.17494773864746094 0.931124210357666 -0.11407345533370972 0.9372227191925049 -0.11764472723007202 0.9348912835121155 -0.12643015384674072 0.8533507585525513 -0.17562353610992432 0.8562650084495544 -0.19051653146743774 0.7305273413658142 -0.8081611394882202 0.7328190803527832 -0.8456244468688965 0.7238812446594238 -0.8308178186416626 0.7446810603141785 -0.8508847951889038 0.7444218397140503 -0.8136026859283447 0.743510901927948 -0.8721663951873779 0.7251688241958618 -0.8589521646499634 0.7243837118148804 -0.9020378589630127 0.7377927303314209 -0.9030957818031311 0.7210608124732971 -0.9170814752578735 0.7365925312042236 -0.9235775470733643 0.7335505485534668 -0.9322462677955627 0.7202735543251038 -0.9257256388664246 0.7189153432846069 -0.9403606653213501 0.7340967059135437 -0.9455830454826355 0.7161646485328674 -0.9534193277359009 0.7341017127037048 -0.9576889276504517 0.7183675169944763 -0.8077349662780762 0.7168689966201782 -0.7799206972122192 0.7288750410079956 -0.777616560459137 0.7151177525520325 -0.7736364006996155 0.7246211767196655 -0.7463754415512085 0.7124425768852234 -0.7386894226074219 0.7247412800788879 -0.7151636481285095 0.6981043219566345 -0.7477946281433105 0.6996281147003174 -0.7122577428817749 0.7119960188865662 -0.7137826681137085 0.7023457288742065 -0.946782648563385 0.7155106067657471 -0.6831681728363037 0.7077760696411133 -0.6810431480407715 0.7057930827140808 -0.934424877166748 0.709872841835022 -0.841138482093811 0.6994805335998535 -0.7751662731170654 0.7085132598876953 -0.9160410165786743 0.7106410264968872 -0.8612582087516785 0.7237430810928345 -0.8844069242477417 0.7086923122406006 -0.9029980897903442 0.7068864107131958 -0.7797269225120544 0.7087327241897583 -0.8839374780654907 0.7045941352844238 -0.8143418431282043 0.6987204551696777 -0.9225084185600281 0.6922860741615295 -0.6897784471511841 0.6914196610450745 -0.6815160512924194 0.6936023235321045 -0.7440502047538757 0.700434684753418 -0.7825611233711243 0.6881962418556213 -0.7350554466247559 0.6947097778320312 -0.9424718618392944 0.7071250677108765 -0.967532217502594 0.6972090005874634 -0.9599812626838684 0.734003484249115 -0.9749894738197327 0.7145714163780212 -0.9776415824890137 0.72988361120224 -0.6981786489486694 0.7461226582527161 -0.9748292565345764 0.6916561126708984 -0.9760375022888184 0.6898244619369507 -0.9568161368370056 0.6940813064575195 -0.9836278557777405 0.6726993918418884 -0.9888824820518494 0.6725288033485413 -0.9800328016281128 0.6612864136695862 -0.9835370779037476 0.6572788953781128 -0.991186797618866 0.7271178364753723 -0.6822991371154785 0.7073786854743958 -0.984000563621521 0.7410386800765991 -0.779097855091095 0.736068606376648 -0.7392228841781616 0.635701060295105 -0.979797899723053 0.7485176920890808 -0.9547407031059265 0.7332010269165039 -0.978000819683075 0.7116079926490784 -0.9891088604927063 0.7339075207710266 -0.9925308227539062 0.7470292448997498 -0.991005539894104 0.6980917453765869 -0.9933637976646423 0.6844372749328613 -0.9980442523956299 0.6751334071159363 -0.991857647895813 0.6634657979011536 -0.9995629191398621 0.6769791841506958 -0.9993282556533813 0.6444631218910217 -0.9964527487754822 0.733037531375885 -0.7172082662582397 0.7377598881721497 -0.6771044731140137 0.7165324687957764 -0.9936851859092712 0.750216543674469 -0.9478389024734497 0.7539055943489075 -0.9723805785179138 0.7476215958595276 -0.9146410822868347 0.7457552552223206 -0.8905773162841797 0.7493435144424438 -0.9278314113616943 0.6550169587135315 -0.9986577033996582 0.7276822924613953 -0.6624802350997925 0.7560654878616333 -0.9763714075088501 0.7444308400154114 -0.6949975490570068 0.7444242835044861 -0.6732529401779175 0.7373901605606079 -0.6639899015426636 0.7448550462722778 -0.6622757911682129 0.7423772215843201 -0.727562665939331 0.7417652010917664 -0.7473554611206055 0.6354694366455078 -0.9860414862632751 0.6550671458244324 -0.9777451753616333 0.757615327835083 -0.9897298216819763 0.6289472579956055 -0.992074728012085 0.7516641616821289 -0.6799613237380981 0.7550019025802612 -0.6726845502853394 0.7005597949028015 -0.6715519428253174 0.6865025162696838 -0.6692037582397461 0.6829431056976318 -0.6800786256790161 0.697537362575531 -0.6610795259475708 0.7081673741340637 -0.6609265804290771 0.7222999930381775 -0.6629445552825928 0.7530676126480103 -0.7027731537818909 0.7571737766265869 -0.847291111946106 0.7529470920562744 -0.668475866317749 0.757615327835083 -0.6667276620864868 0.7527126669883728 -0.6586538553237915 0.7554275393486023 -0.8922953605651855 0.6228117346763611 -0.9782924652099609 0.7575466632843018 -0.9235564470291138 0.6157528162002563 -0.9872206449508667 0.3817850947380066 -0.39709222316741943 0.37000399827957153 -0.3949905037879944 0.36601921916007996 -0.40851110219955444 0.373561292886734 -0.41127800941467285 0.4035499095916748 -0.39783966541290283 0.4162291884422302 -0.41096216440200806 0.4382528066635132 -0.40005576610565186 0.4523265063762665 -0.38728803396224976 0.4707797169685364 -0.38663238286972046 0.4887118339538574 -0.3990175724029541 0.5077317357063293 -0.3873888850212097 0.5393000245094299 -0.3860672116279602 0.5122360587120056 -0.4009556174278259 0.558414101600647 -0.3993934392929077 0.44975462555885315 -0.40853893756866455 0.3700132966041565 -0.4235690236091614 0.3853430151939392 -0.4215841293334961 0.34298041462898254 -0.4307292103767395 0.34687933325767517 -0.411102294921875 0.3170405924320221 -0.42724478244781494 0.3183189928531647 -0.4445285201072693 0.283255398273468 -0.44568246603012085 0.28098222613334656 -0.42727333307266235 0.2591034770011902 -0.43061399459838867 0.2698000371456146 -0.42084628343582153 0.2908419072628021 -0.42133021354675293 0.5205810070037842 -0.40949517488479614 0.2600773572921753 -0.446872353553772 0.2426520138978958 -0.42001789808273315 0.23623761534690857 -0.4332907199859619 0.23182587325572968 -0.4135158658027649 0.48430120944976807 -0.40963494777679443 0.23764893412590027 -0.4448818564414978 0.5517619252204895 -0.4114173650741577 0.5622641444206238 -0.41464972496032715 0.4247582256793976 -0.41942042112350464 0.21856099367141724 -0.4341413974761963 0.22236163914203644 -0.42197519540786743 0.20137155055999756 -0.42037034034729004 0.20341277122497559 -0.4354814887046814 0.19158190488815308 -0.43367791175842285 0.1918901652097702 -0.4116235375404358 0.18351441621780396 -0.41978520154953003 0.21548980474472046 -0.446773886680603 0.3773002624511719 -0.4317895174026489 0.4605485498905182 -0.4197925329208374 0.1806812435388565 -0.4325202703475952 0.1759926974773407 -0.4185991883277893 0.18433542549610138 -0.450268030166626 0.19797341525554657 -0.45462822914123535 0.18527944386005402 -0.45810526609420776 0.16935980319976807 -0.4194604158401489 0.16651983559131622 -0.4311884045600891 0.4983667731285095 -0.4196762442588806 0.16120441257953644 -0.43589311838150024 0.1796111762523651 -0.44595199823379517 0.16411325335502625 -0.4512733817100525 0.5629264712333679 -0.3607367277145386 0.16602769494056702 -0.4616129994392395 0.1789679378271103 -0.40160071849823 0.18747997283935547 -0.39654016494750977 0.3982490003108978 -0.43368351459503174 0.41740983724594116 -0.43305283784866333 0.16789336502552032 -0.4039407968521118 0.16088150441646576 -0.4098244309425354 0.1666007936000824 -0.4246574640274048 0.5213636755943298 -0.4198005795478821 0.20662230253219604 -0.40880608558654785 0.16871386766433716 -0.3812364935874939 0.17467409372329712 -0.3757096529006958 0.17236939072608948 -0.3636457324028015 0.16318105161190033 -0.37823599576950073 0.1648295670747757 -0.38828402757644653 0.16518379747867584 -0.3600466847419739 0.15541794896125793 -0.3893260955810547 0.1544821560382843 -0.3724184036254883 0.1616007685661316 -0.36174505949020386 0.15722626447677612 -0.4019489884376526 0.18338550627231598 -0.47104495763778687 0.15745440125465393 -0.352763831615448 0.1675090789794922 -0.4714049696922302 0.21013858914375305 -0.4073188900947571 0.1732880175113678 -0.34897905588150024 0.2497830092906952 -0.4100459814071655 0.5765913724899292 -0.36388659477233887 0.5807315111160278 -0.34494221210479736 0.5939947962760925 -0.35000842809677124 0.5930233001708984 -0.34724706411361694 0.31164970993995667 -0.41184794902801514 0.2821371555328369 -0.4101104736328125 0.18415570259094238 -0.38298678398132324 0.1960558444261551 -0.39723169803619385 0.564430832862854 -0.3400411605834961 0.501936674118042 -0.3764604330062866 0.1607692539691925 -0.3361014127731323 0.16811132431030273 -0.3374895453453064 0.24170322716236115 -0.4015437960624695 0.5277265906333923 -0.36682748794555664 0.4319199025630951 -0.3830462098121643 0.5497410297393799 -0.3536059856414795 0.5330134630203247 -0.3619069457054138 0.23831981420516968 -0.39920490980148315 0.3996012210845947 -0.3879755139350891 0.48287999629974365 -0.37257838249206543 0.36071857810020447 -0.3917897343635559 0.5258358120918274 -0.3527451157569885 0.5423086285591125 -0.3361014127731323 0.5534186959266663 -0.3382183909416199 0.4581153392791748 -0.36983513832092285 0.3360009789466858 -0.3962629437446594 0.31185418367385864 -0.4008140563964844 0.3740498125553131 -0.38513803482055664 0.5040712952613831 -0.35808897018432617 0.5208354592323303 -0.3653615713119507 0.5307202339172363 -0.3681228756904602 0.23938070237636566 -0.46187663078308105 0.21562103927135468 -0.4587806463241577 0.2659812867641449 -0.4624398350715637 0.29258790612220764 -0.4623844027519226 0.3233194947242737 -0.45951056480407715 0.3522534668445587 -0.44885170459747314 0.2321978211402893 -0.46683627367019653 0.2150096744298935 -0.46747463941574097 0.20000477135181427 -0.4697675108909607 0.1867024004459381 -0.4704824686050415 0.3816014230251312 -0.44491374492645264 0.40546950697898865 -0.44245874881744385 0.4189879298210144 -0.44310587644577026 0.4341302216053009 -0.4358142614364624 0.46795743703842163 -0.433660626411438 0.49318063259124756 -0.4370982050895691 0.530437171459198 -0.4420027732849121 0.5404324531555176 -0.42913252115249634 0.5558550357818604 -0.42436492443084717 0.5565944314002991 -0.44203776121139526 0.540691614151001 -0.45409369468688965 0.5516740679740906 -0.45224815607070923 0.5677966475486755 -0.456745445728302 0.5667716860771179 -0.4610617160797119 0.5667662024497986 -0.4269401431083679 0.5570891499519348 -0.46416014432907104 0.2529246211051941 -0.4683394432067871 0.5118447542190552 -0.4496082067489624 0.5297942161560059 -0.4564540386199951 0.5077698826789856 -0.45371872186660767 0.49832087755203247 -0.4536041021347046 0.5054557919502258 -0.46263933181762695 0.3454477787017822 -0.46554237604141235 0.36819297075271606 -0.46129387617111206 0.4649161994457245 -0.44263583421707153 0.481123149394989 -0.4412131905555725 0.429931104183197 -0.4448246359825134 0.1878412663936615 -0.4794580340385437 0.5105623006820679 -0.4568432569503784 0.5494597554206848 -0.4581088423728943 0.566831648349762 -0.41186147928237915 0.5424780249595642 -0.4634121060371399 0.5561546683311462 -0.467011034488678 0.5479677319526672 -0.4676094055175781 0.5362827181816101 -0.46667981147766113 0.5341991782188416 -0.4635924696922302 0.5226479172706604 -0.4671173691749573 0.5220564007759094 -0.46406060457229614 0.5122303366661072 -0.46498948335647583 0.5518220663070679 -0.4744012951850891 0.489968866109848 -0.4667304754257202 0.25170356035232544 -0.22478419542312622 0.2378111332654953 -0.20423418283462524 0.23662617802619934 -0.22504281997680664 0.2672692835330963 -0.20576554536819458 0.27384817600250244 -0.22718751430511475 0.29193004965782166 -0.20759624242782593 0.31088924407958984 -0.2308892011642456 0.3173673450946808 -0.21029341220855713 0.33102914690971375 -0.2328539490699768 0.343083918094635 -0.2138269543647766 0.3433811068534851 -0.22266298532485962 0.343325138092041 -0.23396950960159302 0.21602559089660645 -0.21122443675994873 0.2253335863351822 -0.2216469645500183 0.20850591361522675 -0.21477538347244263 0.2047978639602661 -0.19912880659103394 0.19473059475421906 -0.21651053428649902 0.20117080211639404 -0.23207175731658936 0.207270085811615 -0.2359423041343689 0.19149388372898102 -0.235096275806427 0.18270692229270935 -0.23179852962493896 0.17596036195755005 -0.21066468954086304 0.16968806087970734 -0.21454811096191406 0.17179898917675018 -0.22176092863082886 0.16785183548927307 -0.2270585298538208 0.17402800917625427 -0.23482346534729004 0.22606505453586578 -0.20229923725128174 0.17863689363002777 -0.20385491847991943 0.18829245865345 -0.2367122769355774 0.16061139106750488 -0.23444491624832153 0.16036568582057953 -0.23013156652450562 0.15979471802711487 -0.2261095643043518 0.19634324312210083 -0.24308139085769653 0.19616878032684326 -0.2471725344657898 0.18722110986709595 -0.19548946619033813 0.18518610298633575 -0.19301122426986694 0.2268195003271103 -0.228348970413208 0.20982269942760468 -0.19664090871810913 0.16073471307754517 -0.22068029642105103 0.15922099351882935 -0.2134806513786316 0.1894819438457489 -0.24097639322280884 0.3472852408885956 -0.22825086116790771 0.17334400117397308 -0.1904844045639038 0.25362178683280945 -0.2292555570602417 0.16390039026737213 -0.20228177309036255 0.17174629867076874 -0.19586944580078125 0.1894746869802475 -0.24828875064849854 0.34046536684036255 -0.20342260599136353 0.3481663167476654 -0.21311968564987183 0.3533588647842407 -0.22398900985717773 0.35287240147590637 -0.23614758253097534 0.3590453863143921 -0.2285093069076538 0.36218979954719543 -0.23451614379882812 0.35858118534088135 -0.2137410044670105 0.3793186843395233 -0.23215025663375854 0.3707543909549713 -0.21295279264450073 0.4016551375389099 -0.21187669038772583 0.3961658477783203 -0.2226758599281311 0.38917484879493713 -0.23133575916290283 0.3767755329608917 -0.20383334159851074 0.3572215437889099 -0.20047330856323242 0.4120394289493561 -0.20060384273529053 0.39049458503723145 -0.19535404443740845 0.3484882116317749 -0.19787520170211792 0.16270586848258972 -0.2063596248626709 0.14933526515960693 -0.2330312728881836 0.14863593876361847 -0.23722636699676514 0.3470234274864197 -0.23595237731933594 0.31707763671875 -0.20268499851226807 0.22657760977745056 -0.19754421710968018 0.3449251651763916 -0.20572054386138916 0.2768096625804901 -0.1946561336517334 0.26055434346199036 -0.19654101133346558 0.35190925002098083 -0.19055801630020142 0.28932061791419983 -0.1936919093132019 0.4038374125957489 -0.2117721438407898 0.4199303686618805 -0.19702041149139404 0.3085181713104248 -0.19263434410095215 0.17467999458312988 -0.18809938430786133 0.36428168416023254 -0.18816465139389038 0.23497876524925232 -0.195500910282135 0.15724477171897888 -0.22608911991119385 0.19904929399490356 -0.25050443410873413 0.23915407061576843 -0.1966448426246643 0.23023594915866852 -0.23257768154144287 0.2218562364578247 -0.2353609800338745 0.21048802137374878 -0.24088925123214722 0.18065357208251953 -0.1982557773590088 0.17417503893375397 -0.2030324935913086 0.18061131238937378 -0.25767266750335693 0.17889836430549622 -0.2553201913833618 0.17515632510185242 -0.2598409056663513 0.18005016446113586 -0.2612117528915405 0.3345462679862976 -0.19010800123214722 0.14461152255535126 -0.2352960705757141 0.14065013825893402 -0.23766130208969116 0.13620539009571075 -0.2366328239440918 0.1395992487668991 -0.24162596464157104 0.1852848380804062 -0.24339944124221802 0.14328180253505707 -0.2317550778388977 0.21027204394340515 -0.1913319230079651 0.34345051646232605 -0.1875 0.15353776514530182 -0.22667473554611206 0.188014954328537 -0.2597026824951172 0.16692282259464264 -0.19518786668777466 0.17747707664966583 -0.26442307233810425 0.16311419010162354 -0.19320142269134521 0.15515847504138947 -0.19194787740707397 0.15247882902622223 -0.20026594400405884 0.14931194484233856 -0.1986560821533203 0.14514471590518951 -0.19050538539886475 0.151653453707695 -0.1875 0.7772312164306641 -0.8582631945610046 0.7826532125473022 -0.8194978833198547 0.7854814529418945 -0.8434150815010071 0.7794880867004395 -0.8807996511459351 0.7925933599472046 -0.8662647604942322 0.7888924479484558 -0.9022948145866394 0.7752023339271545 -0.919062077999115 0.771842360496521 -0.8790390491485596 0.767749547958374 -0.8947169184684753 0.766320526599884 -0.910831093788147 0.7979406714439392 -0.8232898116111755 0.8025378584861755 -0.8965582847595215 0.793210506439209 -0.9225559234619141 0.7872434258460999 -0.9434034824371338 0.7918116450309753 -0.9479895234107971 0.7808941602706909 -0.9260174632072449 0.7798436880111694 -0.9146624803543091 0.7976059317588806 -0.8067028522491455 0.8007630109786987 -0.9214799404144287 0.799340009689331 -0.9450562000274658 0.7856094837188721 -0.7880351543426514 0.7788910269737244 -0.8148525953292847 0.7976247668266296 -0.7870016098022461 0.8044432997703552 -0.8725858926773071 0.801850438117981 -0.8481248617172241 0.7715451121330261 -0.8582595586776733 0.7776383757591248 -0.7860147953033447 0.7845665216445923 -0.7749181389808655 0.7982240915298462 -0.7721292972564697 0.784402072429657 -0.7527968883514404 0.7970675230026245 -0.7471058368682861 0.7976086139678955 -0.7228069305419922 0.7755723595619202 -0.7616750597953796 0.776077389717102 -0.7181665897369385 0.7802776098251343 -0.7011627554893494 0.790690541267395 -0.7003217935562134 0.7824873328208923 -0.6812279224395752 0.7957250475883484 -0.6748615503311157 0.7761104702949524 -0.7765864729881287 0.7911576628684998 -0.6621137857437134 0.769593358039856 -0.7153164148330688 0.8011296987533569 -0.6528741121292114 0.7851971983909607 -0.660159707069397 0.7727403044700623 -0.8073093891143799 0.7693876028060913 -0.8283005952835083 0.80335533618927 -0.693050742149353 0.7640790939331055 -0.7469319701194763 0.7667847275733948 -0.77914959192276 0.7895539402961731 -0.6455719470977783 0.7997251152992249 -0.6495611667633057 0.7936623692512512 -0.6233384609222412 0.8021808862686157 -0.6231428980827332 0.7896118760108948 -0.6222860813140869 0.7690702676773071 -0.6783231496810913 0.7664703726768494 -0.8856560587882996 0.7643550634384155 -0.8861197233200073 0.7662087678909302 -0.8806061148643494 0.7654949426651001 -0.786561131477356 0.7710503339767456 -0.6596670150756836 0.7628202438354492 -0.7000367641448975 0.7608856558799744 -0.7197825908660889 0.7652739882469177 -0.8183432817459106 0.7796117663383484 -0.6399202346801758 0.7812293767929077 -0.620192289352417 0.7583044767379761 -0.8731461763381958 0.7622905969619751 -0.8739355802536011 0.757615327835083 -0.8811609148979187 0.807076096534729 -0.6621403694152832 0.8071932196617126 -0.8108915090560913 0.8112853765487671 -0.8436219096183777 0.8051170706748962 -0.779299259185791 0.8115752935409546 -0.8971005082130432 0.8104428648948669 -0.624018669128418 0.8115752935409546 -0.6205093860626221 0.8553484082221985 -0.7117794752120972 0.8458824753761292 -0.7160443663597107 0.8538702130317688 -0.6895433664321899 0.8400452733039856 -0.7424836158752441 0.8515645861625671 -0.735990047454834 0.8616008758544922 -0.7314267158508301 0.8682183623313904 -0.7084202170372009 0.8710623383522034 -0.7560219764709473 0.8601364493370056 -0.7512803077697754 0.8601237535476685 -0.6866666078567505 0.8662800192832947 -0.6835160255432129 0.862960159778595 -0.6600979566574097 0.8506765365600586 -0.6578547358512878 0.8481652140617371 -0.6329747438430786 0.8653488159179688 -0.6445618867874146 0.8624112010002136 -0.6267215013504028 0.837323009967804 -0.6820034980773926 0.8376203179359436 -0.7165423631668091 0.8280099034309387 -0.7285155653953552 0.8342234492301941 -0.7486549615859985 0.8288342356681824 -0.6620924472808838 0.8352757096290588 -0.6322160959243774 0.81662517786026 -0.6388473510742188 0.8248879313468933 -0.6268976926803589 0.8298249840736389 -0.6864306926727295 0.8372145891189575 -0.625166654586792 0.8159832954406738 -0.6650905609130859 0.813042163848877 -0.6578651666641235 0.8091602921485901 -0.633391797542572 0.848328709602356 -0.745694100856781 0.853030800819397 -0.7535893321037292 0.8142205476760864 -0.6313846111297607 0.8265559673309326 -0.7209532260894775 0.8523358702659607 -0.6218475699424744 0.8420537114143372 -0.6209524869918823 0.8200842142105103 -0.6678851842880249 0.8271872997283936 -0.7650221586227417 0.8311623334884644 -0.7638365030288696 0.8165686726570129 -0.7275725603103638 0.8145331740379333 -0.7374801635742188 0.817818284034729 -0.7720875144004822 0.8249274492263794 -0.7798416018486023 0.8204817175865173 -0.7896970510482788 0.809379518032074 -0.7894066572189331 0.8073142170906067 -0.7941433787345886 0.806151270866394 -0.7486507296562195 0.8164077997207642 -0.7135906219482422 0.8306740522384644 -0.7722081542015076 0.8784655332565308 -0.7560509443283081 0.8932690024375916 -0.7713145613670349 0.8087102770805359 -0.7712746262550354 0.8067597150802612 -0.7827119827270508 0.8130843043327332 -0.666739821434021 0.8761965036392212 -0.6248981952667236 0.8802329301834106 -0.659568190574646 0.8627840280532837 -0.6202094554901123 0.877429187297821 -0.6900086402893066 0.8898016810417175 -0.7427991628646851 0.8054830431938171 -0.7335808277130127 0.8843080997467041 -0.6239272952079773 0.8785472512245178 -0.7197070121765137 0.8092464804649353 -0.7312796115875244 0.8115554451942444 -0.715023934841156 0.8131745457649231 -0.7004019021987915 0.8890846371650696 -0.6737117767333984 0.8954107165336609 -0.677203357219696 0.8901615142822266 -0.6546273827552795 0.8429807424545288 -0.7485867738723755 0.8975245952606201 -0.700904130935669 0.9010214805603027 -0.6870571374893188 0.9015605449676514 -0.7033138275146484 0.8085888624191284 -0.6569532752037048 0.9010722637176514 -0.6470708847045898 0.9018172025680542 -0.6323258876800537 0.8965020179748535 -0.6214057207107544 0.8981386423110962 -0.7419347763061523 0.8819840550422668 -0.618361234664917 0.8960603475570679 -0.6194697618484497 0.9034292101860046 -0.6695481538772583 0.8974965214729309 -0.6532042026519775 0.9162493348121643 -0.7044910192489624 0.9164255857467651 -0.7176245450973511 0.8719667792320251 -0.6175699234008789 0.8273651003837585 -0.7119423151016235 0.9170622825622559 -0.6871664524078369 0.9182999134063721 -0.653873085975647 0.9186248779296875 -0.6262776255607605 0.9151748418807983 -0.6635558605194092 0.9176729917526245 -0.6223057508468628 0.8243746161460876 -0.7082545757293701 0.810025691986084 -0.6891272664070129 0.9148371815681458 -0.7439994812011719 0.9186248779296875 -0.7807119488716125 0.8927064538002014 -0.9055776596069336 0.8867371678352356 -0.9033721685409546 0.9047760963439941 -0.8917677402496338 0.8812054395675659 -0.8978723883628845 0.8887403011322021 -0.8908199071884155 0.9007408022880554 -0.8822810053825378 0.9236717224121094 -0.879656970500946 0.9170014262199402 -0.8979625701904297 0.9048655033111572 -0.9124501347541809 0.9129959344863892 -0.9115028977394104 0.8901540637016296 -0.919036865234375 0.921886146068573 -0.9059440493583679 0.8765456676483154 -0.9110876321792603 0.926479697227478 -0.8685612678527832 0.9282428622245789 -0.9052428007125854 0.8992634415626526 -0.9284406900405884 0.9394273161888123 -0.8725915551185608 0.9390969276428223 -0.8867788314819336 0.9350348114967346 -0.9024991393089294 0.8994704484939575 -0.8739897012710571 0.9491891264915466 -0.8446841835975647 0.871713399887085 -0.9087699055671692 0.8703486323356628 -0.8992817401885986 0.8749467730522156 -0.8865325450897217 0.887873113155365 -0.8819493651390076 0.9253645539283752 -0.912636399269104 0.9155520796775818 -0.922341525554657 0.9299572706222534 -0.9206042289733887 0.9194424152374268 -0.9250801205635071 0.9172971844673157 -0.9288103580474854 0.9129869341850281 -0.9298133254051208 0.9079330563545227 -0.9254599809646606 0.9294516444206238 -0.9258437752723694 0.9269101619720459 -0.8593577742576599 0.893694281578064 -0.8694903254508972 0.933926522731781 -0.9196820259094238 0.9301020503044128 -0.911900520324707 0.9363059401512146 -0.9140928387641907 0.9395541548728943 -0.9168599843978882 0.9465600848197937 -0.913343071937561 0.94051194190979 -0.9265581369400024 0.9334645867347717 -0.9265616536140442 0.9408107995986938 -0.9071942567825317 0.9405356049537659 -0.8447886109352112 0.9450350999832153 -0.9211589097976685 0.8804395198822021 -0.8759788274765015 0.9019479155540466 -0.8601734638214111 0.8937171101570129 -0.8617009520530701 0.8609909415245056 -0.8987870812416077 0.8658275008201599 -0.8862071633338928 0.8675602078437805 -0.8781313300132751 0.8569355607032776 -0.8853379487991333 0.8520638346672058 -0.8974742889404297 0.9302406907081604 -0.8502010703086853 0.929930567741394 -0.8381114602088928 0.9498423933982849 -0.8356902599334717 0.924363374710083 -0.8442339897155762 0.9213343262672424 -0.8348943591117859 0.935170590877533 -0.9067840576171875 0.9182431697845459 -0.8498837351799011 0.909517228603363 -0.8391982316970825 0.9083648324012756 -0.84844970703125 0.9038553237915039 -0.8411865234375 0.900633692741394 -0.8482320308685303 0.8923182487487793 -0.8536055088043213 0.8993918299674988 -0.8418824076652527 0.8801056742668152 -0.8647820949554443 0.9487132430076599 -0.911139726638794 0.9543080925941467 -0.9129881858825684 0.9520608186721802 -0.9202213883399963 0.8550597429275513 -0.8717830777168274 0.8633180856704712 -0.8641827702522278 0.8789761066436768 -0.8572590351104736 0.8885067701339722 -0.8552570343017578 0.9543080925941467 -0.8424199819564819 0.9428138136863708 -0.9166497588157654 0.9443719387054443 -0.8343531489372253 0.9242036938667297 -0.931381106376648 0.8446475267410278 -0.8848266005516052 0.9986945390701294 -0.8205409049987793 0.973168134689331 -0.8096358180046082 0.9872497320175171 -0.8301793932914734 0.9968187212944031 -0.8074896335601807 0.9914337396621704 -0.7983230352401733 0.9815660119056702 -0.7923951148986816 0.9621603488922119 -0.8357287645339966 0.9595300555229187 -0.8204460740089417 0.9633127450942993 -0.8007838726043701 0.9597671627998352 -0.8099738359451294 0.9986945390701294 -0.8378496170043945 0.9687173962593079 -0.7953484058380127 0.4116787314414978 -0.10484814643859863 0.39338529109954834 -0.0999755859375 0.40524405241012573 -0.11369925737380981 0.39063596725463867 -0.11080914735794067 0.4093494713306427 -0.09882479906082153 0.3712935149669647 -0.09647148847579956 0.3762863874435425 -0.10824048519134521 0.3584989309310913 -0.10742270946502686 0.3436610698699951 -0.09117352962493896 0.3390633463859558 -0.0977243185043335 0.34170791506767273 -0.10702210664749146 0.32051363587379456 -0.10817092657089233 0.3276393413543701 -0.09186828136444092 0.3082817792892456 -0.09470820426940918 0.3076588213443756 -0.1051325798034668 0.370088666677475 -0.08959788084030151 0.39251941442489624 -0.09068715572357178 0.40985533595085144 -0.11579644680023193 0.39454934000968933 -0.0902402400970459 0.40795010328292847 -0.09011411666870117 0.41218921542167664 -0.09039336442947388 0.41670167446136475 -0.11554056406021118 0.4204655587673187 -0.10637998580932617 0.417836993932724 -0.09828710556030273 0.42840293049812317 -0.10145044326782227 0.4308159649372101 -0.1129041314125061 0.44085490703582764 -0.10222184658050537 0.4407690167427063 -0.10900968313217163 0.42915165424346924 -0.0911516547203064 0.4828673303127289 -0.10443627834320068 0.4667186141014099 -0.11534082889556885 0.4374096989631653 -0.09945303201675415 0.45154309272766113 -0.09863322973251343 0.48377591371536255 -0.1137511134147644 0.4373228847980499 -0.08959788084030151 0.48488882184028625 -0.12429970502853394 0.4382450580596924 -0.1191895604133606 0.45324280858039856 -0.12005668878555298 0.4734632074832916 -0.13157808780670166 0.5043516159057617 -0.11207658052444458 0.43960267305374146 -0.09454333782196045 0.449686199426651 -0.09265875816345215 0.39854076504707336 -0.13146299123764038 0.4018532633781433 -0.13032275438308716 0.40609920024871826 -0.12834793329238892 0.36904752254486084 -0.12452548742294312 0.3916822075843811 -0.12798994779586792 0.34787988662719727 -0.11553561687469482 0.39337626099586487 -0.13240933418273926 0.406099408864975 -0.13583260774612427 0.41284143924713135 -0.12498289346694946 0.41335776448249817 -0.13680070638656616 0.4288594722747803 -0.13387775421142578 0.7942078113555908 -0.028629004955291748 0.8011140823364258 -0.04023677110671997 0.8130201101303101 -0.03319084644317627 0.7765569090843201 -0.03679269552230835 0.8360950946807861 -0.027446389198303223 0.8368146419525146 -0.03904491662979126 0.7735588550567627 -0.03101933002471924 0.7643930315971375 -0.03781414031982422 0.8239431381225586 -0.04195356369018555 0.7569795250892639 -0.034263551235198975 0.7848601341247559 -0.023380279541015625 0.7975031733512878 -0.02239072322845459 0.7768577337265015 -0.02243274450302124 0.758857250213623 -0.024513602256774902 0.7863134741783142 -0.041162967681884766 0.8040487766265869 -0.043224871158599854 0.7697460055351257 -0.03973889350891113 0.8364112973213196 -0.0205419659614563 0.7506084442138672 -0.03222334384918213 0.7497649192810059 -0.02864992618560791 0.7480417490005493 -0.04031854867935181 0.8098250031471252 -0.043491363525390625 0.8113759160041809 -0.04676574468612671 0.7483214735984802 -0.0205419659614563 0.9183459877967834 -0.42648404836654663 0.9052548408508301 -0.41032224893569946 0.9225479364395142 -0.4162653684616089 0.9021324515342712 -0.4202609658241272 0.9464551210403442 -0.43722569942474365 0.9524929523468018 -0.4285544157028198 0.9608551859855652 -0.4429560899734497 0.9438785910606384 -0.44554316997528076 0.9644966721534729 -0.45239847898483276 0.9127119779586792 -0.43767648935317993 0.8991487622261047 -0.43134790658950806 0.9644644856452942 -0.4329425096511841 0.910812258720398 -0.4003089666366577 0.92584627866745 -0.40526193380355835 0.9499254822731018 -0.414409339427948 0.9616166949272156 -0.4185192584991455 0.9485531449317932 -0.39917176961898804 0.9008463025093079 -0.3960700035095215 0.8884864449501038 -0.41481196880340576 0.9292824864387512 -0.39353466033935547 0.9646228551864624 -0.40711039304733276 0.8913438320159912 -0.4027477502822876 0.9149007201194763 -0.3858252763748169 0.9658775925636292 -0.3960331082344055 0.9481632709503174 -0.3792497515678406 0.9401438236236572 -0.382266640663147 0.9583718180656433 -0.3634330630302429 0.9726697206497192 -0.35970282554626465 0.9838420748710632 -0.3620957136154175 0.9838990569114685 -0.37683403491973877 0.981126070022583 -0.40060746669769287 0.9826935529708862 -0.3849673867225647 0.9780557155609131 -0.41509008407592773 0.9797061681747437 -0.43859100341796875 0.9811506867408752 -0.42743295431137085 0.8908488750457764 -0.3901844620704651 0.9817380309104919 -0.44816845655441284 0.9812129735946655 -0.41713738441467285 0.8864229917526245 -0.42939066886901855 0.9465749263763428 -0.45607733726501465 0.8919013738632202 -0.44582879543304443 0.9690605401992798 -0.461542010307312 0.9198836088180542 -0.45621824264526367 0.9435460567474365 -0.4654720425605774 0.9838420748710632 -0.4599149227142334 0.027005400508642197 -0.558579683303833 0.02289767563343048 -0.5565451383590698 0.03089643083512783 -0.5352548956871033 0.023539584130048752 -0.5803515911102295 0.024050261825323105 -0.5219127535820007 0.029307318851351738 -0.5139672756195068 0.027042711153626442 -0.4907984137535095 0.029753679409623146 -0.5655252933502197 0.028767481446266174 -0.5858121514320374 0.024632040411233902 -0.6073047518730164 0.030896425247192383 -0.49180376529693604 0.030430765822529793 -0.5934947729110718 0.030310319736599922 -0.6094402074813843 0.026471206918358803 -0.6110932230949402 0.030315833166241646 -0.6236356496810913 0.023722922429442406 -0.6324300765991211 0.02013556659221649 -0.49943894147872925 0.015438591130077839 -0.48557692766189575 0.02346096932888031 -0.6036680936813354 0.014360313303768635 -0.5064008235931396 0.02122390642762184 -0.5435189008712769 0.7447395920753479 -0.16930562257766724 0.7658081650733948 -0.18469631671905518 0.7612228989601135 -0.1684863567352295 0.7577506303787231 -0.18782037496566772 0.739912748336792 -0.1757267713546753 0.7753718495368958 -0.1817142367362976 0.7862516045570374 -0.17791128158569336 0.7872371077537537 -0.1675809621810913 0.7991600036621094 -0.17799127101898193 0.8009253144264221 -0.16972416639328003 0.7914811968803406 -0.16311335563659668 0.7351771593093872 -0.1676347851753235 0.7448477149009705 -0.16299468278884888 0.7254133820533752 -0.16913020610809326 0.7795248627662659 -0.18395042419433594 0.7307286858558655 -0.17767882347106934 0.7693553566932678 -0.16139376163482666 0.7281871438026428 -0.1604021191596985 0.7480131983757019 -0.1875278353691101 0.8037424087524414 -0.17772996425628662 0.8022493720054626 -0.1604021191596985 0.7566500902175903 -0.19187062978744507 0.40515077114105225 -0.014667868614196777 0.37627655267715454 -0.016855955123901367 0.38794904947280884 -0.027396440505981445 0.418839693069458 -0.024875640869140625 0.43267062306404114 -0.01441878080368042 0.436820387840271 -0.023147881031036377 0.3776451349258423 -0.02745133638381958 0.425637811422348 -0.03558093309402466 0.4412321150302887 -0.034528493881225586 0.38971373438835144 -0.03934603929519653 0.3770580291748047 -0.04073894023895264 0.37611356377601624 -0.05942070484161377 0.3972293734550476 -0.05786442756652832 0.3961387872695923 -0.06782478094100952 0.3750975728034973 -0.07500076293945312 0.43032360076904297 -0.042658984661102295 0.364727646112442 -0.06616413593292236 0.3909512162208557 -0.08149391412734985 0.3965980112552643 -0.07301598787307739 0.37931114435195923 -0.08522725105285645 0.360006183385849 -0.056224822998046875 0.36086976528167725 -0.04453539848327637 0.36264705657958984 -0.03609204292297363 0.36332058906555176 -0.025553584098815918 0.35631492733955383 -0.03883075714111328 0.35552653670310974 -0.022207200527191162 0.4473091959953308 -0.04552644491195679 0.45370203256607056 -0.02406686544418335 0.41934680938720703 -0.0564647912979126 0.4556135833263397 -0.035500168800354004 0.3569476008415222 -0.013548970222473145 0.44796159863471985 -0.013548970222473145 0.9154618978500366 -0.5279467105865479 0.9116643071174622 -0.5516666173934937 0.9039340615272522 -0.5401506423950195 0.9071277379989624 -0.5063086152076721 0.8963582515716553 -0.5649067163467407 0.9102410078048706 -0.5739057064056396 0.8938291072845459 -0.5045328140258789 0.8936982154846191 -0.5315760970115662 0.8915245532989502 -0.5596985220909119 0.8979589939117432 -0.4895203709602356 0.908697247505188 -0.49083542823791504 0.8785901069641113 -0.5695382356643677 0.919277012348175 -0.5019633173942566 0.8849843144416809 -0.4992731213569641 0.9226599931716919 -0.5635071992874146 0.9218793511390686 -0.5847220420837402 0.921910285949707 -0.48636484146118164 0.9305101037025452 -0.5198408365249634 0.9322330355644226 -0.5615090131759644 0.9249022006988525 -0.49586814641952515 0.9295549392700195 -0.5958166122436523 0.9361535310745239 -0.5315072536468506 0.9132372140884399 -0.4782659411430359 0.9400883316993713 -0.5063546895980835 0.9008818864822388 -0.576266884803772 0.9041574001312256 -0.5944955348968506 0.8873401284217834 -0.5790327787399292 0.895768404006958 -0.5867111682891846 0.9258509278297424 -0.4800647497177124 0.9375817775726318 -0.4860553741455078 0.9033647179603577 -0.4736868143081665 0.9108995199203491 -0.6037471294403076 0.9482158422470093 -0.5198428630828857 0.9436466693878174 -0.5625860691070557 0.9482158422470093 -0.593815803527832 0.9338142275810242 -0.6043440103530884 0.9416289329528809 -0.46822482347488403 0.9274933934211731 -0.4705730676651001 0.938355028629303 -0.4654720425605774 0.9166648387908936 -0.6140733957290649 0.0013054830487817526 -0.20600879192352295 0.0028986167162656784 -0.1923898458480835 0.011168832890689373 -0.19548821449279785 0.012608001939952374 -0.18005353212356567 0.018345551565289497 -0.18566155433654785 0.02314661256968975 -0.175775408744812 0.02096882462501526 -0.16885364055633545 0.011059552431106567 -0.21597367525100708 0.001636079978197813 -0.2274993658065796 0.005085017066448927 -0.23754209280014038 0.014268023893237114 -0.23251408338546753 0.012013676576316357 -0.24884599447250366 0.01818191073834896 -0.2473968267440796 0.00677251722663641 -0.2513553500175476 0.031766753643751144 -0.1595279574394226 0.022039169445633888 -0.22315794229507446 0.017149468883872032 -0.20105767250061035 0.029651833698153496 -0.2388676404953003 0.023819975554943085 -0.24803000688552856 0.01942920871078968 -0.26395881175994873 0.031766753643751144 -0.2635956406593323 0.01088628638535738 -0.2632714509963989 0.020031096413731575 -0.29109013080596924 0.008920188061892986 -0.2840185761451721 0.008711690083146095 -0.3007296323776245 0.030455321073532104 -0.28663426637649536 0.008016519248485565 -0.31861889362335205 0.6087543964385986 -0.03323012590408325 0.607214093208313 -0.019920706748962402 0.5991662740707397 -0.02399057149887085 0.6315392851829529 -0.0311853289604187 0.6170456409454346 -0.044459521770477295 0.6387732028961182 -0.04514336585998535 0.6302262544631958 -0.05539262294769287 0.6175773739814758 -0.053849875926971436 0.6076486110687256 -0.04711735248565674 0.5936112403869629 -0.04471379518508911 0.6080496311187744 -0.059003472328186035 0.63099205493927 -0.02104741334915161 0.6470844149589539 -0.03276562690734863 0.5937138199806213 -0.033411502838134766 0.5834675431251526 -0.0424274206161499 0.5813436508178711 -0.030481696128845215 0.5917176008224487 -0.025891363620758057 0.5805085301399231 -0.026931345462799072 0.57902592420578 -0.037794411182403564 0.6430360078811646 -0.024087846279144287 0.6053409576416016 -0.01587587594985962 0.5843430161476135 -0.01926344633102417 0.6046493053436279 -0.05560803413391113 0.5918628573417664 -0.05224490165710449 0.5808181166648865 -0.04725050926208496 0.5871829390525818 -0.05500870943069458 0.5833854079246521 -0.014423072338104248 0.5737989544868469 -0.01975935697555542 0.5874350666999817 -0.05881017446517944 0.5926604270935059 -0.048723042011260986 0.5773352980613708 -0.0240442156791687 0.6295249462127686 -0.014423072338104248 0.5712777972221375 -0.05420166254043579 0.5699822306632996 -0.048355937004089355 0.5611452460289001 -0.04997831583023071 0.5530896186828613 -0.04319506883621216 0.5737099051475525 -0.03176462650299072 0.9529479146003723 -0.2792767286300659 0.9451082944869995 -0.2615625858306885 0.9540772438049316 -0.2681564688682556 0.9618818759918213 -0.2768505811691284 0.9617864489555359 -0.2857799530029297 0.9500691890716553 -0.295113742351532 0.9481942653656006 -0.2820444703102112 0.9379106163978577 -0.2700462341308594 0.9522010087966919 -0.25987058877944946 0.929380476474762 -0.2626190781593323 0.9388706088066101 -0.2935473322868347 0.9336063861846924 -0.28119581937789917 0.9263394474983215 -0.2789387106895447 0.923782467842102 -0.2726088762283325 0.929762601852417 -0.28935420513153076 0.9492795467376709 -0.25625771284103394 0.9380402565002441 -0.2598819136619568 0.9385858774185181 -0.2486351728439331 0.9478186964988708 -0.24469006061553955 0.927172064781189 -0.25068342685699463 0.9196553230285645 -0.2603517174720764 0.9412160515785217 -0.23928451538085938 0.9502880573272705 -0.2324114441871643 0.9391801953315735 -0.231176495552063 0.9168842434883118 -0.26455265283584595 0.9258691072463989 -0.24419385194778442 0.9389005899429321 -0.24105912446975708 0.9244470000267029 -0.23628586530685425 0.9663494825363159 -0.2651556134223938 0.957152783870697 -0.26379334926605225 0.9619613289833069 -0.25726842880249023 0.9691091179847717 -0.26236164569854736 0.9582116603851318 -0.25277990102767944 0.9651420712471008 -0.2511529326438904 0.9647112488746643 -0.24638420343399048 0.9704470634460449 -0.2540016174316406 0.955472469329834 -0.2502225637435913 0.9506621360778809 -0.24002206325531006 0.95657879114151 -0.23906779289245605 0.9667050838470459 -0.239027738571167 0.9612354040145874 -0.2316489815711975 0.9771444797515869 -0.2643898129463196 0.9725883603096008 -0.28391170501708984 0.9521934986114502 -0.2243390679359436 0.9751993417739868 -0.2494463324546814 0.9817250370979309 -0.2523893713951111 0.9785851240158081 -0.23819810152053833 0.968795895576477 -0.29713577032089233 0.9876623153686523 -0.2590663433074951 0.9309519529342651 -0.22692006826400757 0.9884258508682251 -0.269323468208313 0.9813076257705688 -0.2860962152481079 0.9508734345436096 -0.30427300930023193 0.942376434803009 -0.3015802502632141 0.9384162425994873 -0.30638110637664795 0.9895004630088806 -0.246959388256073 0.9703404307365417 -0.22409945726394653 0.9641907811164856 -0.21807074546813965 0.9451690912246704 -0.21743392944335938 0.9407413005828857 -0.2204592227935791 0.9883444905281067 -0.23378336429595947 0.9238612651824951 -0.2261616587638855 0.9801314473152161 -0.29647010564804077 0.9826482534408569 -0.2273910641670227 0.9551350474357605 -0.2133670449256897 0.9995648264884949 -0.2456544041633606 0.9434043169021606 -0.2095845341682434 0.930038332939148 -0.2155987024307251 0.9823894500732422 -0.21494072675704956 0.9809604287147522 -0.2097206711769104 0.969864010810852 -0.21421611309051514 0.9893738031387329 -0.21460700035095215 0.9924454689025879 -0.2186664342880249 0.9958996772766113 -0.22801625728607178 0.962598443031311 -0.19917887449264526 0.9907131791114807 -0.19624125957489014 0.9995648264884949 -0.20192348957061768 0.060840848833322525 -0.15073901414871216 0.05568161979317665 -0.1577557921409607 0.04866804555058479 -0.14997798204421997 0.056867748498916626 -0.14483898878097534 0.0498187281191349 -0.16279959678649902 0.04049233719706535 -0.15334582328796387 0.06835087388753891 -0.16049426794052124 0.06287224590778351 -0.16743069887161255 0.0720057338476181 -0.15104371309280396 0.06537357717752457 -0.14168894290924072 0.08236129581928253 -0.15085715055465698 0.059115391224622726 -0.13279783725738525 0.042731087654829025 -0.14101260900497437 0.06848009675741196 -0.13121336698532104 0.07618393003940582 -0.13737940788269043 0.057034723460674286 -0.16923397779464722 0.07788092643022537 -0.13007837533950806 0.03420804813504219 -0.14858978986740112 0.09380824863910675 -0.1369907259941101 0.08804633468389511 -0.15242689847946167 0.07145347446203232 -0.1606919765472412 0.1067991778254509 -0.14766716957092285 0.10388830304145813 -0.14270532131195068 0.08578424900770187 -0.13278895616531372 0.10842502862215042 -0.13764381408691406 0.0997752994298935 -0.16056311130523682 0.11602674424648285 -0.14982646703720093 0.12622332572937012 -0.15330380201339722 0.12468411028385162 -0.146895170211792 0.08899538964033127 -0.16300970315933228 0.09372018277645111 -0.12250244617462158 0.11312231421470642 -0.10865676403045654 0.12796562910079956 -0.11103081703186035 0.09155404567718506 -0.10888147354125977 0.12564416229724884 -0.12322998046875 0.07943540811538696 -0.11934059858322144 0.12175082415342331 -0.1383678913116455 0.08442118018865585 -0.129003643989563 0.11815452575683594 -0.09975653886795044 0.12900811433792114 -0.10244709253311157 0.10671696811914444 -0.09720724821090698 0.11608913540840149 -0.09061181545257568 0.1274450421333313 -0.13403254747390747 0.06267154216766357 -0.11013537645339966 0.13656307756900787 -0.118999183177948 0.13854241371154785 -0.12601619958877563 0.14620304107666016 -0.11945021152496338 0.14254969358444214 -0.13153791427612305 0.14232875406742096 -0.10826969146728516 0.1353704184293747 -0.13783025741577148 0.15278731286525726 -0.11374372243881226 0.15187805891036987 -0.12184524536132812 0.13885457813739777 -0.10706460475921631 0.07273422181606293 -0.12728852033615112 0.15336176753044128 -0.10457009077072144 0.1516173779964447 -0.09670186042785645 0.13857217133045197 -0.10173314809799194 0.08735030144453049 -0.09760737419128418 0.06752900034189224 -0.10545855760574341 0.054867032915353775 -0.09835636615753174 0.15759874880313873 -0.13048142194747925 0.05131687596440315 -0.13233107328414917 0.13892848789691925 -0.13873642683029175 0.14784063398838043 -0.13435912132263184 0.08013813942670822 -0.16813772916793823 0.13263951241970062 -0.14589136838912964 0.13864512741565704 -0.1468842625617981 0.13591745495796204 -0.14193809032440186 0.1477658897638321 -0.14040279388427734 0.14944951236248016 -0.143979012966156 0.11981379240751266 -0.08934640884399414 0.06572578102350235 -0.12436503171920776 0.11272110044956207 -0.16774243116378784 0.15881183743476868 -0.12063521146774292 0.14416168630123138 -0.08986485004425049 0.1260140985250473 -0.08703923225402832 0.13275079429149628 -0.0944744348526001 0.13075953722000122 -0.08606791496276855 0.14659206569194794 -0.07890927791595459 0.14042899012565613 -0.07823425531387329 0.16004100441932678 -0.1406809687614441 0.05665476992726326 -0.11280220746994019 0.16210009157657623 -0.09084451198577881 0.12565584480762482 -0.16306287050247192 0.10029695928096771 -0.17468512058258057 0.14466600120067596 -0.15635567903518677 0.14773216843605042 -0.15268278121948242 0.0869879424571991 -0.17533832788467407 0.05264824256300926 -0.11875110864639282 0.156644806265831 -0.07933676242828369 0.16110797226428986 -0.10876578092575073 0.03350739926099777 -0.13360291719436646 0.1673000156879425 -0.09930485486984253 0.16657668352127075 -0.11713284254074097 0.046476371586322784 -0.10354846715927124 0.17014792561531067 -0.1265115737915039 0.16100402176380157 -0.15670913457870483 0.16905760765075684 -0.1531422734260559 0.13619878888130188 -0.16864168643951416 0.17014795541763306 -0.08304035663604736 0.12287415564060211 -0.17387938499450684 0.13055364787578583 -0.17622095346450806 0.1486523300409317 -0.16248804330825806 0.047929953783750534 -0.09375786781311035 0.04634729027748108 -0.11653196811676025 0.11713440716266632 -0.18302404880523682 0.11027630418539047 -0.18289059400558472 0.16009052097797394 -0.16610604524612427 0.1465291529893875 -0.17523318529129028 0.16083459556102753 -0.17075437307357788 0.09886138886213303 -0.18527311086654663 0.08957382291555405 -0.18733882904052734 0.1329547017812729 -0.18575173616409302 0.14964373409748077 -0.18463337421417236 0.12218356132507324 -0.19449299573898315 0.984769344329834 -0.7235676050186157 0.9729174971580505 -0.7156028747558594 0.9689281582832336 -0.6921142339706421 0.9724515080451965 -0.6746782064437866 0.9834770560264587 -0.7347171306610107 0.9732385277748108 -0.7417725324630737 0.984769344329834 -0.6652349829673767 0.9756133556365967 -0.665145993232727 0.9673188328742981 -0.6649848818778992 0.9618855714797974 -0.6888035535812378 0.9741376638412476 -0.7558000087738037 0.971145510673523 -0.7444756031036377 0.9659811854362488 -0.7551471590995789 0.967379629611969 -0.7762959599494934 0.9630410671234131 -0.751389741897583 0.975336492061615 -0.7621939778327942 0.9602193236351013 -0.7606925368309021 0.958972156047821 -0.6647586822509766 0.954239547252655 -0.6906711459159851 0.9471796751022339 -0.6959143280982971 0.9459273219108582 -0.6631288528442383 0.94376140832901 -0.6927261352539062 0.9355881810188293 -0.7036241292953491 0.9298927783966064 -0.6751075983047485 0.9271032810211182 -0.7089310884475708 0.9425297379493713 -0.7194843292236328 0.9252087473869324 -0.6674771308898926 0.9304371476173401 -0.6604020595550537 0.933094322681427 -0.7397334575653076 0.9225016236305237 -0.695778489112854 0.9274576306343079 -0.7354366779327393 0.926339328289032 -0.7518378496170044 0.9311673045158386 -0.7622086405754089 0.9248235821723938 -0.6632366180419922 0.9212665557861328 -0.6887414455413818 0.941847026348114 -0.7589156031608582 0.9439792633056641 -0.7308796048164368 0.933557391166687 -0.7767331004142761 0.9479660391807556 -0.779563844203949 0.9371616244316101 -0.78892982006073 0.9448214769363403 -0.7923951148986816 0.9226356744766235 -0.744590163230896 0.9457144141197205 -0.7141866683959961 0.9221013784408569 -0.6697156429290771 0.9489030838012695 -0.6966793537139893 0.9194952249526978 -0.660866379737854 0.8828232884407043 -0.9714144468307495 0.8796696066856384 -0.9773339033126831 0.8663252592086792 -0.9688378572463989 0.8519930839538574 -0.9723418951034546 0.8993669748306274 -0.9777097702026367 0.8542630672454834 -0.965321958065033 0.8424134850502014 -0.9554603695869446 0.8414925336837769 -0.9634648561477661 0.8316236734390259 -0.9455480575561523 0.8253570199012756 -0.9488415718078613 0.8209235668182373 -0.9360631704330444 0.8955462574958801 -0.9717560410499573 0.9045203924179077 -0.9706854820251465 0.9131682515144348 -0.9686282873153687 0.9140103459358215 -0.9745903611183167 0.92423015832901 -0.9649535417556763 0.9374653697013855 -0.9587482213973999 0.9318646788597107 -0.9690113067626953 0.9415460824966431 -0.9621362090110779 0.9541071057319641 -0.9428673386573792 0.8140839338302612 -0.9305070042610168 0.8098346590995789 -0.9346379637718201 0.8105676770210266 -0.9401982426643372 0.9509790539741516 -0.9419286847114563 0.9560487270355225 -0.9305070042610168 0.3107813894748688 -0.6718103885650635 0.32332462072372437 -0.6927447319030762 0.31033405661582947 -0.6782172322273254 0.314788818359375 -0.671849250793457 0.3102698028087616 -0.658892035484314 0.3187717795372009 -0.6589754819869995 0.3152925968170166 -0.6494163274765015 0.32332462072372437 -0.6446678638458252 0.45463642477989197 -0.6279453039169312 0.4594137966632843 -0.6393530368804932 0.46732860803604126 -0.635312020778656 0.47707733511924744 -0.6512495279312134 0.46567055583000183 -0.6572048664093018 0.47006115317344666 -0.6603337526321411 0.48199158906936646 -0.6389977931976318 0.44374626874923706 -0.6262940168380737 0.4759090542793274 -0.6597312688827515 0.44371670484542847 -0.6161468029022217 0.45729514956474304 -0.6155643463134766 0.4732438027858734 -0.6213275194168091 0.48824799060821533 -0.6295478343963623 0.4893421530723572 -0.6181979775428772 0.4796369969844818 -0.6154268980026245 0.43037423491477966 -0.6105769276618958 0.48580724000930786 -0.6417748928070068 0.49127447605133057 -0.6349740028381348 0.4947780668735504 -0.6195980310440063 0.48367205262184143 -0.6514245271682739 0.4546871483325958 -0.6440442204475403 0.491138756275177 -0.6105769276618958 0.46103259921073914 -0.6662842035293579 0.4500141739845276 -0.6593859195709229 0.44668513536453247 -0.6426334977149963 0.43836379051208496 -0.6244696378707886 0.4646585285663605 -0.6691433191299438 0.8777627348899841 -0.25240254402160645 0.8880676031112671 -0.2597231864929199 0.8897280097007751 -0.2528495788574219 0.8953883051872253 -0.26025891304016113 0.8711897134780884 -0.26024121046066284 0.8656911849975586 -0.250984787940979 0.8396626114845276 -0.25043708086013794 0.8829451203346252 -0.26502686738967896 0.8939017653465271 -0.26963531970977783 0.9125275611877441 -0.2650948166847229 0.9105119705200195 -0.2815406918525696 0.8930582404136658 -0.2839089632034302 0.8741654753684998 -0.2688034176826477 0.8623307347297668 -0.2686017155647278 0.842211127281189 -0.257964551448822 0.8623344302177429 -0.27625828981399536 0.8370110392570496 -0.27566903829574585 0.8414186239242554 -0.2686609625816345 0.8474435806274414 -0.285434365272522 0.8589421510696411 -0.2991065979003906 0.8790085911750793 -0.29616522789001465 0.8640302419662476 -0.3089355230331421 0.8831909894943237 -0.3059787154197693 0.8450002670288086 -0.31072038412094116 0.9022454619407654 -0.3030688762664795 0.8941893577575684 -0.2927781939506531 0.9140979051589966 -0.2914589047431946 0.913796603679657 -0.2985416054725647 0.8402423858642578 -0.30302882194519043 0.8340310454368591 -0.3136446475982666 0.9139914512634277 -0.2777314782142639 0.8483179807662964 -0.294400691986084 0.8411329388618469 -0.2840301990509033 0.873736560344696 -0.3195895552635193 0.8512943387031555 -0.32163846492767334 0.8357827663421631 -0.32092493772506714 0.8170551657676697 -0.26920098066329956 0.9112243056297302 -0.3127080798149109 0.8976153135299683 -0.32210659980773926 0.9116837978363037 -0.3208094835281372 0.8282111883163452 -0.2582787871360779 0.8185052871704102 -0.25756049156188965 0.8056219816207886 -0.2640582323074341 0.9160138964653015 -0.2654595375061035 0.9153661727905273 -0.2543773055076599 0.8892239928245544 -0.25043708086013794 0.8031017780303955 -0.25836414098739624 0.8368812203407288 -0.2522875666618347 0.8091464042663574 -0.268643856048584 0.7967798113822937 -0.26395440101623535 0.8270744681358337 -0.27487462759017944 0.8356607556343079 -0.27932924032211304 0.8356243968009949 -0.3378846049308777 0.8396037220954895 -0.34557682275772095 0.8405950665473938 -0.34215664863586426 0.8463805317878723 -0.3551214337348938 0.8519362807273865 -0.3636898994445801 0.8725140690803528 -0.3664860725402832 0.8555251359939575 -0.34759068489074707 0.843670666217804 -0.3518756628036499 0.8405104875564575 -0.34571683406829834 0.8764789700508118 -0.3513784408569336 0.8993726372718811 -0.35515642166137695 0.8961223363876343 -0.37936103343963623 0.9057348370552063 -0.3555772304534912 0.9037348628044128 -0.37676286697387695 0.9035208821296692 -0.3363358974456787 0.8838653564453125 -0.335873544216156 0.8667750954627991 -0.3316337466239929 0.8513041734695435 -0.33710557222366333 0.9103618264198303 -0.3349893093109131 0.9079980850219727 -0.3539811372756958 0.8440682888031006 -0.33425217866897583 0.8409481644630432 -0.3658442497253418 0.870537519454956 -0.3790152668952942 0.8688262701034546 -0.38577091693878174 0.8663357496261597 -0.3929196000099182 0.8517099022865295 -0.3872777819633484 0.8586873412132263 -0.38178592920303345 0.8460519909858704 -0.3917219638824463 0.830705463886261 -0.3908347487449646 0.8331722617149353 -0.38537758588790894 0.8473695516586304 -0.3785244822502136 0.8491907119750977 -0.38375550508499146 0.1095794066786766 -0.3965184688568115 0.1014695018529892 -0.3993660807609558 0.10782226920127869 -0.3888980746269226 0.0985766053199768 -0.3869110345840454 0.1060229167342186 -0.3801882266998291 0.09286598861217499 -0.3778538703918457 0.10514665395021439 -0.3727495074272156 0.10487581789493561 -0.36283981800079346 0.08833768218755722 -0.3639167547225952 0.10554984211921692 -0.35224467515945435 0.09174004197120667 -0.3512648344039917 0.1081351488828659 -0.33606773614883423 0.09733951091766357 -0.3352420926094055 0.10404372960329056 -0.3200405240058899 0.11197525262832642 -0.3216143846511841 0.1157803162932396 -0.3069894313812256 0.10604783892631531 -0.3109080195426941 0.09840219467878342 -0.40136200189590454 0.10583291947841644 -0.41656404733657837 0.10886351019144058 -0.30125075578689575 0.11420775949954987 -0.4108191132545471 0.1163577064871788 -0.4204356074333191 0.11966928094625473 -0.41544073820114136 0.11158197373151779 -0.4012039303779602 0.09477850049734116 -0.38589704036712646 0.10919903218746185 -0.4253074526786804 0.10971903055906296 -0.2979753613471985 0.11807245761156082 -0.3023521304130554 0.11966928094625473 -0.29228538274765015 0.1181471198797226 -0.2845279574394226 0.10650677233934402 -0.4270104765892029 0.11778805404901505 -0.4061858057975769 0.17319661378860474 -0.0465390682220459 0.15844452381134033 -0.0399017333984375 0.1688157320022583 -0.03118276596069336 0.18444480001926422 -0.03872060775756836 0.14837440848350525 -0.030897438526153564 0.1578492969274521 -0.020572245121002197 0.14565785229206085 -0.014480888843536377 0.17445816099643707 -0.01602780818939209 0.14316797256469727 -0.028540849685668945 0.18880054354667664 -0.0238034725189209 0.15890030562877655 -0.010039985179901123 0.18578054010868073 -0.011129319667816162 0.1699185073375702 -0.0017852783203125 0.14767122268676758 -0.004538774490356445 0.18787436187267303 -0.00043708086013793945 0.19895577430725098 -0.031471312046051025 0.2032201737165451 -0.01961076259613037 0.202447310090065 -0.006975710391998291 0.19238238036632538 -0.044966280460357666 0.1888691931962967 -0.06075173616409302 0.2032201886177063 -0.05240190029144287 0.4851706922054291 -0.028793036937713623 0.4858348071575165 -0.022383153438568115 0.4969286322593689 -0.02855515480041504 0.48384979367256165 -0.033384859561920166 0.5027201771736145 -0.038898587226867676 0.5048030614852905 -0.020149707794189453 0.4937916398048401 -0.005962967872619629 0.48144403100013733 -0.03652632236480713 0.5192473530769348 -0.03858625888824463 0.48167988657951355 -0.010486960411071777 0.5168676376342773 -0.018315792083740234 0.5109456777572632 -0.005954325199127197 0.47476065158843994 -0.001311182975769043 0.5261096358299255 -0.013689935207366943 0.5164898037910461 -0.001311182975769043 0.048472512513399124 -0.20854109525680542 0.055070310831069946 -0.20567840337753296 0.05487370863556862 -0.21386146545410156 0.058325737714767456 -0.225081205368042 0.043047621846199036 -0.21660131216049194 0.037859007716178894 -0.2183038592338562 0.044243063777685165 -0.20102810859680176 0.03865039348602295 -0.20299828052520752 0.050225015729665756 -0.193264901638031 0.05742795392870903 -0.22665482759475708 0.05832917243242264 -0.18899494409561157 0.056274719536304474 -0.18423765897750854 0.06044455245137215 -0.17089158296585083 0.054408807307481766 -0.2001168131828308 0.06309834867715836 -0.17709672451019287 0.06309834867715836 -0.22396212816238403 0.061666060239076614 -0.23295456171035767 0.012682694010436535 -0.5900931358337402 0.014543128199875355 -0.6001667380332947 0.007879375480115414 -0.5992375612258911 0.006505019497126341 -0.6096491813659668 0.018828870728611946 -0.6149475574493408 0.008615143597126007 -0.6130709648132324 0.021322889253497124 -0.6069452166557312 0.018207333981990814 -0.5863025784492493 0.0148104727268219 -0.5862478017807007 0.0051058330573141575 -0.5890974402427673 0.012269099242985249 -0.5810021162033081 0.003046127036213875 -0.6004049181938171 0.008571860380470753 -0.5777167677879333 0.014316299930214882 -0.5704612135887146 0.021322889253497124 -0.556381106376648 0.6893553137779236 -0.86478590965271 0.6790059804916382 -0.8633498549461365 0.6849846243858337 -0.8609535694122314 0.6784160137176514 -0.8593040704727173 0.6798788905143738 -0.8510979413986206 0.6794438362121582 -0.8414884209632874 0.69124436378479 -0.8422995805740356 0.6932114958763123 -0.8532698154449463 0.6909993886947632 -0.8291115760803223 0.680357813835144 -0.8274177312850952 0.6915494799613953 -0.8159640431404114 0.6824501156806946 -0.810828447341919 0.6909837126731873 -0.8051607012748718 0.6917397975921631 -0.7932692170143127 0.680963397026062 -0.8732325434684753 0.6932114958763123 -0.8712977170944214 0.6867907643318176 -0.8817010521888733 0.6916722655296326 -0.8808748722076416 0.6898741126060486 -0.8859266042709351 0.031766753643751144 -0.6028149127960205 0.03739878535270691 -0.5965908765792847 0.040416162461042404 -0.6006125211715698 0.034126054495573044 -0.608177661895752 0.04134029522538185 -0.6064050197601318 0.03274743631482124 -0.5965908765792847 0.0397162139415741 -0.6114510297775269 0.2676628530025482 -0.8623251914978027 0.29218730330467224 -0.8644903898239136 0.2928633689880371 -0.8706901669502258 0.273823618888855 -0.8703927993774414 0.2606189548969269 -0.8654851913452148 0.24614331126213074 -0.862493634223938 0.23099875450134277 -0.8690797090530396 0.2267526388168335 -0.8663820028305054 0.20390684902668 -0.8698627948760986 0.1996888667345047 -0.8662762641906738 0.18050414323806763 -0.8679896593093872 0.17949265241622925 -0.8642265796661377 0.16303786635398865 -0.8623251914978027 0.154818594455719 -0.866762101650238 0.15274152159690857 -0.8633250594139099 0.24758680164813995 -0.8728146553039551 0.5527076721191406 -0.534674882888794 0.5617928504943848 -0.5249125957489014 0.5564714670181274 -0.5354020595550537 0.5469973683357239 -0.5249125957489014 0.8385552763938904 -0.2425699234008789 0.8385552763938904 -0.22421330213546753 0.8307223916053772 -0.2328932285308838 0.8312836289405823 -0.23917537927627563 0.5311382412910461 -0.8887569904327393 0.5301737785339355 -0.8950180411338806 0.5367301106452942 -0.898516058921814 0.5382941961288452 -0.8795455098152161 0.5305206775665283 -0.8788204193115234 0.5200605392456055 -0.89039546251297 0.5241010785102844 -0.8795666694641113 0.5182405114173889 -0.8830453753471375 0.5192548632621765 -0.8719742298126221 0.5072200298309326 -0.8733532428741455 0.5082458257675171 -0.8631992936134338 0.48689618706703186 -0.8653302192687988 0.4844226539134979 -0.8739556074142456 0.46945473551750183 -0.8663026094436646 0.47082555294036865 -0.8722388744354248 0.45566096901893616 -0.8728841543197632 0.4550623893737793 -0.8631992936134338 0.4938446879386902 -0.8823544979095459 0.49589768052101135 -0.8933696746826172 0.48474428057670593 -0.8818783164024353 0.4834368824958801 -0.8952091932296753 0.51651930809021 -0.8990020155906677 0.48896485567092896 -0.9057064056396484 0.4689820408821106 -0.9050556421279907 0.4727728068828583 -0.8941056728363037 0.4712946116924286 -0.8834607601165771 0.46239644289016724 -0.8910282254219055 0.49701130390167236 -0.9135230779647827 0.45879027247428894 -0.9037321209907532 0.515306293964386 -0.9094177484512329 0.48144638538360596 -0.9208915829658508 0.44778066873550415 -0.8929885625839233 0.45220866799354553 -0.8852705359458923 0.453543484210968 -0.8813018798828125 0.5250096917152405 -0.9006842374801636 0.9439935088157654 -0.33971089124679565 0.9397863149642944 -0.34504175186157227 0.9540826678276062 -0.341899573802948 0.9537403583526611 -0.3333747982978821 0.9463843703269958 -0.34982919692993164 0.9449337720870972 -0.32814866304397583 0.9399977922439575 -0.33775681257247925 0.957832396030426 -0.34902650117874146 0.9627158641815186 -0.3438006043434143 0.9628819227218628 -0.3359108567237854 0.9718071818351746 -0.33384883403778076 0.9545800685882568 -0.3248913884162903 0.9616177678108215 -0.3254992961883545 0.9459134936332703 -0.32112258672714233 0.958855390548706 -0.33252501487731934 0.9350560307502747 -0.34650111198425293 0.9344338774681091 -0.3321071267127991 0.9270780086517334 -0.3417733311653137 0.93253493309021 -0.3233548402786255 0.9426354765892029 -0.32590895891189575 0.9331103563308716 -0.3485807180404663 0.9399855136871338 -0.3307895064353943 0.9407638311386108 -0.31919634342193604 0.9327436089515686 -0.3125 0.9705145359039307 -0.3303118348121643 0.9682982563972473 -0.3224981427192688 0.9865100383758545 -0.31725382804870605 0.9387830495834351 -0.34856051206588745 0.9578084945678711 -0.31837981939315796 0.950456976890564 -0.3535839319229126 0.979661762714386 -0.3125 0.9255874752998352 -0.34552836418151855 0.9297836422920227 -0.31868976354599 0.9432216882705688 -0.35354048013687134 0.9756986498832703 -0.334916889667511 0.7033715844154358 -0.8475655317306519 0.6970090270042419 -0.8479015827178955 0.6987110376358032 -0.8369688391685486 0.7053959965705872 -0.8400854468345642 0.6985606551170349 -0.8247327208518982 0.7027450203895569 -0.8250788450241089 0.7028907537460327 -0.8626607656478882 0.6940817832946777 -0.8620830774307251 0.7053959965705872 -0.8675699234008789 0.6997864246368408 -0.8162794709205627 0.695696234703064 -0.8151223659515381 0.9044929146766663 -0.07832008600234985 0.8953239321708679 -0.07237231731414795 0.8913120627403259 -0.07626575231552124 0.9134029746055603 -0.06987106800079346 0.8909416794776917 -0.07049506902694702 0.8651552200317383 -0.07141667604446411 0.8584176301956177 -0.06715071201324463 0.8504448533058167 -0.06756901741027832 0.8287203311920166 -0.06424826383590698 0.901409387588501 -0.08203905820846558 0.8303641676902771 -0.06645554304122925 0.8020453453063965 -0.0642748475074768 0.7871877551078796 -0.06659960746765137 0.7684302926063538 -0.06424826383590698 0.7543596625328064 -0.06749027967453003 0.7669590711593628 -0.08897507190704346 0.8286689519882202 -0.0844045877456665 0.7757819294929504 -0.08014684915542603 0.8051045536994934 -0.07530266046524048 0.8423587679862976 -0.07908856868743896 0.7478675246238708 -0.08436787128448486 0.7367275953292847 -0.0876169204711914 0.8351439237594604 -0.08602756261825562 0.8574600219726562 -0.0778951644897461 0.7394289970397949 -0.06676614284515381 0.7451947331428528 -0.09106981754302979 0.7639126777648926 -0.09395325183868408 0.7696452736854553 -0.09268391132354736 0.8193525075912476 -0.0912473201751709 0.8318860530853271 -0.09235972166061401 0.8195461630821228 -0.09330153465270996 0.7709932327270508 -0.09484267234802246 0.025566227734088898 -0.7560908794403076 0.01672368310391903 -0.7440325617790222 0.012990030460059643 -0.7491660714149475 0.03356032446026802 -0.7542592883110046 0.02052978426218033 -0.7587196826934814 0.030651241540908813 -0.7447685599327087 0.04805678874254227 -0.7497268319129944 0.04835280776023865 -0.7401981949806213 0.019797811284661293 -0.7399475574493408 0.06121949851512909 -0.7442286014556885 0.010008702985942364 -0.7401981949806213 0.07191503793001175 -0.7530717253684998 0.06582904607057571 -0.7510857582092285 0.06846166402101517 -0.7611082792282104 0.060773514211177826 -0.7632678747177124 0.06597642600536346 -0.7672027349472046 0.07244729995727539 -0.7669345140457153 0.07276042550802231 -0.7457736730575562 0.07673370093107224 -0.7466138601303101 0.07789382338523865 -0.7589964270591736 0.07645855844020844 -0.7432730197906494 0.05820605158805847 -0.7580726146697998 0.05239035561680794 -0.7580459117889404 0.05696415901184082 -0.7712503671646118 0.041085779666900635 -0.7756186127662659 0.04357301443815231 -0.7578659653663635 0.06527028977870941 -0.7744622230529785 0.0323186032474041 -0.7784091234207153 0.07546974718570709 -0.7714175581932068 0.07694119960069656 -0.7746362686157227 0.9818137288093567 -0.03840827941894531 0.9773877859115601 -0.031327903270721436 0.9822741746902466 -0.02079594135284424 0.9760169386863708 -0.04319089651107788 0.9794253706932068 -0.05791199207305908 0.984736979007721 -0.048326075077056885 0.9865100383758545 -0.0633741021156311 0.9865100383758545 -0.026718556880950928 0.9850878715515137 -0.01820927858352661 0.9829601049423218 -0.010472118854522705 0.972895085811615 -0.017298996448516846 0.9695069789886475 -0.024169504642486572 0.9673629403114319 -0.03287029266357422 0.9721454381942749 -0.01005244255065918 0.9492518901824951 -0.03200972080230713 0.9587085843086243 -0.028326690196990967 0.949461817741394 -0.040318310260772705 0.9597688317298889 -0.038563430309295654 0.9512044787406921 -0.04984480142593384 0.9612706899642944 -0.05062991380691528 0.949039101600647 -0.023542821407318115 0.942470371723175 -0.032007694244384766 0.9412532448768616 -0.04145216941833496 0.9597688317298889 -0.01619887351989746 0.9433078765869141 -0.020888984203338623 0.9502394199371338 -0.014392435550689697 0.9420824646949768 -0.05113637447357178 0.9438961148262024 -0.007413327693939209 0.9575124979019165 -0.002599775791168213 0.9469079375267029 -0.001311182975769043 0.3098769783973694 -0.36554664373397827 0.3208739161491394 -0.3717615008354187 0.3224231004714966 -0.3638221025466919 0.3072652816772461 -0.37389659881591797 0.32046881318092346 -0.37820470333099365 0.30755242705345154 -0.37855780124664307 0.31214654445648193 -0.38544249534606934 0.29816845059394836 -0.386147677898407 0.3012078106403351 -0.3786589503288269 0.2906758785247803 -0.3801038861274719 0.29032087326049805 -0.3866901993751526 0.30068325996398926 -0.3943501114845276 0.28374186158180237 -0.39615482091903687 0.3126693069934845 -0.3921443223953247 0.27884387969970703 -0.3843754529953003 0.3221333920955658 -0.3864944577217102 0.3240043818950653 -0.3889966607093811 0.3288600742816925 -0.38059741258621216 0.3271573483943939 -0.39165258407592773 0.28245675563812256 -0.3662210702896118 0.33392781019210815 -0.38682520389556885 0.3421562910079956 -0.3747892379760742 0.3451959490776062 -0.3776244521141052 0.3500954806804657 -0.36145102977752686 0.35291558504104614 -0.3648020625114441 0.2654920518398285 -0.39880359172821045 0.2702345848083496 -0.3870709538459778 0.27855631709098816 -0.40078669786453247 0.2694668471813202 -0.37595194578170776 0.289449006319046 -0.3707256317138672 0.2964111864566803 -0.3748604655265808 0.2548635005950928 -0.3934401273727417 0.25108790397644043 -0.3840392231941223 0.26951146125793457 -0.36465489864349365 0.27844855189323425 -0.36145102977752686 0.3430473804473877 -0.37021327018737793 0.25159546732902527 -0.37211745977401733 0.337242066860199 -0.9855225682258606 0.3436071276664734 -0.9899982810020447 0.34769365191459656 -0.9815486669540405 0.3394591808319092 -0.9794580340385437 0.31158801913261414 -0.998688817024231 0.32169461250305176 -0.9986428022384644 0.3249053657054901 -0.9925803542137146 0.3109130263328552 -0.9930198788642883 0.33156150579452515 -0.9950272440910339 0.3027886152267456 -0.9937275648117065 0.343844473361969 -0.994630753993988 0.2961042821407318 -0.9959539771080017 0.2829767167568207 -0.991191565990448 0.2899768054485321 -0.9870908260345459 0.2779309153556824 -0.9840441346168518 0.25543951988220215 -0.982660174369812 0.2616077959537506 -0.9794580340385437 0.25695279240608215 -0.9925288558006287 0.2757892310619354 -0.9960007071495056 0.4674159288406372 -0.04811728000640869 0.4739603102207184 -0.053153812885284424 0.4815504848957062 -0.048570096492767334 0.456964910030365 -0.05379354953765869 0.46246078610420227 -0.04414337873458862 0.4479246735572815 -0.05001723766326904 0.48868581652641296 -0.05032986402511597 0.44982707500457764 -0.059598684310913086 0.4434290826320648 -0.051157474517822266 0.4623681306838989 -0.0625 0.479724258184433 -0.058683931827545166 0.48840075731277466 -0.05675393342971802 0.4839009940624237 -0.04450249671936035 0.45621171593666077 -0.04450249671936035 0.2107323557138443 -0.35990089178085327 0.21689113974571228 -0.36186301708221436 0.21888598799705505 -0.3648061752319336 0.21400617063045502 -0.36991846561431885 0.21446682512760162 -0.3563464879989624 0.21106833219528198 -0.3671573996543884 0.21067169308662415 -0.37168556451797485 0.21421751379966736 -0.37345826625823975 0.20983244478702545 -0.3633810877799988 0.20580242574214935 -0.35506385564804077 0.21234524250030518 -0.3751031756401062 0.21386736631393433 -0.3760809302330017 0.21567308902740479 -0.3760169744491577 0.21189603209495544 -0.37800174951553345 0.21447105705738068 -0.378059446811676 0.2149255871772766 -0.3767002820968628 0.20610864460468292 -0.3740113377571106 0.20852868258953094 -0.3751513361930847 0.20818743109703064 -0.377791166305542 0.210144504904747 -0.377565860748291 0.20862971246242523 -0.3724289536476135 0.20633025467395782 -0.3721034526824951 0.2055393010377884 -0.3695569634437561 0.19396482408046722 -0.3569096326828003 0.20053213834762573 -0.3564147353172302 0.1997985988855362 -0.36638379096984863 0.19282370805740356 -0.3372877240180969 0.18541190028190613 -0.34620916843414307 0.18421433866024017 -0.32773762941360474 0.1767590194940567 -0.3298199772834778 0.2030625343322754 -0.3722030520439148 0.20428113639354706 -0.3768163323402405 0.20132872462272644 -0.37356019020080566 0.202666237950325 -0.37704139947891235 0.20074579119682312 -0.37042880058288574 0.1981325000524521 -0.3388226628303528 0.21216981112957 -0.34608542919158936 0.20423883199691772 -0.34943825006484985 0.2068001627922058 -0.3296886086463928 0.18903975188732147 -0.32733410596847534 0.1963130235671997 -0.31961798667907715 0.18700498342514038 -0.3105928301811218 0.19841887056827545 -0.3032979965209961 0.20527172088623047 -0.3135276436805725 0.2051917016506195 -0.3215661644935608 0.21424928307533264 -0.3194531798362732 0.2117469757795334 -0.3337414860725403 0.17799852788448334 -0.3168586492538452 0.17306293547153473 -0.31771528720855713 0.1770009696483612 -0.3015357255935669 0.1853448897600174 -0.29389095306396484 0.19699835777282715 -0.29826635122299194 0.21329352259635925 -0.30215984582901 0.19854259490966797 -0.2905160188674927 0.21196144819259644 -0.29635775089263916 0.2125333696603775 -0.28005021810531616 0.1842026561498642 -0.2876594662666321 0.19712066650390625 -0.2788437604904175 0.206004336476326 -0.2722862958908081 0.19176840782165527 -0.28454333543777466 0.1679052710533142 -0.30794447660446167 0.16257157921791077 -0.30815935134887695 0.16475173830986023 -0.2999229431152344 0.18438051640987396 -0.275696337223053 0.18742159008979797 -0.2686060070991516 0.1786927580833435 -0.2886766791343689 0.1754307895898819 -0.29463422298431396 0.1662103533744812 -0.2931061387062073 0.16105026006698608 -0.31864452362060547 0.16653497517108917 -0.33327627182006836 0.17694206535816193 -0.3394894599914551 0.183665469288826 -0.35150450468063354 0.19142349064350128 -0.36107516288757324 0.19746197760105133 -0.36725765466690063 0.19465763866901398 -0.25889819860458374 0.2070094347000122 -0.2574300765991211 0.21888598799705505 -0.2648979425430298 0.15361183881759644 -0.3287467360496521 0.7610812783241272 -0.014214813709259033 0.7630026340484619 -0.006129860877990723 0.7518526315689087 -0.009155511856079102 0.7673425674438477 -0.011438250541687012 0.7568933367729187 -0.015176832675933838 0.7524285316467285 -0.005212545394897461 0.745315670967102 -0.004899322986602783 0.7428198456764221 -0.018236815929412842 0.74930739402771 -0.018793702125549316 0.7709340453147888 -0.004807710647583008 0.775712788105011 -0.004899322986602783 0.7785983085632324 -0.010236620903015137 0.7906875610351562 -0.0058953166007995605 0.03454126417636871 -0.9279945492744446 0.0352480411529541 -0.948350191116333 0.02978435903787613 -0.9300747513771057 0.0352480374276638 -0.9104021191596985 0.023511502891778946 -0.9166691899299622 0.02435329183936119 -0.9541084170341492 0.01871192269027233 -0.9359697699546814 0.020754996687173843 -0.9128100275993347 0.5052798390388489 -0.6452431082725525 0.5113142132759094 -0.6283515095710754 0.5070340037345886 -0.6275288462638855 0.5001309514045715 -0.6407299637794495 0.4943126142024994 -0.6472293138504028 0.5044529438018799 -0.6507582664489746 0.5054209232330322 -0.6617822647094727 0.49697622656822205 -0.6584361791610718 0.5113142132759094 -0.6673951148986816 0.4930374324321747 -0.6582329869270325 0.4945726990699768 -0.6375199556350708 0.5011841058731079 -0.6313730478286743 0.500027596950531 -0.6254370212554932 0.9081546664237976 -0.9524258375167847 0.9168391227722168 -0.951697587966919 0.917754590511322 -0.9555009603500366 0.9070132374763489 -0.9619755148887634 0.9012323617935181 -0.9524807333946228 0.8918303847312927 -0.9572978019714355 0.886688768863678 -0.9437689185142517 0.8607081770896912 -0.9392658472061157 0.862008810043335 -0.9285634160041809 0.8357115983963013 -0.9103143215179443 0.8536255359649658 -0.9215702414512634 0.8708962202072144 -0.9328629970550537 0.8796083927154541 -0.9364715218544006 0.8274670243263245 -0.8378709554672241 0.8426541686058044 -0.8271788954734802 0.8319133520126343 -0.8467237949371338 0.8229643106460571 -0.848884105682373 0.8336847424507141 -0.823275089263916 0.8476302027702332 -0.8222143650054932 0.8447150588035583 -0.8025792241096497 0.8591888546943665 -0.8148552775382996 0.8296169638633728 -0.8607805967330933 0.8219662308692932 -0.8643693923950195 0.8602848052978516 -0.7968443632125854 0.8297163844108582 -0.8800414204597473 0.8211488127708435 -0.8804173469543457 0.8685935139656067 -0.8063414096832275 0.8763043880462646 -0.7906250953674316 0.8676642775535583 -0.785288393497467 0.8797481060028076 -0.8039911389350891 0.8822183609008789 -0.7965354919433594 0.8899489641189575 -0.7998477220535278 0.8931897282600403 -0.8052672147750854 0.9029638767242432 -0.8022755980491638 0.9021125435829163 -0.8068973422050476 0.9124884605407715 -0.8149973750114441 0.8702612519264221 -0.7836538553237915 0.8305161595344543 -0.9078290462493896 0.8375367522239685 -0.9020700454711914 0.8452194929122925 -0.913096010684967 0.8523345589637756 -0.7975900173187256 0.8625749945640564 -0.7898584604263306 0.844901442527771 -0.9240065813064575 0.9077169895172119 -0.8169992566108704 0.9087063670158386 -0.8237858414649963 0.917754590511322 -0.8186282515525818 0.7279062867164612 -0.10746222734451294 0.7373386025428772 -0.10888075828552246 0.728773832321167 -0.10044318437576294 0.7371689677238464 -0.10488563776016235 0.7370086908340454 -0.09905022382736206 0.7241499423980713 -0.09916484355926514 0.7055118680000305 -0.13082760572433472 0.7210915088653564 -0.13034451007843018 0.7025700807571411 -0.11463773250579834 0.6890950798988342 -0.11295902729034424 0.7352505326271057 -0.13905668258666992 0.7423051595687866 -0.13498663902282715 0.7222053408622742 -0.12191683053970337 0.7367407083511353 -0.11556470394134521 0.7440522313117981 -0.12788820266723633 0.7253215312957764 -0.1135101318359375 0.6941643953323364 -0.10045361518859863 0.7508190870285034 -0.11875289678573608 0.7397692799568176 -0.11022883653640747 0.7475149035453796 -0.10706454515457153 0.7638486623764038 -0.1077951192855835 0.7639673352241516 -0.1222032904624939 0.7682470083236694 -0.1074938178062439 0.7814608812332153 -0.11965572834014893 0.7825953364372253 -0.10692483186721802 0.7224621772766113 -0.10784369707107544 0.762718141078949 -0.13301974534988403 0.7446617484092712 -0.14323967695236206 0.7794846296310425 -0.1313021183013916 0.727038562297821 -0.14521217346191406 0.7847080826759338 -0.11792993545532227 0.7923917770385742 -0.13280725479125977 0.8106091618537903 -0.11906677484512329 0.8082239031791687 -0.10206818580627441 0.8357414603233337 -0.09867316484451294 0.8492723107337952 -0.11591213941574097 0.8522840142250061 -0.09672313928604126 0.872622013092041 -0.10997968912124634 0.7847404479980469 -0.10523176193237305 0.8718727231025696 -0.0913461446762085 0.7585621476173401 -0.09919917583465576 0.6961665749549866 -0.0913461446762085 0.8756470084190369 -0.11933165788650513 0.74434894323349 -0.13761132955551147 0.6989690065383911 -0.13289779424667358 0.7125270366668701 -0.1423841118812561 0.8412903547286987 -0.1280619502067566 0.8611435890197754 -0.12172901630401611 0.822648823261261 -0.131436288356781 0.8097460865974426 -0.1346227526664734 0.6836379170417786 -0.12008339166641235 0.7726852297782898 -0.1431329846382141 0.8812010288238525 -0.11524182558059692 0.7650228142738342 -0.1407085657119751 0.7516622543334961 -0.14295965433120728 0.7676674723625183 -0.13489168882369995 0.8754183650016785 -0.10807919502258301 0.8769752383232117 -0.09885722398757935 0.8743951916694641 -0.09215295314788818 0.7665761709213257 -0.1455419659614563 0.12805119156837463 -0.4332208037376404 0.14143842458724976 -0.43591976165771484 0.14208166301250458 -0.43225526809692383 0.15361183881759644 -0.4333786368370056 0.1535102277994156 -0.4383171796798706 0.12351465225219727 -0.4400888681411743 0.12379219383001328 -0.43225526809692383 0.11942935734987259 -0.43583452701568604 0.10922541469335556 -0.4340680241584778 0.14558075368404388 -0.4422370195388794 0.1321551650762558 -0.44449299573898315 0.1743350774049759 -0.15528517961502075 0.1745424121618271 -0.14800125360488892 0.1808253526687622 -0.1553906798362732 0.17807675898075104 -0.1652117371559143 0.1829604208469391 -0.1427975296974182 0.1763206422328949 -0.14117133617401123 0.18668407201766968 -0.16545647382736206 0.18668407201766968 -0.14794117212295532 0.18627218902111053 -0.16030895709991455 0.17362923920154572 -0.16652095317840576 0.8046477437019348 -0.3199763894081116 0.7999499440193176 -0.3056436777114868 0.8058407306671143 -0.30704790353775024 0.8114206790924072 -0.32398658990859985 0.8032602667808533 -0.33007633686065674 0.8079763650894165 -0.3344736099243164 0.8051103353500366 -0.302090585231781 0.8141862750053406 -0.32805556058883667 0.8121765851974487 -0.34070783853530884 0.8077706098556519 -0.3422203063964844 0.8141862750053406 -0.313562273979187 0.8113275766372681 -0.3063051700592041 0.7992660403251648 -0.31308871507644653 0.7985204458236694 -0.32024556398391724 0.8014296889305115 -0.2993881106376648 0.20431378483772278 -0.6759049892425537 0.21485015749931335 -0.6717135906219482 0.21387019753456116 -0.6761363744735718 0.20134826004505157 -0.6682692170143127 0.22098295390605927 -0.6737775802612305 0.19869275391101837 -0.6742234826087952 0.1979982554912567 -0.6697597503662109 0.22410792112350464 -0.6682692170143127 0.5175095200538635 -0.516843318939209 0.503056526184082 -0.5211953520774841 0.5188984870910645 -0.523154616355896 0.4976828992366791 -0.5162463188171387 0.5295843482017517 -0.5161713361740112 0.5304612517356873 -0.5240384340286255 0.49291136860847473 -0.5231956243515015 0.49129676818847656 -0.5161713361740112 0.9783340692520142 -0.5382331609725952 0.969925045967102 -0.5535841584205627 0.9738382697105408 -0.5365697741508484 0.9776116013526917 -0.529823899269104 0.9791795015335083 -0.5519761443138123 0.9795565605163574 -0.573596715927124 0.9702363014221191 -0.5673519372940063 0.9830287098884583 -0.5231643319129944 0.9688161015510559 -0.5864285826683044 0.9741154909133911 -0.5894185304641724 0.9813132286071777 -0.5841577053070068 0.9830287098884583 -0.5985269546508789 0.9764158725738525 -0.6009273529052734 0.9717063307762146 -0.6037116050720215 0.9743670225143433 -0.6044580340385437 0.9604003429412842 -0.5691559314727783 0.8903786540031433 -0.8339598178863525 0.8846823573112488 -0.835624635219574 0.888299822807312 -0.8293249607086182 0.8942558765411377 -0.8238636255264282 0.8859127163887024 -0.8416714072227478 0.8942558765411377 -0.8474650382995605 0.886738121509552 -0.8262757062911987 0.3361991047859192 -0.06669574975967407 0.34547853469848633 -0.08132678270339966 0.3413940370082855 -0.07938945293426514 0.3399050831794739 -0.06415122747421265 0.33289816975593567 -0.053224265575408936 0.3361668586730957 -0.045411527156829834 0.344168096780777 -0.06988364458084106 0.34169241786003113 -0.051609933376312256 0.3388066291809082 -0.03813856840133667 0.3483385145664215 -0.05443459749221802 0.3467416763305664 -0.06213700771331787 0.34787729382514954 -0.04462611675262451 0.3465959131717682 -0.032765746116638184 0.3495394289493561 -0.07705563306808472 0.354991614818573 -0.08472216129302979 0.3517339825630188 -0.08614784479141235 0.35244372487068176 -0.039690375328063965 0.34278953075408936 -0.020900249481201172 0.3513716161251068 -0.029203832149505615 0.35438141226768494 -0.03449147939682007 0.3505741357803345 -0.0206146240234375 0.3563968539237976 -0.008304178714752197 0.3563968539237976 -0.08872377872467041 0.47006016969680786 -0.06536918878555298 0.47064244747161865 -0.07821482419967651 0.47650131583213806 -0.06934499740600586 0.46654969453811646 -0.07178288698196411 0.4638398289680481 -0.07689118385314941 0.4675493836402893 -0.08121144771575928 0.4577523469924927 -0.08260488510131836 0.4529837667942047 -0.07114255428314209 0.44129478931427 -0.07643204927444458 0.4431612193584442 -0.06713652610778809 0.42865949869155884 -0.06536918878555298 0.42080068588256836 -0.06720227003097534 0.4584921598434448 -0.06664431095123291 0.4451381266117096 -0.06512236595153809 0.4761945307254791 -0.6792064905166626 0.4641325771808624 -0.678256630897522 0.46764057874679565 -0.6833560466766357 0.4583538770675659 -0.6845131516456604 0.481201171875 -0.6862097978591919 0.47245705127716064 -0.6875 0.481265127658844 -0.6788012981414795 0.48360714316368103 -0.6803851127624512 0.4973890483379364 -0.6761363744735718 0.45826029777526855 -0.6761363744735718 0.45474326610565186 -0.6805576086044312 0.46505236625671387 -0.6869707107543945 0.2663452625274658 -0.6561610102653503 0.2588335871696472 -0.6573984622955322 0.26635876297950745 -0.6648104190826416 0.2756448984146118 -0.660971999168396 0.2750414311885834 -0.655551552772522 0.28342196345329285 -0.6576516628265381 0.28852972388267517 -0.6622970104217529 0.2964491844177246 -0.6585224866867065 0.2731426954269409 -0.6688388586044312 0.2835688591003418 -0.6706448793411255 0.26745840907096863 -0.6509734988212585 0.2789748013019562 -0.6496461629867554 0.2760658264160156 -0.6437937021255493 0.2936730682849884 -0.6437937021255493 0.2843007445335388 -0.6545760631561279 0.2974550724029541 -0.6471657752990723 0.29895561933517456 -0.671281099319458 0.2905738353729248 -0.6726398468017578 0.25817084312438965 -0.6545461416244507 0.25630983710289 -0.663381814956665 0.261205792427063 -0.668526291847229 0.2342364639043808 -0.9759929180145264 0.23509278893470764 -0.9875538945198059 0.22747932374477386 -0.9766914248466492 0.23220540583133698 -0.9715853333473206 0.2371002733707428 -0.9796189069747925 0.23863309621810913 -0.9741801023483276 0.2234184443950653 -0.9683856964111328 0.22635172307491302 -0.9652315974235535 0.22421546280384064 -0.9567307829856873 0.21975630521774292 -0.9797982573509216 0.22758692502975464 -0.9569307565689087 0.24298539757728577 -0.9916958212852478 0.2446533739566803 -0.9803335666656494 0.25108790397644043 -0.9913134574890137 0.2262287735939026 -0.9820213317871094 0.22125877439975739 -0.9830828905105591 0.23476460576057434 -0.962478518486023 0.2366180568933487 -0.9676969051361084 0.23929138481616974 -0.9585638642311096 0.2445133477449417 -0.9628743529319763 0.2266136258840561 -0.9915488958358765 0.25108790397644043 -0.977180540561676 0.22046251595020294 -0.9886460900306702 0.2417454868555069 -0.9741862416267395 0.23953719437122345 -0.9665656685829163 0.24478265643119812 -0.9691687822341919 0.4159366488456726 -0.1548578143119812 0.41662368178367615 -0.1608681082725525 0.4263072907924652 -0.15181821584701538 0.4235597848892212 -0.15705329179763794 0.4068770408630371 -0.1631726622581482 0.43124455213546753 -0.14396339654922485 0.40112999081611633 -0.1590161919593811 0.378359317779541 -0.16698682308197021 0.4094972312450409 -0.15223664045333862 0.37627875804901123 -0.16075146198272705 0.42758721113204956 -0.13942307233810425 0.3736443519592285 -0.155015766620636 0.3556043803691864 -0.1628156304359436 0.3560902178287506 -0.15400010347366333 0.34791097044944763 -0.15672147274017334 0.3461163341999054 -0.16583281755447388 0.41128721833229065 -0.14801734685897827 0.3990577459335327 -0.1470721960067749 0.342416375875473 -0.16547155380249023 0.34326666593551636 -0.15617477893829346 0.32234519720077515 -0.16479551792144775 0.3219808340072632 -0.15096354484558105 0.30622199177742004 -0.16268151998519897 0.30577552318573 -0.1478670835494995 0.28597375750541687 -0.15861821174621582 0.29349207878112793 -0.14556622505187988 0.27489978075027466 -0.14163601398468018 0.26770803332328796 -0.15611135959625244 0.24933584034442902 -0.13942307233810425 0.24975259602069855 -0.15288639068603516 0.24053843319416046 -0.1416335105895996 0.2397737205028534 -0.15290218591690063 0.240535169839859 -0.15872126817703247 0.3531249165534973 -0.17220062017440796 0.2407330870628357 -0.16428369283676147 0.2739425003528595 -0.1685428023338318 0.34093812108039856 -0.17738372087478638 0.2985057830810547 -0.17697793245315552 0.3439811170101166 -0.1762535572052002 0.3217276334762573 -0.17963284254074097 0.1390010118484497 -0.3429437279701233 0.14396832883358002 -0.33350396156311035 0.14770440757274628 -0.3410305380821228 0.1397104412317276 -0.33352357149124146 0.1544821560382843 -0.355083703994751 0.14211627840995789 -0.3548656105995178 0.1544821560382843 -0.34104567766189575 0.1509973555803299 -0.36527538299560547 0.14816328883171082 -0.3667495846748352 0.13727764785289764 -0.3600344657897949 0.13683205842971802 -0.37199175357818604 0.14376474916934967 -0.3749088644981384 0.1471150517463684 -0.3878289461135864 0.1404874175786972 -0.39317786693573 0.13587892055511475 -0.38073909282684326 0.13488571345806122 -0.3949047923088074 0.13818828761577606 -0.4086802005767822 0.13496415317058563 -0.4087257385253906 0.13372133672237396 -0.41564685106277466 0.13502448797225952 -0.33260488510131836 0.1327241063117981 -0.3466387391090393 0.8050170540809631 -0.9850001931190491 0.8167293667793274 -0.9839297533035278 0.804908812046051 -0.9899475574493408 0.8106383681297302 -0.9790433049201965 0.8194081783294678 -0.988799512386322 0.8151264786720276 -0.96845942735672 0.8194081783294678 -0.9619755148887634 0.8020017147064209 -0.9783821105957031 0.5469973683357239 -0.9332108497619629 0.5427032709121704 -0.9235140085220337 0.535923957824707 -0.9239722490310669 0.5386080145835876 -0.9383741021156311 0.5324106216430664 -0.935011088848114 0.5256730318069458 -0.9283379316329956 0.5188530683517456 -0.9352419972419739 0.5205363631248474 -0.9258949756622314 0.527529776096344 -0.9235140085220337 0.5139251351356506 -0.9310342073440552 0.6758050322532654 -0.5616258382797241 0.6672948002815247 -0.5694929957389832 0.6654497385025024 -0.5622158050537109 0.6743518114089966 -0.5674355030059814 0.6622613668441772 -0.5694136023521423 0.660139262676239 -0.5616258382797241 0.022845320403575897 -0.019821584224700928 0.019320257008075714 -0.02403843402862549 0.017841601744294167 -0.01328134536743164 0.025674499571323395 -0.00786370038986206 0.022980649024248123 -0.0021852850914001465 0.025674499571323395 -0.023532986640930176 0.04446018859744072 -0.023392677307128906 0.03977101668715477 -0.021446168422698975 0.039145972579717636 -0.02549004554748535 0.04599498212337494 -0.031013846397399902 0.054697971791028976 -0.027247726917266846 0.05878764018416405 -0.022054612636566162 0.06168193370103836 -0.03153562545776367 0.06536026298999786 -0.021418750286102295 0.0682465210556984 -0.027885794639587402 0.07138969004154205 -0.03275424242019653 0.0867939367890358 -0.022795796394348145 0.08125875145196915 -0.03450971841812134 0.09545622766017914 -0.02564162015914917 0.11106674373149872 -0.019181489944458008 0.07547182589769363 -0.012165546417236328 0.0662676990032196 -0.013607025146484375 0.0881599709391594 -0.012278974056243896 0.058722950518131256 -0.017440378665924072 0.10191820561885834 -0.011800706386566162 0.0612419918179512 -0.011800706386566162 0.09410897642374039 -0.03374147415161133 0.1067693904042244 -0.028981268405914307 0.06878837943077087 -0.039622604846954346 0.060962434858083725 -0.03842651844024658 0.06651292741298676 -0.047462403774261475 0.058384913951158524 -0.04612743854522705 0.05303672328591347 -0.0409885048866272 0.07740581035614014 -0.04710817337036133 0.0866410955786705 -0.039513230323791504 0.09444055706262589 -0.04669296741485596 0.10059315711259842 -0.034876465797424316 0.05004766583442688 -0.04797416925430298 0.10258381068706512 -0.044510841369628906 0.11567314714193344 -0.042592644691467285 0.11852753907442093 -0.030562162399291992 0.056544844061136246 -0.029204368591308594 0.08388101309537888 -0.04970329999923706 0.12663185596466064 -0.03954148292541504 0.048666249960660934 -0.0419313907623291 0.036797452718019485 -0.04613053798675537 0.04268111661076546 -0.04117089509963989 0.044430334120988846 -0.03525388240814209 0.04373437166213989 -0.04831862449645996 0.10301465541124344 -0.05878978967666626 0.11813091486692429 -0.05475395917892456 0.09165144711732864 -0.05797839164733887 0.07930269837379456 -0.057829856872558594 0.061795640736818314 -0.05824846029281616 0.058865953236818314 -0.051704347133636475 0.04297610744833946 -0.05995380878448486 0.09292756766080856 -0.06479465961456299 0.07241106033325195 -0.07071572542190552 0.06500806659460068 -0.06374973058700562 0.05842926353216171 -0.07111364603042603 0.052675794810056686 -0.06385654211044312 0.045940663665533066 -0.07137537002563477 0.08725477755069733 -0.07816493511199951 0.04823758825659752 -0.051100850105285645 0.043439581990242004 -0.0644027590751648 0.06988584995269775 -0.07998251914978027 0.03542105481028557 -0.0517580509185791 0.027216117829084396 -0.05264240503311157 0.05068188160657883 -0.018586575984954834 0.04437338188290596 -0.019309520721435547 0.05200985446572304 -0.01687312126159668 0.04495444521307945 -0.015846073627471924 0.10357251763343811 -0.07856631278991699 0.11313772201538086 -0.07132929563522339 0.032025422900915146 -0.06638479232788086 0.023774296045303345 -0.06696730852127075 0.021312208846211433 -0.056354641914367676 0.020450429990887642 -0.04174399375915527 0.016971278935670853 -0.0434146523475647 0.022868279367685318 -0.07693099975585938 0.03327310457825661 -0.07838761806488037 0.041804466396570206 -0.07521599531173706 0.15178821980953217 -0.2575257420539856 0.15753252804279327 -0.25393354892730713 0.15883377194404602 -0.2600524425506592 0.15013055503368378 -0.25393354892730713 0.08149534463882446 -0.20114421844482422 0.0915936827659607 -0.20723223686218262 0.08607450127601624 -0.21077638864517212 0.09181897342205048 -0.2163461446762085 0.09181897342205048 -0.19483661651611328 0.08050478994846344 -0.19449299573898315 0.2372158169746399 -0.12558680772781372 0.2316611409187317 -0.12822747230529785 0.2353283017873764 -0.13767480850219727 0.2480199635028839 -0.1263042688369751 0.22941048443317413 -0.12477439641952515 0.24916601181030273 -0.11850374937057495 0.25973790884017944 -0.11972647905349731 0.29837021231651306 -0.06789648532867432 0.2911185324192047 -0.06266552209854126 0.29315775632858276 -0.068123459815979 0.2863426208496094 -0.06417196989059448 0.28089430928230286 -0.07698678970336914 0.28769388794898987 -0.074393630027771 0.278749018907547 -0.06496453285217285 0.27240797877311707 -0.08572250604629517 0.27010223269462585 -0.06527900695800781 0.26286354660987854 -0.06442219018936157 0.25764015316963196 -0.09157747030258179 0.2531457543373108 -0.06274574995040894 0.2692955434322357 -0.09509545564651489 0.242578387260437 -0.062180399894714355 0.23928917944431305 -0.08900463581085205 0.2621119022369385 -0.10964399576187134 0.2541097402572632 -0.10724055767059326 0.267804354429245 -0.10937601327896118 0.2458280622959137 -0.10434544086456299 0.23522503674030304 -0.09885424375534058 0.22613777220249176 -0.061625897884368896 0.2214558869600296 -0.09121930599212646 0.21114066243171692 -0.06302207708358765 0.20929142832756042 -0.08410996198654175 0.2739883065223694 -0.11183416843414307 0.19084486365318298 -0.06467592716217041 0.19849906861782074 -0.0775144100189209 0.1894408017396927 -0.07243114709854126 0.18052008748054504 -0.06397616863250732 0.16984163224697113 -0.06702280044555664 0.1725943237543106 -0.06234997510910034 0.1666666716337204 -0.061625897884368896 0.2826553285121918 -0.09023267030715942 0.28075167536735535 -0.09784770011901855 0.2816123962402344 -0.1148529052734375 0.1958836168050766 -0.06329602003097534 0.2804989814758301 -0.11779093742370605 0.2874916195869446 -0.12098848819732666 0.2811429798603058 -0.12321436405181885 0.30087268352508545 -0.06270509958267212 0.3027096688747406 -0.10098415613174438 0.30417755246162415 -0.09483188390731812 0.303495854139328 -0.10674291849136353 0.2417764812707901 -0.11425977945327759 0.22665663063526154 -0.10398417711257935 0.20790506899356842 -0.10143285989761353 0.2030896246433258 -0.09326642751693726 0.19536541402339935 -0.09032624959945679 0.18176385760307312 -0.07662731409072876 0.21752871572971344 -0.11165124177932739 0.2704261243343353 -0.12017524242401123 0.23325400054454803 -0.3192402124404907 0.23853081464767456 -0.33435314893722534 0.23281113803386688 -0.3286639451980591 0.23994672298431396 -0.3215990662574768 0.23610547184944153 -0.3136698007583618 0.24325500428676605 -0.33349132537841797 0.2418714314699173 -0.3124235272407532 0.23562903702259064 -0.30513328313827515 0.24270904064178467 -0.3019394278526306 0.23533791303634644 -0.2948821187019348 0.24325500428676605 -0.2871503233909607 0.9856442809104919 -0.8844406604766846 0.986846387386322 -0.8735247850418091 0.9893875122070312 -0.878281831741333 0.9917319416999817 -0.8711795210838318 0.9795538187026978 -0.8905075788497925 0.9850780963897705 -0.8914085030555725 0.9844232201576233 -0.900642454624176 0.9756416082382202 -0.89805668592453 0.9832867980003357 -0.9130899906158447 0.987466037273407 -0.9128140807151794 0.9873998761177063 -0.8666958212852478 0.9706935882568359 -0.8917577862739563 0.9809081554412842 -0.8713050484657288 0.9699738621711731 -0.9071135520935059 0.979340136051178 -0.9171649813652039 0.973383367061615 -0.9167773127555847 0.9884871244430542 -0.9326162338256836 0.9791439175605774 -0.933631181716919 0.9859533905982971 -0.9409735202789307 0.9917319416999817 -0.9273012280464172 0.9739959239959717 -0.8749029040336609 0.9785839319229126 -0.9442762732505798 0.9815417528152466 -0.9541084170341492 0.9624974131584167 -0.9458330273628235 0.9567266702651978 -0.9445171356201172 0.9691035747528076 -0.936418354511261 0.9586212635040283 -0.9523852467536926 0.9543080925941467 -0.9622559547424316 0.9597072601318359 -0.9624025821685791 0.9562222361564636 -0.9730175137519836 0.9631462693214417 -0.9730488657951355 0.9641808867454529 -0.9864510297775269 0.9691035747528076 -0.9825801253318787 0.9653705954551697 -0.9684027433395386 0.9659125208854675 -0.9573235511779785 0.9646467566490173 -0.9453803896903992 0.9637712240219116 -0.935751736164093 0.9570112824440002 -0.9399189949035645 0.6760787963867188 -0.20760488510131836 0.674598217010498 -0.21177047491073608 0.6905717849731445 -0.20798689126968384 0.665800154209137 -0.20765960216522217 0.697054922580719 -0.21197551488876343 0.7132288813591003 -0.20760488510131836 0.6540470123291016 -0.2091463804244995 0.4621765911579132 -0.13417834043502808 0.46392542123794556 -0.13917142152786255 0.4704090654850006 -0.1353973150253296 0.4537399113178253 -0.14023512601852417 0.43994778394699097 -0.13417834043502808 0.44207677245140076 -0.14016079902648926 0.4577588438987732 -0.14496266841888428 0.46865785121917725 -0.14251697063446045 0.44438689947128296 -0.14816433191299438 0.9978241920471191 -0.7606915235519409 0.9924929141998291 -0.7583203315734863 0.9954606890678406 -0.7509472370147705 0.9925124049186707 -0.7705419659614563 0.9917319416999817 -0.7465225458145142 0.9978241920471191 -0.741695761680603 0.6506848335266113 -0.6477974653244019 0.6458927989006042 -0.6315171718597412 0.649797797203064 -0.6331020593643188 0.6523063778877258 -0.6411203145980835 0.6465466618537903 -0.6217988133430481 0.6523063778877258 -0.6258869171142578 0.650083065032959 -0.6175699234008789 0.6453437805175781 -0.640961766242981 0.6482178568840027 -0.6490384340286255 0.23081772029399872 -0.8994058966636658 0.23435837030410767 -0.9016178250312805 0.23645943403244019 -0.8929848074913025 0.2321060746908188 -0.9108487367630005 0.22932985424995422 -0.8920866250991821 0.23803304135799408 -0.9138985872268677 0.23803307116031647 -0.8850524425506592 0.23089762032032013 -0.8852091431617737 0.5449806451797485 -0.8315322399139404 0.5484123229980469 -0.8566751480102539 0.5493912696838379 -0.8503164052963257 0.5535975694656372 -0.8794276714324951 0.5591847896575928 -0.8682525157928467 0.5556696653366089 -0.9062647223472595 0.5646306276321411 -0.9026060700416565 0.5558509230613708 -0.8464611768722534 0.5543217062950134 -0.8306375741958618 0.543686032295227 -0.8028172254562378 0.5611516833305359 -0.9222975373268127 0.56745445728302 -0.9331685304641724 0.5626635551452637 -0.9486181139945984 0.566207766532898 -0.9672203063964844 0.5716193318367004 -0.9660367965698242 0.5536066889762878 -0.8035010695457458 0.5390603542327881 -0.7837523818016052 0.5375975966453552 -0.8121060132980347 0.5507838129997253 -0.768199622631073 0.5408376455307007 -0.7589579820632935 0.5484074354171753 -0.723099946975708 0.5336974859237671 -0.7497177124023438 0.5339527726173401 -0.6889697313308716 0.5344893932342529 -0.7862812280654907 0.5323252081871033 -0.818450391292572 0.5469931960105896 -0.670982837677002 0.5391564965248108 -0.6667476892471313 0.5135289430618286 -0.6538493633270264 0.5186077356338501 -0.6338950395584106 0.536201000213623 -0.628658652305603 0.52674400806427 -0.6247515082359314 0.5121467113494873 -0.5913836359977722 0.4976827800273895 -0.5913947820663452 0.5061593651771545 -0.5772608518600464 0.5351430177688599 -0.6136730909347534 0.528101921081543 -0.6022683382034302 0.4973890483379364 -0.5540120601654053 0.5088903903961182 -0.5648678541183472 0.5224266648292542 -0.571096658706665 0.5208343267440796 -0.5557695031166077 0.5138722062110901 -0.5346333980560303 0.528687596321106 -0.5905076265335083 0.5274261832237244 -0.5805963277816772 0.5300358533859253 -0.5935035943984985 0.5489850044250488 -0.6364932060241699 0.5500093102455139 -0.6677132844924927 0.5177075862884521 -0.5392100811004639 0.5397732257843018 -0.6153765916824341 0.5561698079109192 -0.633155882358551 0.5705491900444031 -0.606060266494751 0.5451866388320923 -0.6090580224990845 0.5604291558265686 -0.5875677466392517 0.5486128926277161 -0.5970067977905273 0.5751573443412781 -0.5861914157867432 0.552605926990509 -0.5858243703842163 0.535548985004425 -0.6080520153045654 0.5578790903091431 -0.5763243436813354 0.5154794454574585 -0.5263917446136475 0.5398430824279785 -0.6099631786346436 0.5428005456924438 -0.6030185222625732 0.5754905343055725 -0.5745253562927246 0.5628291368484497 -0.5641570091247559 0.5667780637741089 -0.5603042840957642 0.5745510458946228 -0.542908787727356 0.5687754154205322 -0.552392840385437 0.5254227519035339 -0.5715681910514832 0.5435546040534973 -0.5955374240875244 0.5389024019241333 -0.8161455392837524 0.5487980842590332 -0.5773575305938721 0.5357428193092346 -0.8283793926239014 0.5415546298027039 -0.8297878503799438 0.5843356251716614 -0.6069279909133911 0.5672136545181274 -0.6329271793365479 0.5967383980751038 -0.5839766263961792 0.5973181128501892 -0.6298773288726807 0.5811762809753418 -0.641144871711731 0.568353533744812 -0.6413331627845764 0.5665307641029358 -0.7013810873031616 0.5689406991004944 -0.724166750907898 0.5639367699623108 -0.7435530424118042 0.5818179249763489 -0.7147327661514282 0.5947515368461609 -0.6697791814804077 0.5960828065872192 -0.6398347020149231 0.5652082562446594 -0.7877911925315857 0.5895451307296753 -0.7629773020744324 0.6010958552360535 -0.742946982383728 0.5856674909591675 -0.7380365133285522 0.5988670587539673 -0.7164053916931152 0.6061213612556458 -0.792371928691864 0.5840288996696472 -0.8153388500213623 0.6064871549606323 -0.8045734167098999 0.609734833240509 -0.8246803879737854 0.5875387787818909 -0.8504109382629395 0.5842522978782654 -0.8690253496170044 0.5953007936477661 -0.8619344234466553 0.599604070186615 -0.8932417035102844 0.5861266851425171 -0.8922379016876221 0.59909588098526 -0.9249349236488342 0.586718738079071 -0.9215141534805298 0.5860548615455627 -0.9464511275291443 0.6074431538581848 -0.5850622057914734 0.6137483716011047 -0.8481141924858093 0.6179280877113342 -0.8768373131752014 0.5701196193695068 -0.8379645347595215 0.5805647373199463 -0.9397995471954346 0.6097619533538818 -0.9622575640678406 0.6224452257156372 -0.9387403726577759 0.6209758520126343 -0.9133627414703369 0.6232266426086426 -0.9615753293037415 0.5884094834327698 -0.9639193415641785 0.6126293540000916 -0.6082739233970642 0.6108682751655579 -0.5734922885894775 0.61745285987854 -0.5848199725151062 0.6248008012771606 -0.5739469528198242 0.6274669170379639 -0.5563713312149048 0.6158265471458435 -0.5566697120666504 0.6258940100669861 -0.5384770035743713 0.6485438346862793 -0.5406352877616882 0.6369809508323669 -0.5324225425720215 0.5968531370162964 -0.5702977180480957 0.6071094274520874 -0.548942506313324 0.6488165259361267 -0.528933048248291 0.5938106775283813 -0.5503445863723755 0.5932055711746216 -0.532124936580658 0.6194264888763428 -0.5262163877487183 0.6611940264701843 -0.5254595279693604 0.6336159110069275 -0.5614854097366333 0.6311489343643188 -0.5857465267181396 0.6121968626976013 -0.6407792568206787 0.6214563846588135 -0.6284587383270264 0.619186282157898 -0.758898138999939 0.6190297603607178 -0.7144535183906555 0.6189451217651367 -0.6980897784233093 0.6636205315589905 -0.5373024940490723 0.6380277872085571 -0.79190593957901 0.633511483669281 -0.889521598815918 0.6151272654533386 -0.6519657373428345 0.5827751159667969 -0.5319418907165527 0.635368824005127 -0.5179195404052734 0.5607092380523682 -0.8715664744377136 0.5665929317474365 -0.89134681224823 0.6424927115440369 -0.8256056904792786 0.648558497428894 -0.916146457195282 0.645343005657196 -0.8635575771331787 0.5753217935562134 -0.5308641195297241 0.6505244374275208 -0.9568944573402405 0.6334580183029175 -0.7520664930343628 0.629244327545166 -0.7258660793304443 0.5992767214775085 -0.5179195404052734 0.6508044600486755 -0.5511666536331177 0.6336362957954407 -0.6670445203781128 0.6310539245605469 -0.6435661315917969 0.6272990107536316 -0.6112865209579468 0.5915526747703552 -0.5293620824813843 0.5920315384864807 -0.5243604183197021 0.015457095578312874 -0.911106288433075 0.011743963696062565 -0.9165209531784058 0.012175564654171467 -0.909979522228241 0.016249360516667366 -0.9077796936035156 0.0032567307353019714 -0.914070725440979 0.0021758051589131355 -0.9077796936035156 0.022193212062120438 -0.9108022451400757 0.6731049418449402 -0.26092612743377686 0.6679721474647522 -0.26491570472717285 0.6785510182380676 -0.26529717445373535 0.6862488985061646 -0.2600524425506592 0.6684949398040771 -0.2600524425506592 0.6131418347358704 -0.4588373303413391 0.6174934506416321 -0.4637237787246704 0.6174934506416321 -0.4514859914779663 0.04231690242886543 -0.9711524248123169 0.03517425060272217 -0.9663030505180359 0.0368921160697937 -0.9738523364067078 0.040901463478803635 -0.9677396416664124 0.05062173679471016 -0.9713646173477173 0.03095928207039833 -0.9685735106468201 0.020249443128705025 -0.9725496172904968 0.019745780155062675 -0.9650958776473999 0.011749347671866417 -0.9669903516769409 0.03393687307834625 -0.9780128598213196 0.04724188148975372 -0.9796079397201538 0.02118035778403282 -0.9801064729690552 0.014207461848855019 -0.9766758680343628 0.014187433756887913 -0.9625136852264404 0.13035154342651367 -0.9643514752388 0.12147121131420135 -0.9515185356140137 0.11952601373195648 -0.9647053480148315 0.0863921195268631 -0.9640472531318665 0.08762364834547043 -0.9764045476913452 0.0774187222123146 -0.9622035622596741 0.07657917588949203 -0.9797875285148621 0.08463384211063385 -0.94670569896698 0.07744064927101135 -0.9539146423339844 0.061806268990039825 -0.970847487449646 0.06514158844947815 -0.9797494411468506 0.06475351750850677 -0.9468245506286621 0.13087458908557892 -0.9555231332778931 0.12461236864328384 -0.9484245181083679 0.07730989903211594 -0.9934390187263489 0.06356046348810196 -0.9946711659431458 0.06045001000165939 -0.9582270383834839 0.056763000786304474 -0.9837510585784912 0.0618010051548481 -0.9882041215896606 0.05363114923238754 -0.995192289352417 0.047374844551086426 -0.9906560182571411 0.10026830434799194 -0.9878425002098083 0.11026681959629059 -0.9750736355781555 0.06239998713135719 -0.9529487490653992 0.04970986023545265 -0.9591875076293945 0.053846925497055054 -0.9477184414863586 0.11956564337015152 -0.943618893623352 0.09153870493173599 -0.992362916469574 0.05121638625860214 -0.943618893623352 0.1178322434425354 -0.98041832447052 0.13252229988574982 -0.9707812666893005 0.049964264035224915 -0.9871454834938049 0.04147866368293762 -0.9614601731300354 0.04038489609956741 -0.9853360652923584 0.1327241063117981 -0.9529649019241333 0.05559162795543671 -0.9542139768600464 0.04592714458703995 -0.9541378617286682 0.04037486016750336 -0.9525601863861084 0.07785273343324661 -0.9440374970436096 0.02901807427406311 -0.9832441210746765 0.15953420102596283 -0.9421153664588928 0.16043730080127716 -0.9531744718551636 0.16443343460559845 -0.9534710049629211 0.15668614208698273 -0.958176851272583 0.16433189809322357 -0.9637237787246704 0.17461444437503815 -0.9396961331367493 0.1847812533378601 -0.9597112536430359 0.1683250218629837 -0.9600902795791626 0.18673504889011383 -0.9459491968154907 0.18755438923835754 -0.9366258978843689 0.1518711894750595 -0.9366258978843689 0.6816859245300293 -0.5524228811264038 0.6818972826004028 -0.5458916425704956 0.6743972301483154 -0.54985511302948 0.6752517223358154 -0.5555070042610168 0.6705831289291382 -0.5458916425704956 0.45778125524520874 -0.9952598214149475 0.4556135833263397 -0.9894197583198547 0.46380457282066345 -0.9891070127487183 0.4591156840324402 -0.9864510297775269 0.46422451734542847 -0.9981228113174438 0.46911928057670593 -0.9912523031234741 0.4690658450126648 -0.9995629191398621 0.47742968797683716 -0.9984529614448547 0.4801303744316101 -0.9900235533714294 0.48780661821365356 -0.9941020607948303 0.48955613374710083 -0.9864510297775269 0.8779152631759644 -0.5397003889083862 0.8733681440353394 -0.5419272184371948 0.87380450963974 -0.5520104765892029 0.8803307414054871 -0.5514703392982483 0.8803307414054871 -0.5354020595550537 0.4216710329055786 -0.9864510297775269 0.4104233682155609 -0.9890734553337097 0.39991295337677 -0.9864510297775269 0.00628324318677187 -0.6323192715644836 0.011220688931643963 -0.6352730989456177 0.014360313303768635 -0.6288637518882751 0.01217460073530674 -0.6254370212554932 0.009471290744841099 -0.6429195404052734 0.00565709313377738 -0.6254370212554932 0.5115094184875488 -0.8267531394958496 0.5193214416503906 -0.8310128450393677 0.5108802318572998 -0.8326048851013184 0.5139631032943726 -0.8200408220291138 0.5287206172943115 -0.8193026781082153 0.49411219358444214 -0.7877655625343323 0.4952338933944702 -0.7832769155502319 0.49714532494544983 -0.792802095413208 0.5068066120147705 -0.7871628403663635 0.49752405285835266 -0.7726576924324036 0.515376627445221 -0.7700231671333313 0.5287206172943115 -0.7677665948867798 0.5271616578102112 -0.797467827796936 0.5161153674125671 -0.7970582246780396 0.52164626121521 -0.8080863356590271 0.5091662406921387 -0.8099785447120667 0.5042250156402588 -0.8035417795181274 0.5061731338500977 -0.7989305853843689 0.5268812775611877 -0.7644059062004089 0.5251193642616272 -0.7582213878631592 0.5180737972259521 -0.7564401626586914 0.5261359214782715 -0.7540034055709839 0.5210227966308594 -0.7433820962905884 0.5017419457435608 -0.7596419453620911 0.5071569681167603 -0.7529044151306152 0.5128812193870544 -0.7482234239578247 0.5033402442932129 -0.7533674240112305 0.4950924217700958 -0.7543409466743469 0.488981693983078 -0.7594866752624512 0.5059139728546143 -0.741557776927948 0.5023636817932129 -0.7435071468353271 0.49352845549583435 -0.7441659569740295 0.4849092364311218 -0.7435885667800903 0.5148164629936218 -0.7351416349411011 0.49991607666015625 -0.7687280774116516 0.5013895630836487 -0.7339091897010803 0.4873819351196289 -0.7691625952720642 0.49096325039863586 -0.7306809425354004 0.49441197514533997 -0.7298442721366882 0.4822372794151306 -0.7330691814422607 0.5008310675621033 -0.7264732122421265 0.5138887763023376 -0.723220705986023 0.5203514695167542 -0.7279968857765198 0.5218921303749084 -0.7375516295433044 0.5012715458869934 -0.7173913717269897 0.49332162737846375 -0.7149714231491089 0.4894884526729584 -0.7189387679100037 0.5190353393554688 -0.714705228805542 0.48083314299583435 -0.718034565448761 0.4764000475406647 -0.7182372808456421 0.47664621472358704 -0.7076048851013184 0.4862304925918579 -0.7076089978218079 0.4862974286079407 -0.7730790376663208 0.4785579741001129 -0.7710558772087097 0.4730200171470642 -0.76594477891922 0.5922541618347168 -0.1708325743675232 0.5877443552017212 -0.1797999143600464 0.5861618518829346 -0.17238789796829224 0.5922541618347168 -0.18138110637664795 0.5898904800415039 -0.16826921701431274 0.587801992893219 -0.4702061414718628 0.5992598533630371 -0.4665692448616028 0.5875759720802307 -0.46641314029693604 0.5765089988708496 -0.4654720425605774 0.6096605658531189 -0.46556371450424194 0.5748145580291748 -0.4708857536315918 0.5678851008415222 -0.46556371450424194 0.5986124277114868 -0.47159093618392944 0.9543080925941467 -0.8111926317214966 0.955565333366394 -0.8038904666900635 0.9577893614768982 -0.8011363744735718 0.9577893614768982 -0.8133741617202759 0.1392681896686554 -0.3131837844848633 0.13927128911018372 -0.32095837593078613 0.13409771025180817 -0.32124125957489014 0.1315050721168518 -0.3117665648460388 0.13183721899986267 -0.27869266271591187 0.1356152892112732 -0.30286282300949097 0.12916892766952515 -0.29371005296707153 0.12623287737369537 -0.2814141511917114 0.1328904628753662 -0.2490437626838684 0.14055700600147247 -0.25537991523742676 0.13852712512016296 -0.2714790105819702 0.13730168342590332 -0.2860115170478821 0.14055700600147247 -0.29996365308761597 0.12347818166017532 -0.2924041152000427 0.12140992283821106 -0.26729249954223633 0.13039067387580872 -0.245192289352417 0.12705866992473602 -0.30575740337371826 0.7790415287017822 -0.04603683948516846 0.7695221900939941 -0.04414337873458862 0.7819843292236328 -0.04414337873458862 0.7680591940879822 -0.04851400852203369 0.19277632236480713 -0.17903447151184082 0.19954295456409454 -0.179523766040802 0.19890157878398895 -0.17511820793151855 0.20671211183071136 -0.17330127954483032 0.20784211158752441 -0.18138110637664795 0.2141476720571518 -0.17653948068618774 0.2244229018688202 -0.17937660217285156 0.2205607146024704 -0.16928637027740479 0.22876106202602386 -0.1692570447921753 0.21034391224384308 -0.16914337873458862 0.23165319859981537 -0.1778917908668518 0.23803307116031647 -0.16914337873458862 0.34073108434677124 -0.35882866382598877 0.33428502082824707 -0.36232519149780273 0.3294168710708618 -0.35882866382598877 0.5590355396270752 -0.1747846007347107 0.5635334849357605 -0.17289167642593384 0.5629681348800659 -0.18138110637664795 0.5602120757102966 -0.16194164752960205 0.5566501021385193 -0.1628490686416626 0.5629681348800659 -0.15553122758865356 0.5576629638671875 -0.17806929349899292 0.5535275340080261 -0.17043787240982056 0.5496083498001099 -0.15793800354003906 0.5568205118179321 -0.15262120962142944 0.5527582168579102 -0.14729022979736328 0.4813716411590576 -0.09155893325805664 0.4821988344192505 -0.09484267234802246 0.4930374324321747 -0.08959788084030151 0.4756309688091278 -0.08959788084030151 0.6644908785820007 -0.5738636255264282 0.6714534163475037 -0.5738636255264282 0.6666644215583801 -0.5791083574295044 0.24547073245048523 -0.3896700143814087 0.24014784395694733 -0.3946678042411804 0.2467362880706787 -0.3945716619491577 0.22999465465545654 -0.38879328966140747 0.23229709267616272 -0.39260387420654297 0.24191229045391083 -0.3824300765991211 0.21657253801822662 -0.3876437544822693 0.21892713010311127 -0.38318151235580444 0.20844212174415588 -0.3824300765991211 0.22440499067306519 -0.39339059591293335 0.6478772759437561 -0.7685464024543762 0.6440513730049133 -0.7740728259086609 0.6418625116348267 -0.7681189775466919 0.6436403393745422 -0.7644230723381042 0.6488250494003296 -0.7644457817077637 0.6429692506790161 -0.7862762212753296 0.6448283791542053 -0.7776333689689636 0.6488250494003296 -0.7754780054092407 0.7480417490005493 -0.3972902297973633 0.7463011145591736 -0.4058910608291626 0.7480417490005493 -0.41739511489868164 0.6681122779846191 -0.587277352809906 0.6724293828010559 -0.5869755148887634 0.6666246056556702 -0.5941392183303833 0.6749347448348999 -0.594534158706665 0.6705485582351685 -0.6010560989379883 0.6661780476570129 -0.6016428470611572 0.6686996817588806 -0.6170989871025085 0.6626116633415222 -0.615471601486206 0.660139262676239 -0.6276254653930664 0.6646038293838501 -0.633888840675354 0.6610822677612305 -0.6110076308250427 0.6715913414955139 -0.6341462135314941 0.6656876802444458 -0.6438305974006653 0.6722856760025024 -0.6185120940208435 0.6729218363761902 -0.6443650722503662 0.6673122644424438 -0.6577856540679932 0.6749347448348999 -0.6618714928627014 0.6714033484458923 -0.6717657446861267 0.32854655385017395 -0.6604020595550537 0.3372497856616974 -0.6604020595550537 0.3328656554222107 -0.6638985872268677 0.817667543888092 -0.3413342237472534 0.820278525352478 -0.3430944085121155 0.820278525352478 -0.33260488510131836 0.9323062300682068 -0.06558972597122192 0.9376243948936462 -0.07052898406982422 0.9377719759941101 -0.06577688455581665 0.9296057224273682 -0.05914539098739624 0.9367299675941467 -0.060797929763793945 0.9376243948936462 -0.05201047658920288 0.9270370006561279 -0.06469255685806274 0.9303839206695557 -0.07124125957489014 0.924717128276825 -0.06861042976379395 0.03698867931962013 -0.03190559148788452 0.030026109889149666 -0.028757691383361816 0.03196510300040245 -0.025787651538848877 0.03698868677020073 -0.02307206392288208 0.030103608965873718 -0.017045438289642334 0.821962833404541 -0.2188873291015625 0.8182794451713562 -0.22234171628952026 0.8167971968650818 -0.2166394591331482 0.8263707756996155 -0.227026104927063 0.8232365846633911 -0.23382866382598877 0.8263707756996155 -0.23324280977249146 0.8170113563537598 -0.23170793056488037 0.8180997967720032 -0.21197551488876343 0.2223672717809677 -0.02578669786453247 0.21321548521518707 -0.028409063816070557 0.21192340552806854 -0.02578669786453247 0.6381218433380127 -0.48819929361343384 0.6330592632293701 -0.4879980683326721 0.6383811831474304 -0.48382866382598877 0.6314186453819275 -0.48382866382598877 0.789817214012146 -0.33583205938339233 0.7925935387611389 -0.3264859914779663 0.795039176940918 -0.3291473388671875 0.795039176940918 -0.3422203063964844 0.5139251351356506 -0.8562062978744507 0.5182767510414124 -0.8562062978744507 0.5177922248840332 -0.8623251914978027 0.9046997427940369 -0.620192289352417 0.9037137031555176 -0.6127128601074219 0.9003481268882751 -0.6166409254074097 0.9046997427940369 -0.6044580340385437 0.45996519923210144 -0.8535839319229126 0.4604794383049011 -0.8583971261978149 0.4648893177509308 -0.8588286638259888 0.4686684012413025 -0.8535839319229126 0.9216588139533997 -0.8117240071296692 0.9220454096794128 -0.8063844442367554 0.9265831708908081 -0.8101003170013428 0.9174811244010925 -0.8068838119506836 0.9180760383605957 -0.800276517868042 0.91253262758255 -0.8027741312980652 0.9153742790222168 -0.7971529364585876 0.9156325459480286 -0.8142772912979126 0.9265856742858887 -0.8203328251838684 0.9316797256469727 -0.8159693479537964 0.9312838912010193 -0.822115421295166 0.9274302124977112 -0.8053625822067261 0.9245039224624634 -0.7982187271118164 0.92313551902771 -0.7933528423309326 0.9206950664520264 -0.7871503829956055 0.9312838912010193 -0.7892271876335144 0.9305759072303772 -0.7991682887077332 0.581576406955719 -0.22195696830749512 0.5773802995681763 -0.22658759355545044 0.5870773792266846 -0.22071677446365356 0.6005465984344482 -0.22653460502624512 0.5909924507141113 -0.22992295026779175 0.5996562242507935 -0.23120629787445068 0.6073519587516785 -0.22876423597335815 0.6105309128761292 -0.22340893745422363 0.5793666243553162 -0.22865837812423706 0.569625735282898 -0.22548604011535645 0.6071622371673584 -0.22071677446365356 0.5158171057701111 -0.5052081346511841 0.5121864676475525 -0.5020511150360107 0.5116894841194153 -0.5070074796676636 0.5151307582855225 -0.4976930618286133 0.5360239744186401 -0.507952094078064 0.5413526892662048 -0.5048523545265198 0.548072338104248 -0.5141705274581909 0.5120008587837219 -0.49292856454849243 0.5397921800613403 -0.4931529760360718 0.5037384629249573 -0.4835461378097534 0.5034938454627991 -0.48891526460647583 0.4923989176750183 -0.48236656188964844 0.5404660701751709 -0.480102002620697 0.5425102114677429 -0.4952203631401062 0.5615383982658386 -0.4994308352470398 0.5680493116378784 -0.4872416853904724 0.5785307884216309 -0.48777687549591064 0.581729531288147 -0.4999809265136719 0.5683935284614563 -0.507666826248169 0.5778719186782837 -0.47436612844467163 0.5931113958358765 -0.4895021915435791 0.5892267823219299 -0.47867631912231445 0.5702701807022095 -0.47246503829956055 0.5556021332740784 -0.4809899926185608 0.5808557868003845 -0.5107439756393433 0.5660538673400879 -0.5165232419967651 0.5442419648170471 -0.48345720767974854 0.5983464121818542 -0.500478982925415 0.5547861456871033 -0.5196678638458252 0.4904264509677887 -0.47560542821884155 0.506356418132782 -0.47246503829956055 0.5097864270210266 -0.5001048445701599 0.4972269535064697 -0.49097108840942383 0.948852002620697 -0.31774473190307617 0.9496767520904541 -0.3138536214828491 0.9444258213043213 -0.3116258978843689 0.955178439617157 -0.31239932775497437 0.9377719759941101 -0.31239932775497437 0.35726720094680786 -0.35970282554626465 0.35726720094680786 -0.34571677446365356 0.35552653670310974 -0.3550599217414856 0.4878154993057251 -0.15777969360351562 0.48317766189575195 -0.1604021191596985 0.4773716330528259 -0.15777969360351562 0.6148825287818909 -0.4890734553337097 0.6129107475280762 -0.4853155016899109 0.6087902784347534 -0.4881458878517151 0.6148825287818909 -0.4777097702026367 0.4295039176940918 -0.22508740425109863 0.4251523017883301 -0.22885209321975708 0.4295039176940918 -0.2294580340385437 0.3520452678203583 -0.9750874042510986 0.35043850541114807 -0.9777097702026367 0.3442123532295227 -0.9750874042510986 0.5174064636230469 -0.34484267234802246 0.5234987139701843 -0.34484267234802246 0.5179630517959595 -0.34833914041519165 0.6371260285377502 -0.1517162322998047 0.6375866532325745 -0.14237380027770996 0.6361575126647949 -0.14582854509353638 0.6454954743385315 -0.1431247591972351 0.6502417922019958 -0.13557177782058716 0.6458654999732971 -0.1215241551399231 0.6549946665763855 -0.12498211860656738 0.6659601926803589 -0.12666195631027222 0.639382004737854 -0.07505029439926147 0.6171820163726807 -0.06934189796447754 0.6311325430870056 -0.08393901586532593 0.6045920252799988 -0.07061189413070679 0.6547820568084717 -0.08153408765792847 0.6470721960067749 -0.07116317749023438 0.6750518083572388 -0.07168430089950562 0.67403644323349 -0.08394700288772583 0.6909689903259277 -0.07831364870071411 0.6910369992256165 -0.06965690851211548 0.7053959965705872 -0.06687062978744507 0.598347544670105 -0.07852333784103394 0.5716027617454529 -0.07514059543609619 0.5742880702018738 -0.06687062978744507 0.6005303859710693 -0.09072738885879517 0.6834922432899475 -0.08806687593460083 0.626422107219696 -0.09893596172332764 0.596198320388794 -0.06737565994262695 0.672893226146698 -0.09457576274871826 0.6509336829185486 -0.10446655750274658 0.5703837275505066 -0.0898672342300415 0.5915613174438477 -0.09578442573547363 0.6248883008956909 -0.11150145530700684 0.6182932257652283 -0.1304384469985962 0.5927188396453857 -0.11340904235839844 0.5925680994987488 -0.12653803825378418 0.5660295486450195 -0.12677115201950073 0.5688144564628601 -0.10773420333862305 0.590176522731781 -0.13483095169067383 0.5658890604972839 -0.13768166303634644 0.6006839871406555 -0.1445518136024475 0.6209078431129456 -0.14479172229766846 0.5713512301445007 -0.14483636617660522 0.564797580242157 -0.14956265687942505 0.5717558264732361 -0.15962767601013184 0.5644038319587708 -0.16302448511123657 0.6673530340194702 -0.06998974084854126 0.5675480961799622 -0.09770500659942627 0.5680280923843384 -0.08092707395553589 0.6715738773345947 -0.11969864368438721 0.5303677916526794 -0.5668706297874451 0.5269799828529358 -0.5598776340484619 0.560052216053009 -0.5598776340484619 0.4832306206226349 -0.15690559148788452 0.487190306186676 -0.15026706457138062 0.49542418122291565 -0.15493738651275635 0.49825936555862427 -0.14379370212554932 0.4760604202747345 -0.15637743473052979 0.47214969992637634 -0.14379370212554932 0.48438048362731934 -0.14571434259414673 0.22236725687980652 -0.46984267234802246 0.21192340552806854 -0.4727022647857666 0.2223672717809677 -0.4820803999900818 0.5208877325057983 -0.5485140085220337 0.5356832146644592 -0.5485140085220337 0.5278975963592529 -0.5572552680969238 0.8394255638122559 -0.9471787214279175 0.855091392993927 -0.9488636255264282 0.855091392993927 -0.9427447319030762 0.9794631004333496 -0.8534221649169922 0.9656223058700562 -0.855505108833313 0.9722790122032166 -0.8492133021354675 0.9803388118743896 -0.8562062978744507 0.9821584224700928 -0.8492133021354675 0.32071366906166077 -0.9785839319229126 0.3169812560081482 -0.9855769276618958 0.30939948558807373 -0.9785839319229126 0.5837105512619019 -0.4382154941558838 0.593011200428009 -0.44274473190307617 0.5824567079544067 -0.4412218928337097 0.5782846808433533 -0.4341869354248047 0.5803462862968445 -0.4139675498008728 0.5849301218986511 -0.41593652963638306 0.5795918703079224 -0.4265516400337219 0.5870405435562134 -0.39871740341186523 0.5836429595947266 -0.3942455053329468 0.5850885510444641 -0.431668221950531 0.594865083694458 -0.4287967085838318 0.59116530418396 -0.4261482357978821 0.5897429585456848 -0.38530433177948 0.5841545462608337 -0.3814651370048523 0.5780408382415771 -0.4014359712600708 0.5821744203567505 -0.3841918706893921 0.587311863899231 -0.4122565984725952 0.5942540168762207 -0.3666958212852478 0.5757180452346802 -0.4177783727645874 0.594865083694458 -0.38231360912323 0.12489120662212372 -0.37893354892730713 0.12489120662212372 -0.370192289352417 0.1205395981669426 -0.3765984773635864 0.7236727476119995 -0.17788463830947876 0.7236727476119995 -0.16914337873458862 0.720191478729248 -0.1752842664718628 0.5670148134231567 -0.07036715745925903 0.5568689107894897 -0.07298952341079712 0.5539599657058716 -0.07036715745925903 0.007397737354040146 -0.8946678638458252 0.015230635181069374 -0.8946678638458252 0.009149459190666676 -0.8972902297973633 0.7349869608879089 -0.3720126748085022 0.7332463264465332 -0.3640734553337097 0.7332463264465332 -0.37543708086013794 0.27092811465263367 -0.7423099279403687 0.27282971143722534 -0.739510715007782 0.25631067156791687 -0.73783278465271 0.2522711157798767 -0.7503207325935364 0.29042044281959534 -0.7571004629135132 0.26019972562789917 -0.7217577695846558 0.24066847562789917 -0.7199814319610596 0.260307252407074 -0.7089250087738037 0.2453959882259369 -0.7063179016113281 0.21430633962154388 -0.730925440788269 0.2543405294418335 -0.6967504024505615 0.22506818175315857 -0.6863051056861877 0.26309671998023987 -0.6904923319816589 0.21254217624664307 -0.6955283284187317 0.23122011125087738 -0.7441666126251221 0.26680779457092285 -0.707779586315155 0.29617127776145935 -0.7466678619384766 0.305065780878067 -0.7635678052902222 0.3206149935722351 -0.7409762144088745 0.3199633061885834 -0.778086245059967 0.31357166171073914 -0.730000913143158 0.2954532504081726 -0.7245780229568481 0.3177497982978821 -0.720092236995697 0.34073522686958313 -0.7704158425331116 0.33923619985580444 -0.7836673855781555 0.36257460713386536 -0.8063340187072754 0.37294647097587585 -0.7808752059936523 0.36076000332832336 -0.7322589159011841 0.37743616104125977 -0.7562384605407715 0.4042271673679352 -0.7923102378845215 0.38040074706077576 -0.728732705116272 0.36724773049354553 -0.7166693210601807 0.3394300639629364 -0.7224524021148682 0.34759217500686646 -0.7115538716316223 0.3686075210571289 -0.7050116062164307 0.38396963477134705 -0.7123333811759949 0.4076024889945984 -0.7514623403549194 0.3892912268638611 -0.8114578723907471 0.4054030179977417 -0.7786432504653931 0.3226014971733093 -0.8052874803543091 0.3537052273750305 -0.819165825843811 0.3234974145889282 -0.8155828714370728 0.31357449293136597 -0.8255813121795654 0.3298315405845642 -0.8311472535133362 0.3201766610145569 -0.8391584753990173 0.3463480472564697 -0.8505234718322754 0.33674973249435425 -0.849665641784668 0.3542206585407257 -0.8524104356765747 0.2972376048564911 -0.8282881379127502 0.3170758783817291 -0.8490884304046631 0.2857860028743744 -0.8403778076171875 0.27441227436065674 -0.8237367868423462 0.2733786106109619 -0.8172403573989868 0.26982396841049194 -0.8366882801055908 0.27178460359573364 -0.8056913614273071 0.35739636421203613 -0.8368542790412903 0.26862451434135437 -0.823967695236206 0.2545245289802551 -0.8236918449401855 0.3294607996940613 -0.8492868542671204 0.2711966633796692 -0.8287237286567688 0.2795725464820862 -0.801831066608429 0.26113855838775635 -0.7896806001663208 0.28399839997291565 -0.7902625203132629 0.19647811353206635 -0.7371026277542114 0.20279492437839508 -0.7457280158996582 0.18871964514255524 -0.743655800819397 0.18643373250961304 -0.7368942499160767 0.17526943981647491 -0.7417306900024414 0.16488642990589142 -0.751573383808136 0.1812003254890442 -0.7234377861022949 0.1881938874721527 -0.7537281513214111 0.16468855738639832 -0.7316498756408691 0.16540376842021942 -0.7244327664375305 0.17880767583847046 -0.7076117992401123 0.19474533200263977 -0.7088156342506409 0.17742159962654114 -0.6863325834274292 0.14910656213760376 -0.6974264979362488 0.13071294128894806 -0.6905603408813477 0.144258052110672 -0.6724013090133667 0.12602375447750092 -0.6971467137336731 0.08934427797794342 -0.6844741106033325 0.09471374750137329 -0.6789451837539673 0.06289079040288925 -0.6737119555473328 0.052671167999506 -0.6761155128479004 0.0871962457895279 -0.6621187925338745 0.025822840631008148 -0.6587226986885071 0.026821624487638474 -0.6505367755889893 0.04840788245201111 -0.6335840225219727 0.07480151206254959 -0.6375080347061157 0.10945955663919449 -0.6507272720336914 0.11188039183616638 -0.6669217348098755 0.13885816931724548 -0.6463866829872131 0.1729871779680252 -0.6664426326751709 0.03254607692360878 -0.6289335489273071 0.02813773788511753 -0.638394296169281 0.10171964019536972 -0.6708153486251831 0.08183187991380692 -0.6872049570083618 0.024136684834957123 -0.6642488837242126 0.16050171852111816 -0.704997181892395 0.13987651467323303 -0.7194399237632751 0.1369483321905136 -0.7107405662536621 0.13291043043136597 -0.7253929376602173 0.4273577928543091 -0.7708110809326172 0.41492852568626404 -0.7383043169975281 0.43726038932800293 -0.7473974227905273 0.43433019518852234 -0.7277402877807617 0.45004698634147644 -0.7696936130523682 0.4508005678653717 -0.7467983365058899 0.4418407082557678 -0.8035027980804443 0.4558956027030945 -0.7950104475021362 0.4667498767375946 -0.7972143888473511 0.45176050066947937 -0.8228146433830261 0.41804978251457214 -0.7208781242370605 0.43852823972702026 -0.7081019878387451 0.4145601689815521 -0.7097930908203125 0.4234873354434967 -0.6956651210784912 0.4347672760486603 -0.6898242831230164 0.45368435978889465 -0.6886332035064697 0.4584130048751831 -0.7082582712173462 0.4393501877784729 -0.6824871301651001 0.4424833655357361 -0.6748931407928467 0.436554491519928 -0.676784873008728 0.4287680387496948 -0.6766259670257568 0.40997421741485596 -0.7020913362503052 0.4095648527145386 -0.695939302444458 0.41301512718200684 -0.6846421957015991 0.3822680413722992 -0.6717852354049683 0.40805360674858093 -0.669678270816803 0.3776274025440216 -0.6814368963241577 0.39267048239707947 -0.659939706325531 0.36934471130371094 -0.6589967012405396 0.3621026277542114 -0.646594762802124 0.35379961133003235 -0.6483623385429382 0.3910980522632599 -0.6540718078613281 0.4289443790912628 -0.6691937446594238 0.38888585567474365 -0.6466392278671265 0.4254370927810669 -0.6591728925704956 0.4292045831680298 -0.6611685752868652 0.4344741404056549 -0.6684162616729736 0.43148073554039 -0.657947301864624 0.42298954725265503 -0.6559505462646484 0.3741910457611084 -0.6409679055213928 0.39276358485221863 -0.6950181722640991 0.35980477929115295 -0.6634496450424194 0.22662366926670074 -0.7512455582618713 0.24960526823997498 -0.7614631652832031 0.2260713428258896 -0.7714414596557617 0.24775338172912598 -0.7782963514328003 0.22714722156524658 -0.8040886521339417 0.24748998880386353 -0.7946455478668213 0.24828453361988068 -0.8085449934005737 0.20691613852977753 -0.8091312646865845 0.25100404024124146 -0.8275288939476013 0.20280452072620392 -0.8252538442611694 0.23944737017154694 -0.8301148414611816 0.20288227498531342 -0.835180938243866 0.18141809105873108 -0.8380885720252991 0.17121711373329163 -0.8108137845993042 0.4261702597141266 -0.7934513688087463 0.46723097562789917 -0.8165709376335144 0.46325379610061646 -0.8331626653671265 0.44923850893974304 -0.8420089483261108 0.4596134126186371 -0.8446283936500549 0.4824599027633667 -0.8310856223106384 0.44783729314804077 -0.8674750328063965 0.42883431911468506 -0.8644914031028748 0.4822603464126587 -0.8171826601028442 0.4329407215118408 -0.8932145833969116 0.42197856307029724 -0.8805001378059387 0.41711169481277466 -0.89401775598526 0.41701841354370117 -0.9059450626373291 0.40519437193870544 -0.8928939700126648 0.43395787477493286 -0.8381093740463257 0.33665087819099426 -0.7353127002716064 0.38887691497802734 -0.8322579264640808 0.05525342747569084 -0.683722972869873 0.021590208634734154 -0.6746457815170288 0.0429689921438694 -0.698552131652832 0.07334170490503311 -0.7079146504402161 0.018400350585579872 -0.6892179250717163 0.04258870333433151 -0.7115079164505005 0.0742977038025856 -0.7218406200408936 0.01471256185323 -0.7041988372802734 0.028306830674409866 -0.7102298736572266 0.3009117543697357 -0.7151185274124146 0.3135468661785126 -0.7103495597839355 0.3016299903392792 -0.6992640495300293 0.3215521275997162 -0.7015920877456665 0.3328261971473694 -0.7060235738754272 0.45419207215309143 -0.7237087488174438 0.20459218323230743 -0.7926316261291504 0.2847423255443573 -0.7739551663398743 0.4007069170475006 -0.8132312893867493 0.40038272738456726 -0.8375797271728516 0.13685870170593262 -0.8323057889938354 0.13747446238994598 -0.8115854263305664 0.09527522325515747 -0.8254073858261108 0.07349342852830887 -0.8366652131080627 0.07819153368473053 -0.8263920545578003 0.1085062175989151 -0.8106732368469238 0.1400647759437561 -0.7981407642364502 0.16164086759090424 -0.7973052859306335 0.13508187234401703 -0.8471749424934387 0.09295102953910828 -0.8555552959442139 0.04621870443224907 -0.859864354133606 0.009438928216695786 -0.8532522320747375 0.011044029146432877 -0.8649884462356567 0.12123916298151016 -0.786271870136261 0.007233954966068268 -0.8377682566642761 0.03649504482746124 -0.8287592530250549 0.004065351095050573 -0.8145921230316162 0.04688606783747673 -0.8116860389709473 0.074930340051651 -0.7988036870956421 0.003309991443529725 -0.8055540919303894 0.0018020588904619217 -0.7928598523139954 0.07189582288265228 -0.7939099669456482 0.0910009816288948 -0.7957302927970886 0.06940164417028427 -0.781147301197052 0.09758874028921127 -0.784991443157196 0.05842104181647301 -0.7815572023391724 0.00043516099685803056 -0.7862070798873901 0.0007360407034866512 -0.7831752300262451 0.10634603351354599 -0.7937136292457581 0.11367397755384445 -0.7843906879425049 0.1583244353532791 -0.7849619388580322 0.12302421778440475 -0.7719194889068604 0.08715090900659561 -0.6959947347640991 0.07766193151473999 -0.810446560382843 0.11458483338356018 -0.7979903221130371 0.39254167675971985 -0.7225713729858398 0.4199494421482086 -0.8142210245132446 0.3807474970817566 -0.8498481512069702 0.1300058513879776 -0.6769928932189941 0.3493462800979614 -0.6585724353790283 0.26738566160202026 -0.78106689453125 0.12191485613584518 -0.7147666215896606 0.09957899898290634 -0.7287137508392334 0.19688548147678375 -0.7254816293716431 0.4011358618736267 -0.9072042107582092 0.39413708448410034 -0.8949220776557922 0.38268929719924927 -0.8775885105133057 0.38498654961586 -0.891338586807251 0.373592734336853 -0.880732536315918 0.3659537434577942 -0.8994216918945312 0.3532823622226715 -0.8866093754768372 0.3486650586128235 -0.8984874486923218 0.34132203459739685 -0.8868656158447266 0.33360710740089417 -0.9024601578712463 0.33159172534942627 -0.8879315853118896 0.3172752857208252 -0.8996986150741577 0.3162307143211365 -0.9095432162284851 0.30416247248649597 -0.8984888792037964 0.30560314655303955 -0.9075796604156494 0.29437536001205444 -0.9054118990898132 0.2952624261379242 -0.8974000215530396 0.28799107670783997 -0.8990881443023682 0.28348875045776367 -0.9038758873939514 0.2821761965751648 -0.9006960391998291 0.28555989265441895 -0.9113056659698486 0.2804986536502838 -0.8884255886077881 0.27571195363998413 -0.8918975591659546 0.26241686940193176 -0.9054173827171326 0.25869303941726685 -0.9156678318977356 0.24519822001457214 -0.9223577976226807 0.2592468857765198 -0.933559238910675 0.23386964201927185 -0.9367554783821106 0.24856238067150116 -0.9407477378845215 0.2326737642288208 -0.9495886564254761 0.21930882334709167 -0.9429409503936768 0.20795732736587524 -0.9530958533287048 0.2065631002187729 -0.9473646283149719 0.19567550718784332 -0.9587321281433105 0.19031958281993866 -0.9541888236999512 0.20391486585140228 -0.9675552845001221 0.2173064947128296 -0.9318950772285461 0.23034124076366425 -0.9319648742675781 0.18393807113170624 -0.9652230143547058 0.21604372560977936 -0.9606043696403503 0.28946685791015625 -0.887839138507843 0.19363661110401154 -0.9613553881645203 0.298658549785614 -0.8927858471870422 0.26843851804733276 -0.9212255477905273 0.30313849449157715 -0.8926957845687866 0.2952418625354767 -0.9103760719299316 0.2955883741378784 -0.8867289423942566 0.28793027997016907 -0.8797696828842163 0.29612669348716736 -0.8772314190864563 0.29904577136039734 -0.8858984708786011 0.2918113172054291 -0.9124335050582886 0.32461512088775635 -0.8907572031021118 0.38598400354385376 -0.8999761939048767 0.38829657435417175 -0.9097363948822021 0.38285455107688904 -0.9086816310882568 0.3621087670326233 -0.8772154450416565 0.482901006937027 -0.8054674863815308 0.16639967262744904 -0.9782249927520752 0.40780818462371826 -0.8651456236839294 0.26585203409194946 -0.8105247616767883 0.2825281322002411 -0.7264739274978638 0.31086811423301697 -0.9105021953582764 0.365148663520813 -0.8565742373466492 0.18061746656894684 -0.6804783344268799 0.2721484303474426 -0.6930662393569946 0.502610981464386 -0.8199645280838013 0.5009410381317139 -0.8290072679519653 0.4833318889141083 -0.8416452407836914 0.5023902058601379 -0.8098101615905762 0.4664449989795685 -0.7656612396240234 0.33343517780303955 -0.8750543594360352 0.023546604439616203 -0.6501643657684326 0.304837703704834 -0.7987049221992493 0.37521225214004517 -0.866716742515564 0.15529631078243256 -0.7675979137420654 0.1971764862537384 -0.9694222807884216 0.18755711615085602 -0.7881333827972412 0.3586077392101288 -0.6406927704811096 0.19959908723831177 -0.7657958269119263 0.28547608852386475 -0.7119783163070679 0.426900714635849 -0.6802420616149902 0.309952974319458 -0.9132453203201294 0.30764633417129517 -0.9187570214271545 0.2950998842716217 -0.9204528331756592 0.1561448872089386 -0.9869517087936401 0.1506858617067337 -0.9847674369812012 0.16422919929027557 -0.9901742935180664 0.13981573283672333 -0.9948154091835022 0.13607017695903778 -0.9916426539421082 0.12496267259120941 -0.9942288994789124 0.12223675101995468 -0.9886639714241028 0.11543051898479462 -0.9895856380462646 0.11459121108055115 -0.9948835372924805 0.10717946290969849 -0.9891219735145569 0.14067834615707397 -0.9995629191398621 0.15408644080162048 -0.9979129433631897 0.17101289331912994 -0.989335298538208 0.3598170280456543 -0.6355721950531006 0.3747616708278656 -0.6333242654800415 0.3629685342311859 -0.6289335489273071 0.10411268472671509 -0.7143639326095581 0.4240033030509949 -0.8408949971199036 0.17246712744235992 -0.7772526144981384 0.2736678421497345 -0.9257985353469849 0.29941853880882263 -0.8751657605171204 0.1908237785100937 -0.7682589888572693 0.3505294919013977 -0.8689526319503784 0.20205385982990265 -0.972443163394928 0.1439523994922638 -0.7624016404151917 0.13093997538089752 -0.7624181509017944 0.12170703709125519 -0.7678313851356506 0.10608313232660294 -0.775058388710022 0.14405830204486847 -0.7533457279205322 0.3320278525352478 -0.6726398468017578 0.3378312587738037 -0.6847542524337769 0.3563968539237976 -0.6726398468017578 0.33797794580459595 -0.6988636255264282 0.3541114628314972 -0.6939440965652466 0.3250652849674225 -0.47709107398986816 0.35550007224082947 -0.48819929361343384 0.3479607105255127 -0.47071677446365356 0.36771106719970703 -0.47071677446365356 0.44952133297920227 -0.22683566808700562 0.4383144974708557 -0.19361889362335205 0.44952133297920227 -0.20087116956710815 0.43797457218170166 -0.22379380464553833 0.4299095869064331 -0.21935749053955078 0.43059930205345154 -0.2021557092666626 0.4214403033256531 -0.21031415462493896 0.42357394099235535 -0.21929848194122314 0.41818973422050476 -0.20291870832443237 0.8338640332221985 -0.16496598720550537 0.8292871713638306 -0.15183109045028687 0.8497157096862793 -0.1490384340286255 0.849869430065155 -0.16576051712036133 0.8497157096862793 -0.1799982190132141 0.8255004286766052 -0.18575173616409302 0.7472484707832336 -0.6472220420837402 0.7637075781822205 -0.6551573276519775 0.749378502368927 -0.6549971103668213 0.7367275953292847 -0.621940553188324 0.7637075781822205 -0.6267726421356201 0.9255874752998352 -0.07823425531387329 0.9255874752998352 -0.11232519149780273 0.9165380001068115 -0.09316438436508179 0.8907802700996399 -0.10634559392929077 0.8907746076583862 -0.11177730560302734 0.557441234588623 -0.007430076599121094 0.557441234588623 -0.04064685106277466 0.5469973683357239 -0.036083757877349854 0.9760661721229553 -0.47679442167282104 0.9847787022590637 -0.4645981192588806 0.9803100228309631 -0.49767035245895386 0.9960835576057434 -0.5039335489273071 0.9960835576057434 -0.4374846816062927 0.9853764176368713 -0.4274147152900696 0.9924632906913757 -0.3841783404350281 0.4007833003997803 -0.92927086353302 0.409488320350647 -0.934003472328186 0.4072220027446747 -0.9156468510627747 0.42483580112457275 -0.9311306476593018 0.43820714950561523 -0.9156468510627747 0.9625219702720642 -0.6136651635169983 0.972743034362793 -0.6102193593978882 0.9612706899642944 -0.6000874042510986 0.9701480269432068 -0.626311182975769 0.9813898801803589 -0.6174033880233765 0.9903967976570129 -0.6069239377975464 0.9917319416999817 -0.6000874042510986 0.4199303686618805 -0.6105769276618958 0.4199303686618805 -0.6429195404052734 0.40426456928253174 -0.6264047622680664 0.23107048869132996 -0.8334790468215942 0.2368997484445572 -0.8420443534851074 0.24064403772354126 -0.8334790468215942 0.23115092515945435 -0.8422203063964844 0.9047935605049133 -0.7950174808502197 0.917754590511322 -0.7836538553237915 0.8847553133964539 -0.7836538553237915 0.8835334777832031 -0.7904287576675415 0.8803307414054871 -0.7893720269203186 0.040469974279403687 -0.34484267234802246 0.010879024863243103 -0.34484267234802246 0.02326253615319729 -0.34921330213546753 0.8803307414054871 -0.08959788084030151 0.8882545232772827 -0.09571677446365356 0.9038293957710266 -0.08959788084030151 0.022825686261057854 -0.10620629787445068 0.03350739926099777 -0.09309440851211548 0.004786771256476641 -0.09309440851211548 0.8185378313064575 -0.1586538553237915 0.8107049465179443 -0.15473544597625732 0.8185378313064575 -0.13854897022247314 0.5424329042434692 -0.2094179391860962 0.5810605883598328 -0.20070183277130127 0.534026026725769 -0.20755928754806519 0.5560036897659302 -0.18970394134521484 0.5281198620796204 -0.19484788179397583 0.5844753384590149 -0.18533742427825928 0.5677775740623474 -0.2185990810394287 0.6066167950630188 -0.19689834117889404 0.6034108400344849 -0.18099582195281982 0.519740104675293 -0.21909254789352417 0.5157628059387207 -0.20971393585205078 0.5824441909790039 -0.21486949920654297 0.535378634929657 -0.18213170766830444 0.594189465045929 -0.21084082126617432 0.5021179914474487 -0.18509095907211304 0.5501897931098938 -0.22277790307998657 0.5610010623931885 -0.18616610765457153 0.6073411703109741 -0.20546680688858032 0.5205425024032593 -0.2276749610900879 0.513803243637085 -0.23402196168899536 0.5044124722480774 -0.22984033823013306 0.5037498474121094 -0.23732519149780273 0.5212326049804688 -0.23485273122787476 0.49832475185394287 -0.23100900650024414 0.6083787679672241 -0.20820128917694092 0.6175572872161865 -0.20698994398117065 0.6084162592887878 -0.19608205556869507 0.5089728832244873 -0.19763320684432983 0.504115641117096 -0.22248810529708862 0.49881234765052795 -0.21373212337493896 0.4951966106891632 -0.21840906143188477 0.4928033649921417 -0.21043169498443604 0.48320189118385315 -0.21929150819778442 0.4828283488750458 -0.21084141731262207 0.47825369238853455 -0.20846784114837646 0.48909977078437805 -0.20870935916900635 0.4747203290462494 -0.21423238515853882 0.4705526828765869 -0.22409182786941528 0.49052032828330994 -0.22161626815795898 0.47105032205581665 -0.20918166637420654 0.47694841027259827 -0.20335614681243896 0.4786742031574249 -0.1935139298439026 0.4614481031894684 -0.19189465045928955 0.4649848937988281 -0.18551331758499146 0.4745067358016968 -0.18666541576385498 0.4639046788215637 -0.17502641677856445 0.4615248441696167 -0.1819424033164978 0.45734265446662903 -0.16206705570220947 0.4538729190826416 -0.16691714525222778 0.4997701048851013 -0.1910753846168518 0.45465460419654846 -0.1586538553237915 0.4689883887767792 -0.19978070259094238 0.4600956439971924 -0.19760215282440186 0.45631110668182373 -0.19297713041305542 0.4929903447628021 -0.178266704082489 0.4827438294887543 -0.19329380989074707 0.4906012713909149 -0.20127999782562256 0.48709836602211 -0.20074903964996338 0.49593013525009155 -0.20353233814239502 0.5044455528259277 -0.1968567967414856 0.5072034001350403 -0.20060712099075317 0.6053562164306641 -0.17843174934387207 0.6140635013580322 -0.18750715255737305 0.6145866513252258 -0.17417806386947632 0.632474422454834 -0.18496090173721313 0.6453455686569214 -0.18836498260498047 0.6645469069480896 -0.1776643991470337 0.6665510535240173 -0.1885247826576233 0.6644164323806763 -0.19583362340927124 0.676464319229126 -0.1878575086593628 0.6859593987464905 -0.1903645396232605 0.6912397742271423 -0.18451493978500366 0.6969379186630249 -0.19023209810256958 0.7075431942939758 -0.18846875429153442 0.646579921245575 -0.20497769117355347 0.6711883544921875 -0.20225757360458374 0.6789072751998901 -0.1993502378463745 0.6953656077384949 -0.20303040742874146 0.7010233998298645 -0.19991356134414673 0.6930742263793945 -0.19502079486846924 0.7086156010627747 -0.2029949426651001 0.713808536529541 -0.1985783576965332 0.7155106663703918 -0.20470786094665527 0.7219321131706238 -0.19777756929397583 0.6318140029907227 -0.2072378396987915 0.6423226594924927 -0.21216094493865967 0.6276300549507141 -0.2096821665763855 0.6478127241134644 -0.22178852558135986 0.649370551109314 -0.20767343044281006 0.6697322726249695 -0.18181437253952026 0.6763508319854736 -0.17734330892562866 0.6810245513916016 -0.17223018407821655 0.6818752884864807 -0.16643500328063965 0.6943677067756653 -0.17153304815292358 0.6675390005111694 -0.1698175072669983 0.649726927280426 -0.17342138290405273 0.6600684523582458 -0.16605764627456665 0.684937596321106 -0.20618075132369995 0.6196020841598511 -0.1996901035308838 0.6386151909828186 -0.1654733419418335 0.6667178273200989 -0.1586538553237915 0.6525432467460632 -0.21731048822402954 0.6612485647201538 -0.22710847854614258 0.6525201797485352 -0.2269423007965088 0.4926947355270386 -0.22593283653259277 0.008268059231340885 -0.14991259574890137 0.008978794328868389 -0.15777969360351562 0.023933855816721916 -0.14991259574890137 0.02187289483845234 -0.1550126075744629 0.4549023509025574 -0.4715695381164551 0.4667518436908722 -0.4523601531982422 0.46692776679992676 -0.46514254808425903 0.44992515444755554 -0.45823001861572266 0.4667518436908722 -0.47859978675842285 0.4634089171886444 -0.4816487431526184 0.45415887236595154 -0.4816785454750061 0.4446142017841339 -0.46277081966400146 0.4633876085281372 -0.48754996061325073 0.4499034285545349 -0.48375123739242554 0.4474976062774658 -0.47300058603286743 0.4517778158187866 -0.4904925227165222 0.44450148940086365 -0.48902958631515503 0.4483111798763275 -0.4968530535697937 0.4321148693561554 -0.496940553188324 0.44216153025627136 -0.47374820709228516 0.4389215111732483 -0.46598386764526367 0.4388708770275116 -0.473441481590271 0.4353136718273163 -0.4629889130592346 0.991651177406311 -0.9881992936134338 0.9891209602355957 -0.9725438952445984 0.9978241920471191 -0.9745849967002869 0.9978241920471191 -0.9593531489372253 0.8707571625709534 -0.23732519149780273 0.8559616804122925 -0.2307944893836975 0.8707571625709534 -0.22508740425109863 0.5293896198272705 -0.12191647291183472 0.5136792063713074 -0.1154739260673523 0.5245717167854309 -0.09865957498550415 0.513296902179718 -0.0964040756225586 0.5224979519844055 -0.073722243309021 0.5071761608123779 -0.10731178522109985 0.5074650645256042 -0.13685095310211182 0.511213481426239 -0.06461071968078613 0.517352819442749 -0.04705578088760376 0.5264136791229248 -0.058863043785095215 0.5263100862503052 -0.04661625623703003 0.509323000907898 -0.08667910099029541 0.5379478335380554 -0.07816630601882935 0.539527177810669 -0.04949313402175903 0.5393291711807251 -0.04589158296585083 0.5449740290641785 -0.07215911149978638 0.5190231204032898 -0.13343888521194458 0.5286140441894531 -0.07964342832565308 0.5450485944747925 -0.07900595664978027 0.5518913865089417 -0.08603429794311523 0.5465474724769592 -0.04912453889846802 0.5083318948745728 -0.09929031133651733 0.5042438507080078 -0.12549066543579102 0.5069100856781006 -0.04773229360580444 0.5458640456199646 -0.0898895263671875 0.5588904023170471 -0.10646998882293701 0.5475815534591675 -0.11077111959457397 0.5476230978965759 -0.1325334906578064 0.543701708316803 -0.12963324785232544 0.5432955026626587 -0.12068283557891846 0.5550047755241394 -0.13467371463775635 0.5506282448768616 -0.14126205444335938 0.5617928504943848 -0.13721048831939697 0.5429414510726929 -0.10469216108322144 0.5387945175170898 -0.10577964782714844 0.5617928504943848 -0.08218711614608765 0.5337150692939758 -0.10905075073242188 0.5282225608825684 -0.12898939847946167 0.5363210439682007 -0.1374315619468689 0.5339052081108093 -0.1402832269668579 0.5422888398170471 -0.143490731716156 0.5391584634780884 -0.14525198936462402 0.5459643006324768 -0.1517530083656311 0.5426512360572815 -0.15476709604263306 0.5251452922821045 -0.1367005705833435 0.5217161774635315 -0.14688944816589355 0.5195059180259705 -0.15993726253509521 0.5120972394943237 -0.17613637447357178 0.5127798914909363 -0.1476079821586609 0.5077520608901978 -0.16456657648086548 0.5051301121711731 -0.1683415174484253 0.5013039708137512 -0.15719974040985107 0.5396261811256409 -0.13105809688568115 0.5413110852241516 -0.12179744243621826 0.5008703470230103 -0.13774818181991577 0.5384636521339417 -0.09052121639251709 0.8864229917526245 -0.6009615659713745 0.8868637084960938 -0.6123251914978027 0.9020887613296509 -0.6009615659713745 0.21989451348781586 -0.05496513843536377 0.2360682636499405 -0.05233699083328247 0.22171837091445923 -0.04763984680175781 0.2316613495349884 -0.05839109420776367 0.21975630521774292 -0.059003472328186035 0.2466442584991455 -0.057509422302246094 0.24442726373672485 -0.04763984680175781 0.2556564509868622 -0.051184892654418945 0.26327240467071533 -0.056028127670288086 0.6779294013977051 -0.32069075107574463 0.6835280060768127 -0.30926400423049927 0.6836617588996887 -0.3163190484046936 0.693753182888031 -0.30955934524536133 0.6935843229293823 -0.3226231336593628 0.6996175050735474 -0.32137632369995117 0.6883058547973633 -0.30335330963134766 0.7090071439743042 -0.3029031753540039 0.6889272332191467 -0.32675135135650635 0.705510139465332 -0.3261377215385437 0.7218838334083557 -0.3209821581840515 0.7208565473556519 -0.3379122018814087 0.7090482711791992 -0.3676571249961853 0.7022390365600586 -0.2946823835372925 0.7216718196868896 -0.3740285634994507 0.7246198058128357 -0.3849525451660156 0.7148224115371704 -0.40038901567459106 0.7255178093910217 -0.3987083435058594 0.7076300978660583 -0.39281386137008667 0.7177115678787231 -0.4217148423194885 0.7032809853553772 -0.36412686109542847 0.7095986008644104 -0.42095738649368286 0.6979144215583801 -0.42181044816970825 0.7004053592681885 -0.4531707167625427 0.6884616613388062 -0.45372527837753296 0.6893714070320129 -0.42401397228240967 0.6782734394073486 -0.42707204818725586 0.6749347448348999 -0.4616813063621521 0.6831905245780945 -0.39537757635116577 0.7156667709350586 -0.43988150358200073 0.6904435157775879 -0.2934964895248413 0.6881524920463562 -0.46847718954086304 0.6969465613365173 -0.3950904607772827 0.6984281539916992 -0.33615028858184814 0.7005390524864197 -0.28647148609161377 0.6955989599227905 -0.2751702666282654 0.7021234035491943 -0.2751010060310364 0.7125237584114075 -0.28580325841903687 0.7123985886573792 -0.27931898832321167 0.7237128615379333 -0.30519962310791016 0.6987999677658081 -0.26267480850219727 0.7190402746200562 -0.3016365170478821 0.7088192701339722 -0.29361099004745483 0.6996322870254517 -0.4767417907714844 0.6855182647705078 -0.49652040004730225 0.7262837290763855 -0.4226592183113098 0.6980244517326355 -0.49950844049453735 0.711763322353363 -0.49060535430908203 0.6981062889099121 -0.5334259867668152 0.6878620982170105 -0.5424971580505371 0.7084367275238037 -0.5341822504997253 0.7197168469429016 -0.5438601970672607 0.7211340665817261 -0.5174396634101868 0.7140833735466003 -0.556923508644104 0.7065221071243286 -0.5574023723602295 0.7154149413108826 -0.5774847269058228 0.7068111300468445 -0.5786586999893188 0.7009850144386292 -0.5761613845825195 0.6948559284210205 -0.5827264785766602 0.7034199237823486 -0.6015063524246216 0.6934022307395935 -0.60602867603302 0.6809763312339783 -0.5982372760772705 0.6819766759872437 -0.5780484676361084 0.6904634833335876 -0.573740541934967 0.702390730381012 -0.6218149065971375 0.7112975120544434 -0.6089428663253784 0.6915749907493591 -0.6224702596664429 0.7012714147567749 -0.6262606382369995 0.7122480273246765 -0.6228933334350586 0.6909065842628479 -0.6271120309829712 0.6817248463630676 -0.6247897148132324 0.6780857443809509 -0.6374955177307129 0.7098281383514404 -0.6389012932777405 0.7173733115196228 -0.6377137899398804 0.6929963231086731 -0.6411713361740112 0.6818287372589111 -0.6216350793838501 0.7142646312713623 -0.5943590998649597 0.7202032208442688 -0.46522021293640137 0.7262837290763855 -0.4872009754180908 0.7108120322227478 -0.4671366810798645 0.6969794631004333 -0.5563957691192627 0.6850661039352417 -0.3762652277946472 0.6941519975662231 -0.35163527727127075 0.6794586777687073 -0.3244801163673401 0.6868979930877686 -0.3523382544517517 0.6786731481552124 -0.3322145342826843 0.6953808665275574 -0.3786467909812927 0.3076588213443756 -0.0756118893623352 0.32926347851753235 -0.08260488510131836 0.3346388041973114 -0.0756118893623352 0.0378589928150177 -0.3439685106277466 0.030026109889149666 -0.3292168974876404 0.037859007716178894 -0.3125 0.36945170164108276 -0.17962199449539185 0.3973020017147064 -0.17001748085021973 0.3973020017147064 -0.18312937021255493 0.020529190078377724 -0.3524448871612549 0.030026106163859367 -0.3640734553337097 0.02045256830751896 -0.35948336124420166 0.030026109889149666 -0.3518356680870056 0.993326723575592 -0.17584490776062012 0.9538832306861877 -0.1772834062576294 0.9902425408363342 -0.15977102518081665 0.9812740683555603 -0.19779127836227417 0.9633668065071106 -0.19458109140396118 0.9564985632896423 -0.15640580654144287 0.9521260261535645 -0.16360050439834595 0.9882968664169312 -0.19442814588546753 0.992914617061615 -0.18569332361221313 0.9711518883705139 -0.19886362552642822 0.9793580174446106 -0.1583901047706604 0.9890583753585815 -0.1550081968307495 0.956467866897583 -0.18765223026275635 0.9513182640075684 -0.15059936046600342 0.9728618264198303 -0.15218889713287354 0.9829442501068115 -0.1532803773880005 0.9881807565689087 -0.14712375402450562 0.989281952381134 -0.12193018198013306 0.9421235918998718 -0.10338383913040161 0.9923230409622192 -0.1114467978477478 0.9426276683807373 -0.11600017547607422 0.9934725761413574 -0.09916335344314575 0.9440010786056519 -0.09015679359436035 0.9696497321128845 -0.08003383874893188 0.993326723575592 -0.0891193151473999 0.9507911205291748 -0.07040280103683472 0.9910568594932556 -0.07658344507217407 0.9790219664573669 -0.0622524619102478 0.9608263969421387 -0.059877634048461914 0.9451779723167419 -0.12857186794281006 0.9875420331954956 -0.13233894109725952 0.9879260659217834 -0.1387752890586853 0.9578886032104492 -0.14309322834014893 0.06632498651742935 -0.36251920461654663 0.06454494595527649 -0.37838006019592285 0.05034101754426956 -0.38340795040130615 0.054319798946380615 -0.3546884059906006 0.06273176521062851 -0.38745391368865967 0.04713338613510132 -0.39007043838500977 0.05651655048131943 -0.40901386737823486 0.043324194848537445 -0.4060349464416504 0.07697959989309311 -0.3314986824989319 0.06505957245826721 -0.3144853115081787 0.04972197487950325 -0.41340070962905884 0.08020780980587006 -0.3161664605140686 0.08519633114337921 -0.29808253049850464 0.0689970925450325 -0.29570746421813965 0.0781150534749031 -0.2723453640937805 0.10465973615646362 -0.24666184186935425 0.0970742478966713 -0.28447216749191284 0.10771501064300537 -0.2532119154930115 0.1144186332821846 -0.23700368404388428 0.10765378922224045 -0.2162405252456665 0.126435324549675 -0.20960372686386108 0.09479892253875732 -0.23165160417556763 0.14055700600147247 -0.21429336071014404 0.09628226608037949 -0.3108806610107422 0.09282011538743973 -0.32540786266326904 0.12557464838027954 -0.24869489669799805 0.0735299363732338 -0.3933003544807434 0.07597987353801727 -0.3803831934928894 0.07062820345163345 -0.41175228357315063 0.06459569185972214 -0.41318100690841675 0.1090254858136177 -0.2759883999824524 0.07687525451183319 -0.4246814250946045 0.07100702077150345 -0.4328543543815613 0.06214607134461403 -0.4331326484680176 0.03918403014540672 -0.4209960699081421 0.04049306735396385 -0.41057461500167847 0.033539701253175735 -0.4048805236816406 0.048906486481428146 -0.43466609716415405 0.05657991021871567 -0.44507068395614624 0.07940265536308289 -0.44708138704299927 0.07541929185390472 -0.451773464679718 0.09188085049390793 -0.45821237564086914 0.09249985218048096 -0.4498941898345947 0.10973386466503143 -0.4559975266456604 0.11278332769870758 -0.463598370552063 0.03251652047038078 -0.38999760150909424 0.026023922488093376 -0.4246385097503662 0.10554099828004837 -0.20985835790634155 0.061835307627916336 -0.45086127519607544 0.05178026854991913 -0.44818592071533203 0.04476010426878929 -0.43544477224349976 0.039668213576078415 -0.4494752883911133 0.026917900890111923 -0.4453524351119995 0.03059866651892662 -0.4306398630142212 0.017719702795147896 -0.4400011897087097 0.01771971769630909 -0.4249316453933716 0.038290172815322876 -0.38199490308761597 0.04223013296723366 -0.36944031715393066 0.01908518560230732 -0.4218813180923462 0.020082172006368637 -0.406264066696167 0.07015310972929001 -0.4607659578323364 0.07584764808416367 -0.45464861392974854 0.08144863694906235 -0.4663940668106079 0.09200131893157959 -0.46266788244247437 0.09342775493860245 -0.46973615884780884 0.1163940280675888 -0.4661109447479248 0.1062011793255806 -0.47159093618392944 0.057486921548843384 -0.3081122040748596 0.02164957858622074 -0.3993080258369446 0.04482230171561241 -0.3536994457244873 0.12775827944278717 -0.46358317136764526 0.027026398107409477 -0.37586408853530884 0.059994887560606 -0.2831106185913086 0.06379137933254242 -0.2622440457344055 0.09942736476659775 -0.4421456456184387 0.12852558493614197 -0.45630645751953125 0.08836722373962402 -0.4317653775215149 0.1264449954032898 -0.4711824059486389 0.08827151358127594 -0.4156736731529236 0.12463253736495972 -0.45054692029953003 0.008268059231340885 -0.43790173530578613 0.09772398322820663 -0.20760488510131836 0.14055700600147247 -0.46942949295043945 0.13600653409957886 -0.46202826499938965 0.9181628227233887 -0.02603703737258911 0.898047685623169 -0.03854292631149292 0.895258903503418 -0.01796823740005493 0.9116014242172241 -0.0435333251953125 0.8716275095939636 -0.03207880258560181 0.8746658563613892 -0.04636108875274658 0.9095074534416199 -0.002201974391937256 0.8992781043052673 -0.06774473190307617 0.9160021543502808 -0.06235629320144653 0.8879777193069458 -0.0636182427406311 0.9264339804649353 -0.03140878677368164 0.9334203600883484 -0.01949763298034668 0.9249992966651917 -0.0077893733978271484 0.9316387176513672 -0.013464748859405518 0.8774016499519348 -0.012434422969818115 0.8829307556152344 -0.007190704345703125 0.8916463851928711 -0.001311182975769043 0.9334203600883484 -0.044240593910217285 0.9255760908126831 -0.05710947513580322 0.659275233745575 -0.3757150173187256 0.6477360725402832 -0.3833147883415222 0.6511868238449097 -0.3479868173599243 0.6609852313995361 -0.35151976346969604 0.6556797623634338 -0.39717692136764526 0.6525505185127258 -0.3288969397544861 0.6633964776992798 -0.3268652558326721 0.6641091108322144 -0.38698244094848633 0.6470097899436951 -0.40456467866897583 0.6564171314239502 -0.30912065505981445 0.6465170383453369 -0.421364963054657 0.6622897386550903 -0.4172430634498596 0.6535918116569519 -0.4419603943824768 0.6630640625953674 -0.30192655324935913 0.6527673602104187 -0.2981230616569519 0.6605874300003052 -0.2889876961708069 0.6528615951538086 -0.2768273949623108 0.6636247038841248 -0.2805839776992798 0.6643149852752686 -0.27125418186187744 0.6536535620689392 -0.2711688280105591 0.6568315029144287 -0.25280046463012695 0.6678527593612671 -0.25563186407089233 0.6653026938438416 -0.29547959566116333 0.653365969657898 -0.4595182538032532 0.6679619550704956 -0.34418588876724243 0.667161762714386 -0.45656609535217285 0.6669469475746155 -0.47520601749420166 0.6537220478057861 -0.48557692766189575 0.6703801155090332 -0.28619444370269775 0.672531247138977 -0.4018641710281372 0.672677755355835 -0.3080030083656311 0.6710724234580994 -0.4264029860496521 0.6728443503379822 -0.38788390159606934 0.6758050322532654 -0.4739035964012146 0.635466992855072 -0.4616360068321228 0.6367264986038208 -0.47860389947891235 0.6511911153793335 -0.306466281414032 0.632450520992279 -0.4290030002593994 0.6314096450805664 -0.4161298871040344 0.6351165771484375 -0.37297946214675903 0.6343671083450317 -0.390566349029541 0.6647580862045288 -0.2513776421546936 0.658430278301239 -0.23496627807617188 0.6683473587036133 -0.2362607717514038 0.6758050322532654 -0.23804181814193726 0.6725156307220459 -0.2540016174316406 0.6430836319923401 -0.24750393629074097 0.6498245000839233 -0.23295456171035767 0.6382530927658081 -0.33414244651794434 0.6433404684066772 -0.2735191583633423 0.6444610357284546 -0.2664060592651367 0.643242597579956 -0.25067442655563354 0.6444969773292542 -0.2974664568901062 0.6318700909614563 -0.4732092022895813 0.6260131001472473 -0.48015451431274414 0.6416022777557373 -0.31058627367019653 0.6183637976646423 -0.4576447010040283 0.6278128623962402 -0.3952828645706177 0.6315106153488159 -0.30792754888534546 0.6319401860237122 -0.3239292502403259 0.6244343519210815 -0.3704904317855835 0.13464470207691193 -0.9127771854400635 0.1498214602470398 -0.9101858139038086 0.09765961021184921 -0.9085165858268738 0.10739205032587051 -0.9192823171615601 0.08571827411651611 -0.913137674331665 0.07506045699119568 -0.9028733372688293 0.06998410075902939 -0.9120566248893738 0.17287279665470123 -0.9154819250106812 0.1693691462278366 -0.9072061777114868 0.18318013846874237 -0.9072763919830322 0.12166715413331985 -0.9226760864257812 0.05860404297709465 -0.8934355974197388 0.0578659363090992 -0.9118329286575317 0.1813225895166397 -0.9216867685317993 0.15833768248558044 -0.9242362380027771 0.1807326227426529 -0.8940503597259521 0.08026766031980515 -0.8977993726730347 0.10130125284194946 -0.8973776698112488 0.17051687836647034 -0.8948883414268494 0.1373673379421234 -0.8971009850502014 0.19152948260307312 -0.9072445631027222 0.1953316479921341 -0.8949099779129028 0.21562087535858154 -0.9052163362503052 0.2112514227628708 -0.9131176471710205 0.22584857046604156 -0.923928439617157 0.19028295576572418 -0.9206216335296631 0.2192980945110321 -0.893916666507721 0.049871329218149185 -0.9093539714813232 0.09482929855585098 -0.9303987622261047 0.17844916880130768 -0.934003472328186 0.06295349448919296 -0.9246249198913574 0.0482993945479393 -0.8991400003433228 0.036927729845047 -0.908164381980896 0.026147890836000443 -0.8927627205848694 0.01846681907773018 -0.9063841104507446 0.04490142688155174 -0.8883921504020691 0.05079380422830582 -0.8892967104911804 0.0296392310410738 -0.8821046352386475 0.016971278935670853 -0.8882835507392883 0.06371694803237915 -0.8878498077392578 0.08142143487930298 -0.8914675712585449 0.05783422291278839 -0.8837301135063171 0.18539223074913025 -0.8827747106552124 0.10293717682361603 -0.8923407196998596 0.050697654485702515 -0.881649374961853 0.17910687625408173 -0.8808899521827698 0.22317980229854584 -0.8807442784309387 0.17203494906425476 -0.8806896209716797 0.1534908413887024 -0.8813958764076233 0.12450329959392548 -0.8806818127632141 0.0941428616642952 -0.8807442784309387 0.06750249117612839 -0.8818649649620056 0.28435400128364563 -0.02815800905227661 0.27333998680114746 -0.03761792182922363 0.286109983921051 -0.03815627098083496 0.275409460067749 -0.023823261260986328 0.3101887106895447 -0.03302353620529175 0.30544042587280273 -0.021838128566741943 0.3047078847885132 -0.04064685106277466 0.2784404754638672 -0.01602911949157715 0.31256088614463806 -0.021595001220703125 0.30236756801605225 -0.011764287948608398 0.27389734983444214 -0.017249584197998047 0.26390841603279114 -0.01636373996734619 0.261039674282074 -0.02663254737854004 0.2661151587963104 -0.03750026226043701 0.2515825629234314 -0.01916217803955078 0.25503695011138916 -0.03450798988342285 0.2762848436832428 -0.004807710647583008 0.2616803050041199 -0.007266044616699219 0.24546106159687042 -0.03378850221633911 0.24238468706607819 -0.023181617259979248 0.3092186152935028 -0.010272681713104248 0.3179827630519867 -0.012489259243011475 0.32455694675445557 -0.01992487907409668 0.3142550587654114 -0.004807710647583008 0.3268059194087982 -0.012507915496826172 0.3288678824901581 -0.008304178714752197 0.3154917359352112 -0.0021852850914001465 0.33376848697662354 -0.0021852850914001465 0.34512048959732056 -0.6455419659614563 0.3346361219882965 -0.6421745419502258 0.3494342863559723 -0.6385489702224731 0.33115753531455994 -0.6385489702224731 0.8273985385894775 -0.1894640326499939 0.817773163318634 -0.19004017114639282 0.8237236738204956 -0.18679511547088623 0.8210778832435608 -0.19459158182144165 0.8267824649810791 -0.19471204280853271 0.8359442949295044 -0.19406002759933472 0.8256317973136902 -0.20452934503555298 0.8173308372497559 -0.20415931940078735 0.8134945034980774 -0.1990044116973877 0.8358778357505798 -0.2046908140182495 0.8080992102622986 -0.19604778289794922 0.8028254508972168 -0.20533239841461182 0.8044211864471436 -0.21516770124435425 0.795230507850647 -0.22280269861221313 0.7903562784194946 -0.21448928117752075 0.7915852665901184 -0.22865015268325806 0.7809114456176758 -0.22215372323989868 0.778508186340332 -0.24586743116378784 0.7884806990623474 -0.23940134048461914 0.7860150337219238 -0.24777871370315552 0.7675985097885132 -0.24202531576156616 0.7793394923210144 -0.2670997977256775 0.7878397107124329 -0.2635567784309387 0.7864669561386108 -0.26913124322891235 0.7570276856422424 -0.3020387887954712 0.7350530028343201 -0.2870340943336487 0.74833083152771 -0.283714234828949 0.738393247127533 -0.27442628145217896 0.7485557198524475 -0.2647870182991028 0.7321677207946777 -0.26485538482666016 0.7331587076187134 -0.250851035118103 0.7509890198707581 -0.24480122327804565 0.737587571144104 -0.29783302545547485 0.7447379231452942 -0.3247668147087097 0.7586588859558105 -0.3250753879547119 0.7401891946792603 -0.23577582836151123 0.7286506295204163 -0.22779089212417603 0.7520231604576111 -0.35232698917388916 0.76200932264328 -0.3467087745666504 0.7690544128417969 -0.3796181082725525 0.7588900327682495 -0.380615234375 0.7839541435241699 -0.4069628119468689 0.7743020057678223 -0.41774141788482666 0.7788254618644714 -0.3801077604293823 0.7462139129638672 -0.22009140253067017 0.7611766457557678 -0.22733348608016968 0.7603245973587036 -0.20959144830703735 0.7554887533187866 -0.2386365532875061 0.7711599469184875 -0.23169934749603271 0.7682995796203613 -0.27906620502471924 0.7630050182342529 -0.2664264440536499 0.7940896153450012 -0.3982112407684326 0.8039351105690002 -0.4284321665763855 0.7891485691070557 -0.4288513660430908 0.7714655995368958 -0.21516799926757812 0.76539546251297 -0.3208628296852112 0.7773535847663879 -0.20050173997879028 0.7826086282730103 -0.20571023225784302 0.7905626893043518 -0.1955445408821106 0.7948306202888489 -0.20230239629745483 0.799915611743927 -0.1932966113090515 0.7225505113601685 -0.2459295392036438 0.7187902927398682 -0.2301742434501648 0.7655457854270935 -0.4202309250831604 0.7791392207145691 -0.4379395842552185 0.7267233729362488 -0.2743608355522156 0.7236887216567993 -0.28071314096450806 0.7739218473434448 -0.44187062978744507 0.8077276945114136 -0.1866258978843689 0.7965218424797058 -0.1866389513015747 0.7871769666671753 -0.19474077224731445 0.787623405456543 -0.18793439865112305 0.7768610715866089 -0.19094157218933105 0.7737901210784912 -0.20005977153778076 0.7593733072280884 -0.19972747564315796 0.7549529075622559 -0.20373964309692383 0.7544940114021301 -0.2092592716217041 0.7483196258544922 -0.20763134956359863 0.7414298057556152 -0.21932446956634521 0.7377086281776428 -0.20420795679092407 0.7228487730026245 -0.20826154947280884 0.7276633977890015 -0.22499841451644897 0.7174850702285767 -0.2253643274307251 0.7142232656478882 -0.21129989624023438 0.7393375039100647 -0.34138423204421997 0.7274367809295654 -0.3172372579574585 0.7419832944869995 -0.3742532730102539 0.7386571764945984 -0.36059677600860596 0.7420423030853271 -0.20458418130874634 0.7697169780731201 -0.3002086281776428 0.7157388925552368 -0.26063090562820435 0.7496902346611023 -0.3982539772987366 0.7674949169158936 -0.19443434476852417 0.7858843803405762 -0.36646682024002075 0.7079846262931824 -0.22874951362609863 0.7053959965705872 -0.2135675549507141 0.8051489591598511 -0.3997131586074829 0.7056348919868469 -0.2324007749557495 0.7728962302207947 -0.3218846917152405 0.7136514782905579 -0.2707647681236267 0.7727296948432922 -0.2680053114891052 0.8198931217193604 -0.4276885986328125 0.7937352657318115 -0.4401892423629761 0.7065808773040771 -0.24784094095230103 0.7597520351409912 -0.42796117067337036 0.8083743453025818 -0.38998329639434814 0.7793508172035217 -0.3139156699180603 0.774939239025116 -0.28667527437210083 0.7892323136329651 -0.3439266085624695 0.8007985353469849 -0.37182706594467163 0.7808497548103333 -0.27438467741012573 0.813188910484314 -0.39595288038253784 0.8184148073196411 -0.40092819929122925 0.829065203666687 -0.43500012159347534 0.8359442949295044 -0.4384723901748657 0.7834417819976807 -0.2812395691871643 0.7862022519111633 -0.2992846965789795 </float_array>
          <technique_common>
            <accessor source="#mesh_1-texcoord-array" count="4847" stride="2">
              <param name="S" type="float" />
              <param name="T" type="float" />
            </accessor>
          </technique_common>
        </source>
        <vertices id="mesh_1-vertices">
          <input semantic="POSITION" source="#mesh_1-position" />
        </vertices>
        <triangles material="default" count="6174">
          <input semantic="VERTEX" source="#mesh_1-vertices" offset="0" />
          <input semantic="TEXCOORD" source="#mesh_1-texcoord" offset="1" />
          <p>3405 3405 3403 3403 3404 3404 691 691 679 679 687 687 3406 3406 3404 3404 3408 3408 662 662 706 706 687 687 691 691 690 690 679 679 711 711 709 709 692 692 644 644 703 703 702 702 644 644 701 701 631 631 704 704 701 701 702 702 3403 3403 3405 3405 3407 3407 1048 1048 1049 1049 1050 1050 631 631 701 701 705 705 3401 3401 3402 3402 3403 3403 3409 3409 3406 3406 3408 3408 643 643 644 644 631 631 1050 1050 1049 1049 1060 1060 3402 3402 3404 3404 3403 3403 662 662 630 630 631 631 3404 3404 3406 3406 3405 3405 706 706 631 631 705 705 0 0 1 1 2 2 1059 1059 1050 1050 1060 1060 702 702 701 701 644 644 3399 3399 3401 3401 3400 3400 662 662 687 687 679 679 691 691 692 692 690 690 3398 3398 3399 3399 3400 3400 709 709 690 690 692 692 3403 3403 3407 3407 3401 3401 701 701 704 704 705 705 662 662 631 631 706 706 1058 1058 1059 1059 1060 1060 3401 3401 3399 3399 3402 3402 573 573 576 576 575 575 801 801 808 808 773 773 592 592 590 590 591 591 593 593 588 588 590 590 823 823 815 815 808 808 800 800 773 773 729 729 573 573 572 572 578 578 585 585 574 574 571 571 12 12 13 13 14 14 815 815 773 773 808 808 816 816 829 829 830 830 3652 3652 3631 3631 3632 3632 2084 2084 2081 2081 2083 2083 727 727 773 773 816 816 3611 3611 3632 3632 3610 3610 773 773 727 727 729 729 3509 3509 3510 3510 3511 3511 580 580 575 575 581 581 583 583 575 575 577 577 575 575 571 571 573 573 3622 3622 3621 3621 3623 3623 593 593 598 598 597 597 576 576 601 601 582 582 585 585 571 571 580 580 3207 3207 3208 3208 3209 3209 582 582 577 577 576 576 727 727 816 816 813 813 584 584 579 579 578 578 588 588 595 595 584 584 583 583 586 586 587 587 580 580 571 571 575 575 588 588 584 584 578 578 576 576 579 579 600 600 593 593 592 592 599 599 599 599 598 598 593 593 578 578 572 572 588 588 595 595 588 588 594 594 1838 1838 1835 1835 1837 1837 583 583 589 589 581 581 3609 3609 3606 3606 3608 3608 816 816 773 773 815 815 821 821 829 829 816 816 822 822 821 821 815 815 581 581 575 575 583 583 580 580 596 596 585 585 2077 2077 2080 2080 2078 2078 577 577 586 586 583 583 572 572 590 590 588 588 3632 3632 3611 3611 3652 3652 589 589 583 583 587 587 574 574 572 572 571 571 571 571 572 572 573 573 364 364 345 345 365 365 593 593 590 590 592 592 576 576 600 600 601 601 579 579 576 576 578 578 593 593 597 597 594 594 575 575 576 576 577 577 3606 3606 3609 3609 3610 3610 3609 3609 3612 3612 3611 3611 3611 3611 3610 3610 3609 3609 2077 2077 2078 2078 2079 2079 816 816 815 815 821 821 823 823 822 822 815 815 801 801 800 800 802 802 2081 2081 2082 2082 2083 2083 3606 3606 3605 3605 3608 3608 574 574 591 591 572 572 773 773 800 800 801 801 590 590 572 572 591 591 594 594 588 588 593 593 3605 3605 3606 3606 3607 3607 578 578 576 576 573 573 582 582 586 586 577 577 3774 3774 3766 3766 3771 3771 1638 1638 1636 1636 1630 1630 1631 1631 1634 1634 1632 1632 1646 1646 1653 1653 1644 1644 1631 1631 1630 1630 1636 1636 1635 1635 1632 1632 1634 1634 1640 1640 1636 1636 1638 1638 1642 1642 1633 1633 1632 1632 1644 1644 1648 1648 1640 1640 1639 1639 1644 1644 1638 1638 1638 1638 1644 1644 1640 1640 1639 1639 1638 1638 1630 1630 1644 1644 1643 1643 1646 1646 1637 1637 1631 1631 1636 1636 1633 1633 1642 1642 1641 1641 1642 1642 1635 1635 1647 1647 1630 1630 1633 1633 1639 1639 1633 1633 1630 1630 1632 1632 1643 1643 1644 1644 1639 1639 1630 1630 1631 1631 1632 1632 1633 1633 1641 1641 1639 1639 1631 1631 1645 1645 1634 1634 1645 1645 1631 1631 1637 1637 1635 1635 1642 1642 1632 1632 1643 1643 1639 1639 1641 1641 1653 1653 1648 1648 1644 1644 4580 4580 4581 4581 4568 4568 4783 4783 4832 4832 4794 4794 4783 4783 4782 4782 4832 4832 4568 4568 4570 4570 4580 4580 4571 4571 4570 4570 4567 4567 4568 4568 4582 4582 4572 4572 4574 4574 4569 4569 4584 4584 4567 4567 4566 4566 4569 4569 4568 4568 4567 4567 4570 4570 4576 4576 4569 4569 4566 4566 4568 4568 4572 4572 4566 4566 4569 4569 4574 4574 4573 4573 4581 4581 4582 4582 4568 4568 4573 4573 4575 4575 4567 4567 4502 4502 4501 4501 4529 4529 4578 4578 4577 4577 4566 4566 4569 4569 4583 4583 4584 4584 4723 4723 4724 4724 4725 4725 4566 4566 4572 4572 4578 4578 4573 4573 4567 4567 4569 4569 4670 4670 4668 4668 4669 4669 4566 4566 4567 4567 4568 4568 4575 4575 4571 4571 4567 4567 4576 4576 4583 4583 4569 4569 4579 4579 4577 4577 4578 4578 4576 4576 4566 4566 4577 4577 2212 2212 2213 2213 2211 2211 2209 2209 2217 2217 2216 2216 2215 2215 2210 2210 2209 2209 2213 2213 2214 2214 2211 2211 2216 2216 2215 2215 2209 2209 2209 2209 2210 2210 2211 2211 2214 2214 2213 2213 2226 2226 2209 2209 2211 2211 2217 2217 2212 2212 2211 2211 2210 2210 2214 2214 2217 2217 2211 2211 271 271 274 274 275 275 4211 4211 4213 4213 4212 4212 4210 4210 4211 4211 4212 4212 4213 4213 4215 4215 4235 4235 4211 4211 4214 4214 4213 4213 4235 4235 4215 4215 4217 4217 4213 4213 4214 4214 4215 4215 4215 4215 4214 4214 4216 4216 2034 2034 2033 2033 2032 2032 4215 4215 4216 4216 4217 4217 4216 4216 4218 4218 4217 4217 4214 4214 4221 4221 4222 4222 4274 4274 4275 4275 4276 4276 4276 4276 4275 4275 4277 4277 4222 4222 4224 4224 4225 4225 4222 4222 4221 4221 4223 4223 4221 4221 4243 4243 4223 4223 4222 4222 4223 4223 4224 4224 4241 4241 4212 4212 4240 4240 4241 4241 4210 4210 4212 4212 4240 4240 4212 4212 4238 4238 4212 4212 4237 4237 4238 4238 4235 4235 4236 4236 4212 4212 4212 4212 4213 4213 4235 4235 4211 4211 4220 4220 4214 4214 4218 4218 4219 4219 4217 4217 4220 4220 4221 4221 4214 4214 2033 2033 2030 2030 2032 2032 2030 2030 2029 2029 2032 2032 2030 2030 2028 2028 2029 2029 2028 2028 2020 2020 2029 2029 2020 2020 2022 2022 2029 2029 2022 2022 2031 2031 2029 2029 3391 3391 3392 3392 3385 3385 3391 3391 3385 3385 3384 3384 3384 3384 3383 3383 3390 3390 4223 4223 4226 4226 4224 4224 3390 3390 3383 3383 3380 3380 3390 3390 3380 3380 3393 3393 4224 4224 4226 4226 4227 4227 4245 4245 4209 4209 4241 4241 4245 4245 4241 4241 4242 4242 2962 2962 2960 2960 2961 2961 4207 4207 4172 4172 4208 4208 4207 4207 4154 4154 4172 4172 4209 4209 4208 4208 4210 4210 4209 4209 4210 4210 4241 4241 4237 4237 4239 4239 4238 4238 4208 4208 4244 4244 4211 4211 4208 4208 4211 4211 4210 4210 4237 4237 4236 4236 4239 4239 2665 2665 2664 2664 2662 2662 2666 2666 2665 2665 2662 2662 4244 4244 4230 4230 4211 4211 4230 4230 4220 4220 4211 4211 2020 2020 2021 2021 2022 2022 2022 2022 2023 2023 2031 2031 4220 4220 4234 4234 4221 4221 3385 3385 3381 3381 3384 3384 3381 3381 3382 3382 3383 3383 3383 3383 3382 3382 3380 3380 4226 4226 4228 4228 4227 4227 2723 2723 2721 2721 2717 2717 2732 2732 2755 2755 2750 2750 2723 2723 2724 2724 2721 2721 2721 2721 2718 2718 2717 2717 2961 2961 2960 2960 2959 2959 4207 4207 4208 4208 4209 4209 4151 4151 4153 4153 4154 4154 4154 4154 4153 4153 4172 4172 2233 2233 2232 2232 2228 2228 4151 4151 4147 4147 4153 4153 2231 2231 2240 2240 2229 2229 2229 2229 2240 2240 2239 2239 4208 4208 4172 4172 4244 4244 2664 2664 2658 2658 2662 2662 2658 2658 2660 2660 2662 2662 2662 2662 2660 2660 2663 2663 4153 4153 4163 4163 4172 4172 4163 4163 4171 4171 4172 4172 4172 4172 4171 4171 4244 4244 4251 4251 4252 4252 4253 4253 913 913 906 906 920 920 2028 2028 2027 2027 2020 2020 2020 2020 2027 2027 2021 2021 2022 2022 2021 2021 2023 2023 4230 4230 4231 4231 4220 4220 4230 4230 4232 4232 4231 4231 4220 4220 4231 4231 4234 4234 984 984 981 981 947 947 3385 3385 3386 3386 3381 3381 3386 3386 3387 3387 3381 3381 3387 3387 3388 3388 3381 3381 3388 3388 3389 3389 3382 3382 4232 4232 4233 4233 4231 4231 539 539 556 556 558 558 4231 4231 4233 4233 4247 4247 4231 4231 4247 4247 4234 4234 4227 4227 4228 4228 4229 4229 3380 3380 3377 3377 3379 3379 3382 3382 3377 3377 3380 3380 4247 4247 4233 4233 4248 4248 2750 2750 2724 2724 2726 2726 2717 2717 2718 2718 2719 2719 4162 4162 4149 4149 4151 4151 2718 2718 2720 2720 2719 2719 2958 2958 2955 2955 2956 2956 2436 2436 2434 2434 2431 2431 2960 2960 2958 2958 2959 2959 2959 2959 2958 2958 2956 2956 4149 4149 4147 4147 4151 4151 2660 2660 2669 2669 2663 2663 4147 4147 4163 4163 4153 4153 4147 4147 4159 4159 4163 4163 4163 4163 4170 4170 4171 4171 4253 4253 4252 4252 4254 4254 947 947 976 976 948 948 976 976 977 977 948 948 2321 2321 2317 2317 2319 2319 2322 2322 2321 2321 2319 2319 948 948 977 977 979 979 3389 3389 3377 3377 3382 3382 3377 3377 3378 3378 3379 3379 558 558 556 556 559 559 2321 2321 2323 2323 2317 2317 4233 4233 4249 4249 4248 4248 2737 2737 2753 2753 2735 2735 2433 2433 2432 2432 2431 2431 2434 2434 2433 2433 2431 2431 2956 2956 2955 2955 2952 2952 2431 2431 2430 2430 2437 2437 2658 2658 2659 2659 2660 2660 4163 4163 4159 4159 4170 4170 523 523 505 505 522 522 523 523 522 522 539 539 3011 3011 3008 3008 3012 3012 2027 2027 2026 2026 2021 2021 2021 2021 2026 2026 2024 2024 2021 2021 2024 2024 2023 2023 2023 2023 2024 2024 2025 2025 539 539 540 540 543 543 2323 2323 2315 2315 2317 2317 559 559 561 561 562 562 562 562 561 561 563 563 1541 1541 1549 1549 1548 1548 3695 3695 3688 3688 3694 3694 1548 1548 1549 1549 1550 1550 3694 3694 3688 3688 3684 3684 3694 3694 3684 3684 3698 3698 1549 1549 1551 1551 1550 1550 989 989 988 988 924 924 927 927 924 924 986 986 2432 2432 2427 2427 2431 2431 2427 2427 2430 2430 2431 2431 2430 2430 2438 2438 2437 2437 4148 4148 4147 4147 4149 4149 4146 4146 4147 4147 4148 4148 2557 2557 2558 2558 2559 2559 2565 2565 2559 2559 2564 2564 4147 4147 4152 4152 4157 4157 2660 2660 2659 2659 2661 2661 2660 2660 2661 2661 2669 2669 4147 4147 4157 4157 4159 4159 539 539 522 522 540 540 3011 3011 3009 3009 3008 3008 543 543 557 557 556 556 556 556 557 557 560 560 556 556 560 560 559 559 559 559 560 560 561 561 562 562 563 563 567 567 2323 2323 2324 2324 2315 2315 1820 1820 1821 1821 1819 1819 1522 1522 1521 1521 1520 1520 1522 1522 1520 1520 1523 1523 1538 1538 1539 1539 1541 1541 1541 1541 1548 1548 1544 1544 1822 1822 1821 1821 1820 1820 1539 1539 1540 1540 1541 1541 3693 3693 3692 3692 3688 3688 2249 2249 2244 2244 2250 2250 1822 1822 1823 1823 1821 1821 1521 1521 1528 1528 1519 1519 1521 1521 1519 1519 1520 1520 1519 1519 1516 1516 1520 1520 3688 3688 3687 3687 3684 3684 2244 2244 2246 2246 2250 2250 2250 2250 2246 2246 2254 2254 1528 1528 1535 1535 1527 1527 1528 1528 1527 1527 1519 1519 1527 1527 1517 1517 1519 1519 1519 1519 1517 1517 1516 1516 3437 3437 3434 3434 3438 3438 1535 1535 1547 1547 1527 1527 3684 3684 3686 3686 3698 3698 4162 4162 4158 4158 4149 4149 3437 3437 3440 3440 3435 3435 3437 3437 3435 3435 3434 3434 2438 2438 2439 2439 2437 2437 2952 2952 2955 2955 2953 2953 2952 2952 2953 2953 2954 2954 2955 2955 2957 2957 2953 2953 4150 4150 4148 4148 4149 4149 4146 4146 4161 4161 4152 4152 4146 4146 4152 4152 4147 4147 2659 2659 2667 2667 2661 2661 501 501 502 502 503 503 503 503 502 502 504 504 503 503 504 504 505 505 505 505 504 504 522 522 2314 2314 2315 2315 2316 2316 1816 1816 1819 1819 1817 1817 1522 1522 1523 1523 1526 1526 1526 1526 1523 1523 1538 1538 1526 1526 1538 1538 1544 1544 2249 2249 2248 2248 2242 2242 1523 1523 1520 1520 1524 1524 1523 1523 1524 1524 1538 1538 1524 1524 1539 1539 1538 1538 3697 3697 3692 3692 3693 3693 3692 3692 3687 3687 3688 3688 2249 2249 2242 2242 2244 2244 3687 3687 3685 3685 3684 3684 1412 1412 1408 1408 1406 1406 1412 1412 1406 1406 1407 1407 1516 1516 1517 1517 1518 1518 3684 3684 3685 3685 3686 3686 1518 1518 1517 1517 1537 1537 1518 1518 1537 1537 1546 1546 1537 1537 1543 1543 1546 1546 3685 3685 3689 3689 3686 3686 1547 1547 1536 1536 1527 1527 1527 1527 1536 1536 1517 1517 1517 1517 1536 1536 1537 1537 988 988 990 990 986 986 1536 1536 1542 1542 1537 1537 1537 1537 1542 1542 1543 1543 3686 3686 3680 3680 3683 3683 3686 3686 3689 3689 3680 3680 3680 3680 3682 3682 3683 3683 2427 2427 2428 2428 2429 2429 2427 2427 2429 2429 2430 2430 2430 2430 2429 2429 2438 2438 4156 4156 4148 4148 4150 4150 4155 4155 4146 4146 4148 4148 2558 2558 2561 2561 2559 2559 2667 2667 2668 2668 2661 2661 2315 2315 2320 2320 2316 2316 560 560 565 565 561 561 2315 2315 2324 2324 2320 2320 563 563 561 561 564 564 563 563 564 564 567 567 2253 2253 2252 2252 2255 2255 3202 3202 3203 3203 3204 3204 3697 3697 3699 3699 3692 3692 1524 1524 1516 1516 1525 1525 1516 1516 1518 1518 1529 1529 1516 1516 1529 1529 1525 1525 1518 1518 1532 1532 1529 1529 3685 3685 3696 3696 3691 3691 4173 4173 4150 4150 4160 4160 1406 1406 1395 1395 1407 1407 3685 3685 3691 3691 3689 3689 1395 1395 1397 1397 1407 1407 1407 1407 1397 1397 1411 1411 1397 1397 1405 1405 1411 1411 1397 1397 1402 1402 1405 1405 1405 1405 1402 1402 1404 1404 1405 1405 1404 1404 1415 1415 4173 4173 4156 4156 4150 4150 2438 2438 2429 2429 2439 2439 4156 4156 4155 4155 4148 4148 4155 4155 4161 4161 4146 4146 502 502 542 542 504 504 561 561 565 565 564 564 2251 2251 2243 2243 2248 2248 2248 2248 2243 2243 2242 2242 2242 2242 2243 2243 2244 2244 2243 2243 2245 2245 2244 2244 1529 1529 1530 1530 1525 1525 1529 1529 1531 1531 1530 1530 2244 2244 2245 2245 2246 2246 2744 2744 2752 2752 2741 2741 1532 1532 1531 1531 1529 1529 1408 1408 1399 1399 1406 1406 1532 1532 1533 1533 1531 1531 3504 3504 3503 3503 3502 3502 1406 1406 1399 1399 1395 1395 3691 3691 3690 3690 3689 3689 4255 4255 4258 4258 4256 4256 4255 4255 4256 4256 4257 4257 3689 3689 3681 3681 3680 3680 4180 4180 4179 4179 4181 4181 3680 3680 3681 3681 3682 3682 4178 4178 4184 4184 4176 4176 4174 4174 4155 4155 4156 4156 4184 4184 4250 4250 4176 4176 4178 4178 4250 4250 4184 4184 4155 4155 4164 4164 4161 4161 499 499 498 498 500 500 500 500 498 498 501 501 501 501 498 498 502 502 565 565 566 566 564 564 4266 4266 4267 4267 4264 4264 4266 4266 4264 4264 4263 4263 4264 4264 4261 4261 4263 4263 4261 4261 4260 4260 4263 4263 4261 4261 4255 4255 4260 4260 4255 4255 4259 4259 4260 4260 1534 1534 1533 1533 1552 1552 4205 4205 4204 4204 4206 4206 4205 4205 4195 4195 4204 4204 4265 4265 4255 4255 4261 4261 4255 4255 4257 4257 4259 4259 1395 1395 1396 1396 1397 1397 1397 1397 1396 1396 1400 1400 1397 1397 1400 1400 1401 1401 4272 4272 4271 4271 4270 4270 4270 4270 4262 4262 4265 4265 4265 4265 4262 4262 4255 4255 4180 4180 4187 4187 4186 4186 4270 4270 4271 4271 4262 4262 4262 4262 4258 4258 4255 4255 4188 4188 4199 4199 4198 4198 4271 4271 4273 4273 4262 4262 4179 4179 4180 4180 4178 4178 4179 4179 4178 4178 4177 4177 4178 4178 4180 4180 4182 4182 4175 4175 4174 4174 4156 4156 4178 4178 4182 4182 4183 4183 4178 4178 4183 4183 4250 4250 4174 4174 4250 4250 4169 4169 4174 4174 4166 4166 4155 4155 4278 4278 4279 4279 4280 4280 4161 4161 4164 4164 4168 4168 4266 4266 4268 4268 4267 4267 2749 2749 2751 2751 2744 2744 4195 4195 4190 4190 4187 4187 4195 4195 4187 4187 4201 4201 4201 4201 4202 4202 4195 4195 4195 4195 4202 4202 4204 4204 4191 4191 4192 4192 4189 4189 4191 4191 4189 4189 4190 4190 1399 1399 1398 1398 1395 1395 1395 1395 1398 1398 1396 1396 4189 4189 4187 4187 4190 4190 1400 1400 1409 1409 1401 1401 1401 1401 1409 1409 1403 1403 3672 3672 3676 3676 3675 3675 4189 4189 4188 4188 4187 4187 4187 4187 4188 4188 4186 4186 3548 3548 3549 3549 3550 3550 3548 3548 3551 3551 3549 3549 3551 3551 3555 3555 3579 3579 3555 3555 3558 3558 3579 3579 4198 4198 4185 4185 4197 4197 3579 3579 3558 3558 3580 3580 4185 4185 4180 4180 4186 4186 4197 4197 4185 4185 4186 4186 4185 4185 4182 4182 4180 4180 4166 4166 4165 4165 4155 4155 4155 4155 4165 4165 4164 4164 4269 4269 4267 4267 4268 4268 4200 4200 4193 4193 4195 4195 4196 4196 4194 4194 4193 4193 4193 4193 4194 4194 4191 4191 4191 4191 4190 4190 4193 4193 4193 4193 4190 4190 4195 4195 1399 1399 1413 1413 1398 1398 1396 1396 1409 1409 1400 1400 3552 3552 3551 3551 3548 3548 4188 4188 4197 4197 4186 4186 3558 3558 3559 3559 3580 3580 570 570 568 568 569 569 569 569 568 568 516 516 4166 4166 4167 4167 4165 4165 4165 4165 4168 4168 4164 4164 496 496 497 497 498 498 496 496 498 498 499 499 516 516 512 512 513 513 4547 4547 4548 4548 4546 4546 4545 4545 4547 4547 4546 4546 4547 4547 4559 4559 4548 4548 3848 3848 3850 3850 3856 3856 3851 3851 3850 3850 3849 3849 3849 3849 3850 3850 3848 3848 3554 3554 3553 3553 3552 3552 3554 3554 3562 3562 3553 3553 3553 3553 3555 3555 3551 3551 3552 3552 3553 3553 3551 3551 3558 3558 3557 3557 3559 3559 3557 3557 3577 3577 3559 3559 498 498 546 546 502 502 516 516 541 541 512 512 513 513 512 512 511 511 4545 4545 4546 4546 4544 4544 4525 4525 4526 4526 4523 4523 4523 4523 4526 4526 4547 4547 4523 4523 4547 4547 4545 4545 4525 4525 4552 4552 4526 4526 4552 4552 4547 4547 4526 4526 4547 4547 4552 4552 4559 4559 4552 4552 4564 4564 4559 4559 3846 3846 3856 3856 4030 4030 3848 3848 3844 3844 3849 3849 1487 1487 1477 1477 1486 1486 3576 3576 3573 3573 3554 3554 3573 3573 3572 3572 3566 3566 3573 3573 3566 3566 3554 3554 3566 3566 3562 3562 3554 3554 3562 3562 3561 3561 3553 3553 3561 3561 3556 3556 3553 3553 3553 3553 3556 3556 3555 3555 3572 3572 3565 3565 3566 3566 3565 3565 3562 3562 3566 3566 3556 3556 3557 3557 3555 3555 3555 3555 3557 3557 3558 3558 3556 3556 3560 3560 3557 3557 3557 3557 3578 3578 3577 3577 3565 3565 3564 3564 3562 3562 3564 3564 3563 3563 3562 3562 3562 3562 3563 3563 3561 3561 496 496 506 506 497 497 541 541 514 514 512 512 509 509 508 508 496 496 4543 4543 4544 4544 4542 4542 4521 4521 4524 4524 4523 4523 4524 4524 4525 4525 4523 4523 4556 4556 4525 4525 4524 4524 4556 4556 4561 4561 4525 4525 4561 4561 4557 4557 4525 4525 4525 4525 4557 4557 4552 4552 4718 4718 4719 4719 4721 4721 4565 4565 4564 4564 4552 4552 4719 4719 4720 4720 4722 4722 3837 3837 3834 3834 3836 3836 3836 3836 3834 3834 3835 3835 1477 1477 1487 1487 1485 1485 1477 1477 1471 1471 1486 1486 3561 3561 3574 3574 3556 3556 3556 3556 3574 3574 3560 3560 528 528 527 527 541 541 3557 3557 3560 3560 3578 3578 3563 3563 3571 3571 3561 3561 512 512 510 510 511 511 510 510 508 508 509 509 511 511 510 510 509 509 496 496 508 508 506 506 3565 3565 3568 3568 3564 3564 3564 3564 3567 3567 3563 3563 4521 4521 4523 4523 4522 4522 4522 4522 4523 4523 4543 4543 4707 4707 4706 4706 4718 4718 4706 4706 4719 4719 4718 4718 1465 1465 1471 1471 1477 1477 1465 1465 1459 1459 1471 1471 1459 1459 1458 1458 1479 1479 1459 1459 1479 1479 1471 1471 1994 1994 1997 1997 2000 2000 527 527 514 514 541 541 497 497 519 519 498 498 3575 3575 3568 3568 3565 3565 514 514 510 510 512 512 510 510 518 518 508 508 3568 3568 3569 3569 3564 3564 3569 3569 3567 3567 3564 3564 3563 3563 3567 3567 3570 3570 4530 4530 4522 4522 4543 4543 4543 4543 4542 4542 4530 4530 4514 4514 4524 4524 4521 4521 4524 4524 4558 4558 4556 4556 4714 4714 4705 4705 4707 4707 4705 4705 4703 4703 4707 4707 4707 4707 4703 4703 4706 4706 4706 4706 4720 4720 4719 4719 3837 3837 3831 3831 3834 3834 1465 1465 1461 1461 1459 1459 528 528 526 526 527 527 527 527 526 526 517 517 507 507 519 519 497 497 506 506 507 507 497 497 544 544 529 529 532 532 520 520 507 507 508 508 1444 1444 1425 1425 1446 1446 4520 4520 4530 4530 4531 4531 4530 4530 4542 4542 4531 4531 4514 4514 4521 4521 4515 4515 4515 4515 4521 4521 4520 4520 4521 4521 4522 4522 4520 4520 4520 4520 4522 4522 4530 4530 3165 3165 3157 3157 3173 3173 4513 4513 4524 4524 4514 4514 4513 4513 4558 4558 4524 4524 4715 4715 4705 4705 4714 4714 4715 4715 4708 4708 4705 4705 4703 4703 4702 4702 4706 4706 4739 4739 4736 4736 4734 4734 4739 4739 4734 4734 4735 4735 4726 4726 4727 4727 4728 4728 4728 4728 4727 4727 4729 4729 1468 1468 1461 1461 1465 1465 1459 1459 1452 1452 1458 1458 532 532 529 529 528 528 528 528 529 529 526 526 527 527 517 517 514 514 514 514 517 517 515 515 514 514 515 515 510 510 510 510 515 515 518 518 1422 1422 1444 1444 1448 1448 1994 1994 1989 1989 1997 1997 1422 1422 1425 1425 1444 1444 1993 1993 1989 1989 1994 1994 1999 1999 1993 1993 1994 1994 1446 1446 1425 1425 1443 1443 2002 2002 2001 2001 1999 1999 2001 2001 1998 1998 1999 1999 3165 3165 3161 3161 3157 3157 4513 4513 4560 4560 4558 4558 4712 4712 4709 4709 4715 4715 4709 4709 4708 4708 4715 4715 4705 4705 4698 4698 4703 4703 4734 4734 4730 4730 4735 4735 1461 1461 1452 1452 1459 1459 1452 1452 1455 1455 1458 1458 518 518 521 521 520 520 4532 4532 4520 4520 4533 4533 4520 4520 4531 4531 4533 4533 1458 1458 1455 1455 1462 1462 515 515 521 521 518 518 4532 4532 4519 4519 4520 4520 4516 4516 4515 4515 4519 4519 4511 4511 4514 4514 4492 4492 4492 4492 4514 4514 4515 4515 4519 4519 4515 4515 4520 4520 4511 4511 4513 4513 4514 4514 1999 1999 1998 1998 1993 1993 208 208 210 210 250 250 206 206 207 207 208 208 208 208 209 209 210 210 208 208 207 207 209 209 219 219 220 220 209 209 207 207 219 219 209 209 4709 4709 4701 4701 4708 4708 4708 4708 4701 4701 4705 4705 4701 4701 4698 4698 4705 4705 4698 4698 4702 4702 4703 4703 4532 4532 4533 4533 4534 4534 520 520 547 547 507 507 519 519 549 549 551 551 525 525 524 524 517 517 4492 4492 4515 4515 4516 4516 531 531 530 530 529 529 529 529 530 530 526 526 517 517 524 524 515 515 515 515 524 524 521 521 252 252 250 250 272 272 4488 4488 4510 4510 4511 4511 208 208 250 250 252 252 4511 4511 4510 4510 4513 4513 1425 1425 1432 1432 1443 1443 1998 1998 1996 1996 1993 1993 4680 4680 4679 4679 4684 4684 4510 4510 4560 4560 4513 4513 4712 4712 4710 4710 4709 4709 4709 4709 4710 4710 4701 4701 4698 4698 4700 4700 4702 4702 4736 4736 4737 4737 4733 4733 4736 4736 4733 4733 4734 4734 4734 4734 4733 4733 4730 4730 4730 4730 4733 4733 4731 4731 4730 4730 4731 4731 4732 4732 891 891 892 892 923 923 923 923 893 893 949 949 4535 4535 4532 4532 4534 4534 4487 4487 4488 4488 4489 4489 4488 4488 4492 4492 4489 4489 4517 4517 4492 4492 4516 4516 521 521 548 548 547 547 4487 4487 4486 4486 4488 4488 530 530 533 533 526 526 526 526 533 533 525 525 526 526 525 525 517 517 524 524 548 548 521 521 4488 4488 4511 4511 4492 4492 4462 4462 4463 4463 4454 4454 3005 3005 3003 3003 3002 3002 4486 4486 4508 4508 4488 4488 4488 4488 4508 4508 4510 4510 1807 1807 1814 1814 1810 1810 4678 4678 4679 4679 4680 4680 1996 1996 1992 1992 1993 1993 3161 3161 3178 3178 3158 3158 3161 3161 3158 3158 3157 3157 3157 3157 3166 3166 3189 3189 205 205 207 207 206 206 205 205 222 222 207 207 207 207 222 222 219 219 4710 4710 4711 4711 4701 4701 4701 4701 4699 4699 4698 4698 219 219 222 222 220 220 222 222 224 224 220 220 4700 4700 4704 4704 4702 4702 4518 4518 4487 4487 4489 4489 4489 4489 4517 4517 4518 4518 4528 4528 4532 4532 4535 4535 4516 4516 4519 4519 4528 4528 4528 4528 4519 4519 4532 4532 4487 4487 4484 4484 4486 4486 533 533 536 536 537 537 533 533 537 537 525 525 525 525 552 552 524 524 524 524 552 552 548 548 531 531 534 534 533 533 531 531 533 533 530 530 4484 4484 4483 4483 4486 4486 535 535 534 534 531 531 4497 4497 4498 4498 4494 4494 4498 4498 4505 4505 4494 4494 4494 4494 4505 4505 4493 4493 4493 4493 4505 4505 4490 4490 4674 4674 4652 4652 4676 4676 4676 4676 4658 4658 4673 4673 4482 4482 4509 4509 4483 4483 1421 1421 1420 1420 1422 1422 256 256 251 251 252 252 4505 4505 4506 4506 4490 4490 4674 4674 4649 4649 4650 4650 4674 4674 4650 4650 4652 4652 4483 4483 4509 4509 4486 4486 4486 4486 4509 4509 4508 4508 251 251 208 208 252 252 1422 1422 1424 1424 1425 1425 4498 4498 4512 4512 4505 4505 4673 4673 4677 4677 4678 4678 4678 4678 4677 4677 4679 4679 1153 1153 1155 1155 1140 1140 203 203 205 205 206 206 4712 4712 4717 4717 4710 4710 223 223 222 222 205 205 4711 4711 4699 4699 4701 4701 4698 4698 4699 4699 4700 4700 4737 4737 4738 4738 4733 4733 4537 4537 4540 4540 4535 4535 4527 4527 4487 4487 4518 4518 4518 4518 4517 4517 4516 4516 4518 4518 4516 4516 4528 4528 4540 4540 4528 4528 4535 4535 4538 4538 4487 4487 4527 4527 4538 4538 4484 4484 4487 4487 4496 4496 4494 4494 4495 4495 4495 4495 4494 4494 4491 4491 4491 4491 4494 4494 4493 4493 4493 4493 4490 4490 4491 4491 4491 4491 4490 4490 4485 4485 4482 4482 4484 4484 4485 4485 265 265 252 252 273 273 4496 4496 4497 4497 4494 4494 4490 4490 4482 4482 4485 4485 4482 4482 4483 4483 4484 4484 536 536 538 538 537 537 265 265 256 256 252 252 534 534 536 536 533 533 4500 4500 4499 4499 4497 4497 4497 4497 4499 4499 4498 4498 4676 4676 4652 4652 4658 4658 1422 1422 1420 1420 1424 1424 1991 1991 1992 1992 1995 1995 1146 1146 1147 1147 1140 1140 4498 4498 4499 4499 4512 4512 4659 4659 4660 4660 4675 4675 4649 4649 4648 4648 4650 4650 4650 4650 4648 4648 4651 4651 4650 4650 4651 4651 4652 4652 4502 4502 4504 4504 4500 4500 4504 4504 4507 4507 4500 4500 4500 4500 4507 4507 4499 4499 4659 4659 4653 4653 4660 4660 4660 4660 4653 4653 4656 4656 4656 4656 4653 4653 4646 4646 4656 4656 4646 4646 4649 4649 4646 4646 4648 4648 4649 4649 1425 1425 1424 1424 1432 1432 4675 4675 4671 4671 4659 4659 4677 4677 4681 4681 4679 4679 4681 4681 4683 4683 4679 4679 4717 4717 4716 4716 4710 4710 203 203 204 204 205 205 4716 4716 4713 4713 4710 4710 4713 4713 4711 4711 4710 4710 204 204 223 223 205 205 223 223 229 229 222 222 229 229 224 224 222 222 4742 4742 4741 4741 4737 4737 246 246 247 247 224 224 4731 4731 4798 4798 4732 4732 4495 4495 4491 4491 4549 4549 4549 4549 4491 4491 4551 4551 4491 4491 4485 4485 4551 4551 4539 4539 4484 4484 4538 4538 537 537 538 538 554 554 264 264 251 251 265 265 265 265 251 251 256 256 1133 1133 1132 1132 1134 1134 253 253 203 203 251 251 4501 4501 4502 4502 4500 4500 253 253 198 198 203 203 234 234 235 235 228 228 4652 4652 4657 4657 4658 4658 4658 4658 4657 4657 4673 4673 243 243 235 235 234 234 4663 4663 4662 4662 4648 4648 4648 4648 4662 4662 4651 4651 4652 4652 4651 4651 4657 4657 4673 4673 4657 4657 4677 4677 4653 4653 4647 4647 4646 4646 4646 4646 4647 4647 4648 4648 4657 4657 4682 4682 4677 4677 4653 4653 4654 4654 4647 4647 4677 4677 4682 4682 4681 4681 3178 3178 3164 3164 3158 3158 4671 4671 4666 4666 4659 4659 3158 3158 3156 3156 3157 3157 3157 3157 3154 3154 3166 3166 4670 4670 4669 4669 4671 4671 4669 4669 4666 4666 4671 4671 204 204 230 230 223 223 230 230 229 229 223 223 230 230 241 241 229 229 229 229 246 246 224 224 4737 4737 4741 4741 4738 4738 4080 4080 4079 4079 4081 4081 270 270 283 283 284 284 1466 1466 1449 1449 1461 1461 281 281 265 265 273 273 285 285 273 273 272 272 226 226 215 215 255 255 1122 1122 1121 1121 1127 1127 4503 4503 4497 4497 4496 4496 226 226 216 216 215 215 264 264 253 253 251 251 4503 4503 4501 4501 4497 4497 226 226 227 227 216 216 234 234 228 228 227 227 227 227 228 228 216 216 4662 4662 4657 4657 4651 4651 4657 4657 4662 4662 4685 4685 198 198 196 196 203 203 4647 4647 4665 4665 4663 4663 4647 4647 4663 4663 4648 4648 243 243 236 236 235 235 4659 4659 4655 4655 4653 4653 4653 4653 4655 4655 4654 4654 4753 4753 4751 4751 4752 4752 4752 4752 4751 4751 4749 4749 3158 3158 3164 3164 3156 3156 4659 4659 4666 4666 4655 4655 4749 4749 4747 4747 4748 4748 3156 3156 3154 3154 3157 3157 196 196 204 204 203 203 196 196 202 202 204 204 4666 4666 4669 4669 4668 4668 204 204 202 202 230 230 241 241 246 246 229 229 4790 4790 4798 4798 4740 4740 1472 1472 1470 1470 1466 1466 270 270 267 267 283 283 270 270 268 268 267 267 268 268 255 255 267 267 264 264 265 265 281 281 4555 4555 4503 4503 4496 4496 1452 1452 1451 1451 1455 1455 1455 1455 1451 1451 1456 1456 255 255 254 254 267 267 259 259 253 253 263 263 263 263 253 253 264 264 4501 4501 4503 4503 4529 4529 1421 1421 1417 1417 1420 1420 254 254 215 215 213 213 259 259 198 198 253 253 4463 4463 4464 4464 4459 4459 197 197 198 198 259 259 1420 1420 1426 1426 1424 1424 216 216 214 214 215 215 215 215 214 214 213 213 197 197 196 196 198 198 228 228 231 231 216 216 195 195 196 196 197 197 4663 4663 4686 4686 4662 4662 4662 4662 4686 4686 4685 4685 4657 4657 4685 4685 4682 4682 195 195 202 202 196 196 4685 4685 4687 4687 4682 4682 4749 4749 4751 4751 4747 4747 236 236 232 232 235 235 235 235 232 232 228 228 228 228 232 232 231 231 4655 4655 4661 4661 4654 4654 4654 4654 4664 4664 4647 4647 3154 3154 3167 3167 3166 3166 3154 3154 3153 3153 3167 3167 195 195 211 211 202 202 4748 4748 4747 4747 4745 4745 4668 4668 4667 4667 4666 4666 211 211 238 238 202 202 4743 4743 4745 4745 4744 4744 202 202 240 240 230 230 240 240 241 241 230 230 4800 4800 4790 4790 4788 4788 4079 4079 4080 4080 4076 4076 293 293 283 283 288 288 283 283 282 282 288 288 283 283 267 267 282 282 3804 3804 3806 3806 3803 3803 1449 1449 1451 1451 1452 1452 280 280 264 264 281 281 1122 1122 1078 1078 1082 1082 4563 4563 4529 4529 4503 4503 1136 1136 1128 1128 1124 1124 249 249 200 200 257 257 254 254 213 213 249 249 249 249 213 213 200 200 258 258 197 197 259 259 257 257 200 200 258 258 258 258 200 200 197 197 1420 1420 1419 1419 1426 1426 213 213 214 214 201 201 213 213 201 201 200 200 201 201 199 199 200 200 200 200 199 199 197 197 199 199 195 195 197 197 4663 4663 4689 4689 4686 4686 4665 4665 4689 4689 4663 4663 231 231 225 225 216 216 216 216 225 225 221 221 216 216 221 221 214 214 214 214 221 221 201 201 201 201 212 212 199 199 199 199 212 212 195 195 4647 4647 4664 4664 4665 4665 3154 3154 3156 3156 3155 3155 232 232 233 233 231 231 231 231 233 233 225 225 221 221 218 218 201 201 201 201 217 217 212 212 4661 4661 4664 4664 4654 4654 3154 3154 3151 3151 3153 3153 218 218 217 217 201 201 212 212 211 211 195 195 4776 4776 4803 4803 4786 4786 217 217 211 211 212 212 4666 4666 4667 4667 4661 4661 242 242 238 238 211 211 238 238 239 239 202 202 4786 4786 4803 4803 4800 4800 202 202 239 239 240 240 4786 4786 4800 4800 4788 4788 4800 4800 4801 4801 4799 4799 3182 3182 3148 3148 3185 3185 3750 3750 3749 3749 3746 3746 3807 3807 3806 3806 3804 3804 4621 4621 4640 4640 4637 4637 4590 4590 4633 4633 4640 4640 1123 1123 1083 1083 1101 1101 282 282 267 267 269 269 266 266 263 263 280 280 261 261 263 263 266 266 1078 1078 1079 1079 1082 1082 267 267 254 254 269 269 259 259 263 263 261 261 254 254 249 249 269 269 269 269 249 249 271 271 249 249 262 262 271 271 249 249 257 257 262 262 261 261 260 260 259 259 262 262 257 257 260 260 258 258 259 259 260 260 1417 1417 1419 1419 1420 1420 257 257 258 258 260 260 4460 4460 4451 4451 4459 4459 4464 4464 4460 4460 4459 4459 1424 1424 1426 1426 1432 1432 4837 4837 4840 4840 4845 4845 4840 4840 4830 4830 4751 4751 4830 4830 4750 4750 4751 4751 225 225 237 237 221 221 221 221 237 237 218 218 3154 3154 3155 3155 3151 3151 3153 3153 3151 3151 3152 3152 3153 3153 3152 3152 3167 3167 232 232 248 248 233 233 3192 3192 3152 3152 3150 3150 217 217 242 242 211 211 3186 3186 3170 3170 3174 3174 3181 3181 3174 3174 3131 3131 3181 3181 3175 3175 3183 3183 3183 3183 3175 3175 3182 3182 3175 3175 3146 3146 3182 3182 3182 3182 3146 3146 3148 3148 282 282 286 286 287 287 1449 1449 1450 1450 1451 1451 1078 1078 1077 1077 1079 1079 1079 1079 1081 1081 1082 1082 1082 1082 1081 1081 1083 1083 269 269 271 271 275 275 4638 4638 4641 4641 4619 4619 274 274 262 262 260 260 4464 4464 4465 4465 4460 4460 4808 4808 4807 4807 4806 4806 4689 4689 4696 4696 4686 4686 4686 4686 4696 4696 4697 4697 4846 4846 4837 4837 4845 4845 4830 4830 4780 4780 4750 4750 4665 4665 4695 4695 4689 4689 4837 4837 4830 4830 4840 4840 4694 4694 4695 4695 4665 4665 3156 3156 3160 3160 3155 3155 225 225 244 244 237 237 225 225 233 233 244 244 3191 3191 3176 3176 3190 3190 4667 4667 4688 4688 4661 4661 218 218 245 245 217 217 4672 4672 4692 4692 4688 4688 4672 4672 4688 4688 4667 4667 245 245 242 242 217 217 3131 3131 3175 3175 3181 3181 3131 3131 3141 3141 3175 3175 4108 4108 4107 4107 4104 4104 4104 4104 4106 4106 4105 4105 282 282 269 269 286 286 4605 4605 4626 4626 4606 4606 269 269 275 275 276 276 1083 1083 1081 1081 1101 1101 276 276 275 275 274 274 276 276 274 274 277 277 1074 1074 1077 1077 1078 1078 274 274 260 260 277 277 277 277 260 260 278 278 278 278 260 260 261 261 1116 1116 1075 1075 1074 1074 4807 4807 4809 4809 4818 4818 4689 4689 4695 4695 4696 4696 4836 4836 4819 4819 4837 4837 4819 4819 4779 4779 4837 4837 4837 4837 4779 4779 4830 4830 3164 3164 3163 3163 3156 3156 4664 4664 4694 4694 4665 4665 3156 3156 3163 3163 3160 3160 4691 4691 4693 4693 4661 4661 4688 4688 4691 4691 4661 4661 3169 3169 3168 3168 3191 3191 3191 3191 3168 3168 3176 3176 3152 3152 3151 3151 3140 3140 3152 3152 3140 3140 3150 3150 3172 3172 3171 3171 3187 3187 3187 3187 3170 3170 3186 3186 3142 3142 3147 3147 3175 3175 3175 3175 3147 3147 3146 3146 4626 4626 4630 4630 4606 4606 1081 1081 1102 1102 1101 1101 278 278 261 261 279 279 1070 1070 1080 1080 1077 1077 1077 1077 1080 1080 1079 1079 1079 1079 1080 1080 1081 1081 1074 1074 1073 1073 1068 1068 1074 1074 1068 1068 1077 1077 1075 1075 1073 1073 1074 1074 1451 1451 1457 1457 1456 1456 1417 1417 1418 1418 1419 1419 4766 4766 4811 4811 4808 4808 4777 4777 4761 4761 4765 4765 1426 1426 1429 1429 1432 1432 4664 4664 4693 4693 4694 4694 3155 3155 3159 3159 3151 3151 4844 4844 4843 4843 4842 4842 3192 3192 3150 3150 3169 3169 3190 3190 3176 3176 3172 3172 3171 3171 3170 3170 3187 3187 3170 3170 3130 3130 3174 3174 3175 3175 3141 3141 3142 3142 3725 3725 3727 3727 3726 3726 276 276 277 277 278 278 4827 4827 4824 4824 4792 4792 1075 1075 1076 1076 1073 1073 4792 4792 4811 4811 4766 4766 4808 4808 4811 4811 4810 4810 4836 4836 4828 4828 4819 4819 1432 1432 1429 1429 1445 1445 3164 3164 3188 3188 3163 3163 3160 3160 3159 3159 3155 3155 3151 3151 3113 3113 3140 3140 3140 3140 3114 3114 3150 3150 3150 3150 3114 3114 3169 3169 3130 3130 3131 3131 3174 3174 3147 3147 3137 3137 3146 3146 4069 4069 4068 4068 4067 4067 1449 1449 1467 1467 1463 1463 3737 3737 3903 3903 3900 3900 3730 3730 4017 4017 3727 3727 1080 1080 1089 1089 1081 1081 1081 1081 1089 1089 1093 1093 1076 1076 1072 1072 1073 1073 1450 1450 1453 1453 1451 1451 1451 1451 1453 1453 1457 1457 4828 4828 4785 4785 4819 4819 4785 4785 4754 4754 4819 4819 4839 4839 4823 4823 4838 4838 4831 4831 4826 4826 4842 4842 4842 4842 4826 4826 4841 4841 4843 4843 4831 4831 4842 4842 3151 3151 3159 3159 3113 3113 3140 3140 3113 3113 3114 3114 3114 3114 3122 3122 3169 3169 3169 3169 3122 3122 3168 3168 3176 3176 3121 3121 3172 3172 3172 3172 3127 3127 3171 3171 3170 3170 3125 3125 3128 3128 3170 3170 3128 3128 3130 3130 3142 3142 3135 3135 3147 3147 3135 3135 3137 3137 3147 3147 3146 3146 3145 3145 3148 3148 3723 3723 3726 3726 3728 3728 1068 1068 1069 1069 1070 1070 1080 1080 1070 1070 1084 1084 1084 1084 1088 1088 1080 1080 1075 1075 1098 1098 1076 1076 4823 4823 4785 4785 4828 4828 4839 4839 4835 4835 4823 4823 3168 3168 3121 3121 3176 3176 3127 3127 3170 3170 3171 3171 3170 3170 3127 3127 3125 3125 3137 3137 3145 3145 3146 3146 3722 3722 3725 3725 3723 3723 1089 1089 1091 1091 1093 1093 2017 2017 2013 2013 2015 2015 1463 1463 1454 1454 1450 1450 1080 1080 1088 1088 1089 1089 1193 1193 1202 1202 1238 1238 1238 1238 1190 1190 1193 1193 2412 2412 2408 2408 2411 2411 1190 1190 1189 1189 1193 1193 1193 1193 1188 1188 1202 1202 1202 1202 1196 1196 1201 1201 1176 1176 1192 1192 1191 1191 1189 1189 1188 1188 1193 1193 1202 1202 1188 1188 1196 1196 1176 1176 1169 1169 1192 1192 1418 1418 1423 1423 1419 1419 1419 1419 1423 1423 1426 1426 1423 1423 1427 1427 1426 1426 3188 3188 3194 3194 3163 3163 4826 4826 4781 4781 4835 4835 3160 3160 3163 3163 3162 3162 3160 3160 3162 3162 3159 3159 3113 3113 3111 3111 3114 3114 3122 3122 3121 3121 3168 3168 3172 3172 3121 3121 3127 3127 3141 3141 3134 3134 3142 3142 3142 3142 3134 3134 3135 3135 1069 1069 1085 1085 1084 1084 1069 1069 1084 1084 1070 1070 1072 1072 1071 1071 1068 1068 1068 1068 1071 1071 1069 1069 1076 1076 1098 1098 1097 1097 1076 1076 1097 1097 1072 1072 1450 1450 1454 1454 1453 1453 2368 2368 2372 2372 2366 2366 1196 1196 1199 1199 1201 1201 1201 1201 1199 1199 1205 1205 2366 2366 2373 2373 2374 2374 2366 2366 2372 2372 2373 2373 1176 1176 1171 1171 1169 1169 1191 1191 1192 1192 1187 1187 1191 1191 1187 1187 1190 1190 1189 1189 1187 1187 1188 1188 1187 1187 1186 1186 1188 1188 1186 1186 1196 1196 1188 1188 1196 1196 1198 1198 1199 1199 1192 1192 1169 1169 1187 1187 1426 1426 1428 1428 1429 1429 1429 1429 1428 1428 1430 1430 3194 3194 3193 3193 3163 3163 1430 1430 1434 1434 1435 1435 3162 3162 3100 3100 3159 3159 3159 3159 3100 3100 3113 3113 3125 3125 3124 3124 3128 3128 3128 3128 3129 3129 3130 3130 3130 3130 3129 3129 3131 3131 3131 3131 3132 3132 3141 3141 3145 3145 3137 3137 3139 3139 2334 2334 2335 2335 2338 2338 2354 2354 2365 2365 2337 2337 2337 2337 2328 2328 2336 2336 1071 1071 1085 1085 1069 1069 1088 1088 1090 1090 1089 1089 2337 2337 2365 2365 2328 2328 1072 1072 1097 1097 1071 1071 2363 2363 2364 2364 2365 2365 2365 2365 2364 2364 2332 2332 2365 2365 2332 2332 2328 2328 2408 2408 2414 2414 2410 2410 2368 2368 2366 2366 2367 2367 2366 2366 2364 2364 2363 2363 1205 1205 1236 1236 1230 1230 2372 2372 2371 2371 2373 2373 1187 1187 1170 1170 1186 1186 1186 1186 1197 1197 1196 1196 1196 1196 1197 1197 1198 1198 1197 1197 1219 1219 1198 1198 1219 1219 1203 1203 1198 1198 1199 1199 1198 1198 1200 1200 1198 1198 1203 1203 1200 1200 1203 1203 1228 1228 1200 1200 1186 1186 1172 1172 1197 1197 1172 1172 1175 1175 1197 1197 1453 1453 1460 1460 1457 1457 1171 1171 1161 1161 1169 1169 1418 1418 1440 1440 1423 1423 1440 1440 1439 1439 1423 1423 1427 1427 1428 1428 1426 1426 4782 4782 4771 4771 4781 4781 3193 3193 3177 3177 3163 3163 1430 1430 1431 1431 1434 1434 3163 3163 3103 3103 3162 3162 3114 3114 3115 3115 3122 3122 3122 3122 3115 3115 3121 3121 3121 3121 3120 3120 3127 3127 3129 3129 3132 3132 3131 3131 2336 2336 2328 2328 2333 2333 2333 2333 2331 2331 2334 2334 1071 1071 1086 1086 1085 1085 1084 1084 1085 1085 1092 1092 1084 1084 1092 1092 1088 1088 2356 2356 2367 2367 2354 2354 2367 2367 2363 2363 2354 2354 2354 2354 2363 2363 2365 2365 2333 2333 2328 2328 2331 2331 2343 2343 2339 2339 2340 2340 2328 2328 2329 2329 2330 2330 2328 2328 2330 2330 2331 2331 1098 1098 1135 1135 1097 1097 2367 2367 2369 2369 2368 2368 1236 1236 1200 1200 1230 1230 2368 2368 2371 2371 2372 2372 1200 1200 1228 1228 1229 1229 2368 2368 2370 2370 2371 2371 1175 1175 1179 1179 1219 1219 1197 1197 1175 1175 1219 1219 2371 2371 2370 2370 2373 2373 1170 1170 1172 1172 1186 1186 2370 2370 2380 2380 2373 2373 1170 1170 1169 1169 1168 1168 1170 1170 1168 1168 1172 1172 1173 1173 1161 1161 1171 1171 1161 1161 1163 1163 1169 1169 1169 1169 1163 1163 1168 1168 1182 1182 1162 1162 1173 1173 1173 1173 1162 1162 1161 1161 1161 1161 1162 1162 1163 1163 1423 1423 1439 1439 1427 1427 1428 1428 1431 1431 1430 1430 3162 3162 3103 3103 3100 3100 3121 3121 3115 3115 3120 3120 3127 3127 3126 3126 3125 3125 3141 3141 3132 3132 3134 3134 3145 3145 3139 3139 3149 3149 2827 2827 2825 2825 2823 2823 3721 3721 3723 3723 3724 3724 2398 2398 2355 2355 2399 2399 2355 2355 2351 2351 2399 2399 2399 2399 2351 2351 2400 2400 2400 2400 2351 2351 2401 2401 2401 2401 2353 2353 2362 2362 3470 3470 3471 3471 3472 3472 2359 2359 2358 2358 2344 2344 2359 2359 2360 2360 2358 2358 2344 2344 2345 2345 2346 2346 2351 2351 2353 2353 2401 2401 2358 2358 2350 2350 2349 2349 2344 2344 2349 2349 2348 2348 2345 2345 2347 2347 2346 2346 2355 2355 2354 2354 2352 2352 2353 2353 2336 2336 2350 2350 2349 2349 2350 2350 2348 2348 2341 2341 2339 2339 2342 2342 1089 1089 1090 1090 1091 1091 2334 2334 2331 2331 2335 2335 4313 4313 4311 4311 4306 4306 4316 4316 4306 4306 4300 4300 2339 2339 2335 2335 2340 2340 2714 2714 2703 2703 2695 2695 2367 2367 2375 2375 2369 2369 2692 2692 2711 2711 2706 2706 2369 2369 2370 2370 2368 2368 2584 2584 2583 2583 2586 2586 2583 2583 2589 2589 2586 2586 1473 1473 1475 1475 1453 1453 2585 2585 2583 2583 2582 2582 2582 2582 2583 2583 2584 2584 1172 1172 1168 1168 1175 1175 1175 1175 1168 1168 1179 1179 1475 1475 1460 1460 1453 1453 1447 1447 1442 1442 1440 1440 2379 2379 2381 2381 2380 2380 2379 2379 2380 2380 2370 2370 2381 2381 2382 2382 2380 2380 1182 1182 1183 1183 1164 1164 1182 1182 1164 1164 1162 1162 1164 1164 1163 1163 1162 1162 1163 1163 1167 1167 1168 1168 1164 1164 1165 1165 1163 1163 1164 1164 1183 1183 1165 1165 1183 1183 1184 1184 1165 1165 1165 1165 1166 1166 1163 1163 1163 1163 1166 1166 1167 1167 3163 3163 3177 3177 3103 3103 2896 2896 2897 2897 2894 2894 2894 2894 2895 2895 2896 2896 3100 3100 3093 3093 3113 3113 3113 3113 3089 3089 3111 3111 3111 3111 3112 3112 3114 3114 3114 3114 3112 3112 3115 3115 3120 3120 3118 3118 3127 3127 3125 3125 3119 3119 3124 3124 3124 3124 3123 3123 3128 3128 3134 3134 3133 3133 3135 3135 3135 3135 3133 3133 3136 3136 3135 3135 3136 3136 3137 3137 2360 2360 2359 2359 2361 2361 2870 2870 2873 2873 2871 2871 2398 2398 2397 2397 2357 2357 2398 2398 2357 2357 2355 2355 2353 2353 2350 2350 2358 2358 1090 1090 1099 1099 1091 1091 3483 3483 3476 3476 3482 3482 3484 3484 3483 3483 3482 3482 1463 1463 1464 1464 1454 1454 1088 1088 1094 1094 1090 1090 3428 3428 3429 3429 3430 3430 1087 1087 1086 1086 1071 1071 1086 1086 1100 1100 1085 1085 4313 4313 4312 4312 4311 4311 4311 4311 4308 4308 4306 4306 2376 2376 2375 2375 2356 2356 2356 2356 2375 2375 2367 2367 2375 2375 2377 2377 2369 2369 2369 2369 2377 2377 2378 2378 1476 1476 1475 1475 1473 1473 2378 2378 2370 2370 2369 2369 2378 2378 2379 2379 2370 2370 2378 2378 2384 2384 2379 2379 1168 1168 1178 1178 1179 1179 1440 1440 1442 1442 1441 1441 1440 1440 1441 1441 1439 1439 1209 1209 1183 1183 1182 1182 2381 2381 2383 2383 2382 2382 1168 1168 1167 1167 1178 1178 1427 1427 1439 1439 1438 1438 1427 1427 1438 1438 1428 1428 1209 1209 1184 1184 1183 1183 1184 1184 1185 1185 1165 1165 1165 1165 1185 1185 1166 1166 1166 1166 1174 1174 1167 1167 1180 1180 1174 1174 1166 1166 1428 1428 1433 1433 1431 1431 3177 3177 3184 3184 3103 3103 2894 2894 2898 2898 2895 2895 3113 3113 3093 3093 3089 3089 3127 3127 3118 3118 3126 3126 3126 3126 3119 3119 3125 3125 3134 3134 3132 3132 3133 3133 3136 3136 3138 3138 3137 3137 3137 3137 3138 3138 3139 3139 3941 3941 3794 3794 3811 3811 1469 1469 1464 1464 1463 1463 1836 1836 1841 1841 1842 1842 1088 1088 1103 1103 1094 1094 1094 1094 1095 1095 1090 1090 4308 4308 4307 4307 4306 4306 4307 4307 4305 4305 4306 4306 4306 4306 4305 4305 4300 4300 2696 2696 2691 2691 2694 2694 1454 1454 1474 1474 1473 1473 2691 2691 2693 2693 2694 2694 1473 1473 1474 1474 1476 1476 2705 2705 2706 2706 2700 2700 2226 2226 2224 2224 2227 2227 2226 2226 2213 2213 2224 2224 2213 2213 2221 2221 2224 2224 2384 2384 2381 2381 2379 2379 3586 3586 3587 3587 3588 3588 2213 2213 2219 2219 2221 2221 3 3 4 4 5 5 2218 2218 2207 2207 2210 2210 2207 2207 2219 2219 2210 2210 2385 2385 2383 2383 2381 2381 1439 1439 1441 1441 1438 1438 2385 2385 2386 2386 2383 2383 1178 1178 1167 1167 1177 1177 1213 1213 1210 1210 1209 1209 1438 1438 1437 1437 1428 1428 1209 1209 1210 1210 1184 1184 1167 1167 1174 1174 1177 1177 1210 1210 1206 1206 1184 1184 1185 1185 1195 1195 1166 1166 1195 1195 1180 1180 1166 1166 1180 1180 1194 1194 1174 1174 2035 2035 2037 2037 2042 2042 3103 3103 3102 3102 3100 3100 3111 3111 3089 3089 3112 3112 3115 3115 3118 3118 3120 3120 3128 3128 3123 3123 3129 3129 3129 3129 3133 3133 3132 3132 2820 2820 2821 2821 2818 2818 2816 2816 2818 2818 2815 2815 2816 2816 2815 2815 2814 2814 2814 2814 2815 2815 2813 2813 3424 3424 3425 3425 3426 3426 2812 2812 2808 2808 2811 2811 2808 2808 2810 2810 2811 2811 3941 3941 3890 3890 3893 3893 3893 3893 3890 3890 3892 3892 2812 2812 2813 2813 2808 2808 2808 2808 2809 2809 2810 2810 2715 2715 2707 2707 2710 2710 2397 2397 2396 2396 2357 2357 2716 2716 2715 2715 2710 2710 1095 1095 1096 1096 1090 1090 1090 1090 1096 1096 1099 1099 1105 1105 1104 1104 1087 1087 1087 1087 1104 1104 1086 1086 2389 2389 2388 2388 2376 2376 4311 4311 4312 4312 4308 4308 2376 2376 2388 2388 2375 2375 2694 2694 2697 2697 2698 2698 4309 4309 4307 4307 4308 4308 2377 2377 2394 2394 2378 2378 2384 2384 2387 2387 2381 2381 2387 2387 2384 2384 2391 2391 2210 2210 2219 2219 2212 2212 2219 2219 2220 2220 2221 2221 2219 2219 2207 2207 2220 2220 2220 2220 2222 2222 2221 2221 2207 2207 2204 2204 2220 2220 2204 2204 2223 2223 2220 2220 2938 2938 2937 2937 2939 2939 2207 2207 2205 2205 2204 2204 2939 2939 2937 2937 2951 2951 2386 2386 2403 2403 2404 2404 1213 1213 1212 1212 1210 1210 1437 1437 1433 1433 1428 1428 1210 1210 1212 1212 1211 1211 1210 1210 1211 1211 1206 1206 1211 1211 1227 1227 1206 1206 1180 1180 1207 1207 1194 1194 1195 1195 1208 1208 1180 1180 1180 1180 1208 1208 1207 1207 2900 2900 2899 2899 2894 2894 1431 1431 1433 1433 1436 1436 2899 2899 2898 2898 2894 2894 2042 2042 2037 2037 2041 2041 3103 3103 3104 3104 3102 3102 2898 2898 2899 2899 2950 2950 2037 2037 2039 2039 2041 2041 2038 2038 2040 2040 2039 2039 3112 3112 3116 3116 3115 3115 3115 3115 3116 3116 3117 3117 3115 3115 3117 3117 3118 3118 3126 3126 3118 3118 3119 3119 3124 3124 3119 3119 3123 3123 3129 3129 3143 3143 3133 3133 3138 3138 3144 3144 3139 3139 3139 3139 3054 3054 3149 3149 2818 2818 2816 2816 2817 2817 4053 4053 3941 3941 3893 3893 2829 2829 2821 2821 2820 2820 3427 3427 3425 3425 3424 3424 3950 3950 3815 3815 3941 3941 3950 3950 3941 3941 4053 4053 3525 3525 3526 3526 3524 3524 1115 1115 1104 1104 1105 1105 1104 1104 1106 1106 1086 1086 1120 1120 1139 1139 1095 1095 1095 1095 1139 1139 1096 1096 4296 4296 4294 4294 4301 4301 4301 4301 4294 4294 4295 4295 1114 1114 1157 1157 1151 1151 4310 4310 4314 4314 4307 4307 4305 4305 4293 4293 4300 4300 4293 4293 4299 4299 4300 4300 4307 4307 4336 4336 4305 4305 2377 2377 2395 2395 2394 2394 2393 2393 2384 2384 2378 2378 2391 2391 2392 2392 2385 2385 2392 2392 2402 2402 2386 2386 2385 2385 2392 2392 2386 2386 2220 2220 2223 2223 2222 2222 2386 2386 2402 2402 2403 2403 1177 1177 1174 1174 1181 1181 1212 1212 1239 1239 1231 1231 1212 1212 1231 1231 1211 1211 1211 1211 1231 1231 1227 1227 1185 1185 1227 1227 1195 1195 2039 2039 2040 2040 2041 2041 3100 3100 3096 3096 3093 3093 3093 3093 3096 3096 3091 3091 3091 3091 3089 3089 3093 3093 3136 3136 3180 3180 3144 3144 3136 3136 3144 3144 3138 3138 3706 3706 3707 3707 3708 3708 3523 3523 3524 3524 3521 3521 2003 2003 2007 2007 2009 2009 2842 2842 2821 2821 2829 2829 2405 2405 2396 2396 2397 2397 1104 1104 1109 1109 1108 1108 1104 1104 1108 1108 1107 1107 1104 1104 1107 1107 1106 1106 1106 1106 1130 1130 1114 1114 1130 1130 1131 1131 1114 1114 3581 3581 3583 3583 3585 3585 3592 3592 3593 3593 3594 3594 4307 4307 4314 4314 4336 4336 4305 4305 4336 4336 4293 4293 2394 2394 2395 2395 2393 2393 1573 1573 1572 1572 1569 1569 1573 1573 1569 1569 1562 1562 1573 1573 1562 1562 1577 1577 1565 1565 1564 1564 1567 1567 2938 2938 2935 2935 2937 2937 2937 2937 2935 2935 2925 2925 2204 2204 2201 2201 2223 2223 2223 2223 2201 2201 2225 2225 2205 2205 2203 2203 2204 2204 2205 2205 2206 2206 2203 2203 1174 1174 1204 1204 1181 1181 1207 1207 1220 1220 1194 1194 1194 1194 1220 1220 1214 1214 3359 3359 3341 3341 3358 3358 3358 3358 3341 3341 3357 3357 1208 1208 1225 1225 1207 1207 3104 3104 3101 3101 3102 3102 3102 3102 3101 3101 3100 3100 3101 3101 3096 3096 3100 3100 2041 2041 2040 2040 2043 2043 3123 3123 3143 3143 3129 3129 3133 3133 3179 3179 3136 3136 3136 3136 3179 3179 3180 3180 3180 3180 3046 3046 3144 3144 3144 3144 3046 3046 3051 3051 3144 3144 3054 3054 3139 3139 3520 3520 3521 3521 3522 3522 9 9 10 10 11 11 1110 1110 1108 1108 1109 1109 1107 1107 1129 1129 1106 1106 1106 1106 1129 1129 1130 1130 4345 4345 4341 4341 4343 4343 4341 4341 4340 4340 4343 4343 4340 4340 4341 4341 4342 4342 4343 4343 4340 4340 4344 4344 3593 3593 3595 3595 3594 3594 4296 4296 4293 4293 4294 4294 4293 4293 4291 4291 4294 4294 4337 4337 4338 4338 4339 4339 2389 2389 2390 2390 2388 2388 1566 1566 1560 1560 1565 1565 2925 2925 2913 2913 2918 2918 2918 2918 2913 2913 2916 2916 3354 3354 3355 3355 3353 3353 2204 2204 2203 2203 2201 2201 3354 3354 3353 3353 3344 3344 1231 1231 1232 1232 1227 1227 1232 1232 1233 1233 1227 1227 1227 1227 1233 1233 1195 1195 1195 1195 1233 1233 1234 1234 1194 1194 1214 1214 1204 1204 1207 1207 1222 1222 1220 1220 1207 1207 1224 1224 1222 1222 3096 3096 3094 3094 3091 3091 3087 3087 3088 3088 3089 3089 3089 3089 3088 3088 3112 3112 3112 3112 3088 3088 3116 3116 3116 3116 3085 3085 3117 3117 3117 3117 3119 3119 3118 3118 3123 3123 3055 3055 3143 3143 3143 3143 3044 3044 3133 3133 3133 3133 3044 3044 3179 3179 3051 3051 3054 3054 3144 3144 2838 2838 2828 2828 2836 2836 2833 2833 2831 2831 2834 2834 3531 3531 3532 3532 3536 3536 1108 1108 1113 1113 1107 1107 3536 3536 3532 3532 3533 3533 4323 4323 4322 4322 4321 4321 4348 4348 4347 4347 4345 4345 4347 4347 4346 4346 4345 4345 4345 4345 4346 4346 4341 4341 4334 4334 4333 4333 4317 4317 4294 4294 4291 4291 4295 4295 4317 4317 4298 4298 4336 4336 4336 4336 4298 4298 4293 4293 4293 4293 4298 4298 4290 4290 4293 4293 4290 4290 4291 4291 1580 1580 1579 1579 1578 1578 1578 1578 1579 1579 1570 1570 1560 1560 1564 1564 1565 1565 2935 2935 2934 2934 2913 2913 2935 2935 2913 2913 2925 2925 2201 2201 2198 2198 2225 2225 2913 2913 2911 2911 2916 2916 2916 2916 2911 2911 2917 2917 2917 2917 2915 2915 2919 2919 2203 2203 2199 2199 2201 2201 2919 2919 2915 2915 2920 2920 2203 2203 2206 2206 2199 2199 3336 3336 3332 3332 3333 3333 3337 3337 3336 3336 3333 3333 1220 1220 1217 1217 1214 1214 3357 3357 3341 3341 3314 3314 3357 3357 3314 3314 3311 3311 1225 1225 1226 1226 1224 1224 1224 1224 1223 1223 1222 1222 1224 1224 1226 1226 1223 1223 2946 2946 2947 2947 2948 2948 2044 2044 2046 2046 2045 2045 2043 2043 2044 2044 2045 2045 3091 3091 3090 3090 3089 3089 3089 3089 3090 3090 3087 3087 3117 3117 3060 3060 3119 3119 3119 3119 3058 3058 3123 3123 3143 3143 3055 3055 3048 3048 3143 3143 3048 3048 3047 3047 3143 3143 3047 3047 3044 3044 3179 3179 3046 3046 3180 3180 3046 3046 3050 3050 3051 3051 3051 3051 3053 3053 3054 3054 2836 2836 2830 2830 2835 2835 2832 2832 2831 2831 2833 2833 2841 2841 2842 2842 2838 2838 2841 2841 2838 2838 2840 2840 2833 2833 2834 2834 2839 2839 2841 2841 2845 2845 2842 2842 2834 2834 2846 2846 2839 2839 2846 2846 2847 2847 2839 2839 2839 2839 2847 2847 2850 2850 1612 1612 1602 1602 1620 1620 1110 1110 1112 1112 1111 1111 1110 1110 1111 1111 1108 1108 1108 1108 1111 1111 1118 1118 1113 1113 1126 1126 1107 1107 1107 1107 1126 1126 1129 1129 1612 1612 1576 1576 1602 1602 2869 2869 2879 2879 2878 2878 4323 4323 4324 4324 4322 4322 1576 1576 1579 1579 1602 1602 4321 4321 4319 4319 4333 4333 4321 4321 4322 4322 4320 4320 4321 4321 4320 4320 4319 4319 4319 4319 4281 4281 4333 4333 4333 4333 4281 4281 4317 4317 4317 4317 4281 4281 4283 4283 4317 4317 4283 4283 4298 4298 1570 1570 1569 1569 1572 1572 1562 1562 1554 1554 1560 1560 1564 1564 1563 1563 1567 1567 2943 2943 2941 2941 2935 2935 2935 2935 2941 2941 2934 2934 3356 3356 3353 3353 3355 3355 3353 3353 3356 3356 3351 3351 2917 2917 2911 2911 2915 2915 3351 3351 3342 3342 3353 3353 3353 3353 3342 3342 3344 3344 2920 2920 2915 2915 2922 2922 3344 3344 3342 3342 3337 3337 3342 3342 3336 3336 3337 3337 3333 3333 3339 3339 3341 3341 1214 1214 1215 1215 1204 1204 1204 1204 1216 1216 1181 1181 1181 1181 1216 1216 1235 1235 3341 3341 3339 3339 3314 3314 1217 1217 1215 1215 1214 1214 1222 1222 1223 1223 1221 1221 1222 1222 1221 1221 1220 1220 1220 1220 1221 1221 1217 1217 3310 3310 3311 3311 3312 3312 2045 2045 2046 2046 2047 2047 3094 3094 3092 3092 3091 3091 3091 3091 3092 3092 3090 3090 3088 3088 3084 3084 3116 3116 3179 3179 3044 3044 3046 3046 3044 3044 3045 3045 3046 3046 3046 3046 3045 3045 3050 3050 3050 3050 3052 3052 3051 3051 1118 1118 1119 1119 1113 1113 1576 1576 1574 1574 1579 1579 2018 2018 2019 2019 2012 2012 2018 2018 2012 2012 2006 2006 4320 4320 4318 4318 4319 4319 4319 4319 4318 4318 4281 4281 4291 4291 4290 4290 4289 4289 4283 4283 4285 4285 4298 4298 4298 4298 4285 4285 4290 4290 1569 1569 1554 1554 1562 1562 1560 1560 1563 1563 1564 1564 1563 1563 1606 1606 1607 1607 3351 3351 3350 3350 3342 3342 3342 3342 3350 3350 3343 3343 3342 3342 3343 3343 3336 3336 3333 3333 3328 3328 3339 3339 2889 2889 2888 2888 2892 2892 2892 2892 2888 2888 2893 2893 1204 1204 1237 1237 1216 1216 3311 3311 3314 3314 3313 3313 3311 3311 3313 3313 3312 3312 1217 1217 1218 1218 1215 1215 1221 1221 1218 1218 1217 1217 3087 3087 3084 3084 3088 3088 3116 3116 3084 3084 3085 3085 3085 3085 3065 3065 3117 3117 3119 3119 3060 3060 3058 3058 3058 3058 3055 3055 3123 3123 3044 3044 3043 3043 3045 3045 4285 4285 4289 4289 4290 4290 4281 4281 4282 4282 4283 4283 2934 2934 2933 2933 2913 2913 3343 3343 3340 3340 3336 3336 3340 3340 3335 3335 3336 3336 3336 3336 3335 3335 3332 3332 2891 2891 2890 2890 2889 2889 3312 3312 3313 3313 3322 3322 3312 3312 3322 3322 3321 3321 2047 2047 2046 2046 2048 2048 3108 3108 3106 3106 3092 3092 3106 3106 3099 3099 3092 3092 3092 3092 3099 3099 3090 3090 3065 3065 3060 3060 3117 3117 3826 3826 3825 3825 3824 3824 1611 1611 1596 1596 1576 1576 1575 1575 1574 1574 1576 1576 1574 1574 1575 1575 1571 1571 4325 4325 4297 4297 4318 4318 4285 4285 4288 4288 4289 4289 4318 4318 4297 4297 4281 4281 4297 4297 4282 4282 4281 4281 1571 1571 1570 1570 1574 1574 1571 1571 1568 1568 1570 1570 1570 1570 1568 1568 1569 1569 1569 1569 1568 1568 1554 1554 1554 1554 1559 1559 1560 1560 1560 1560 1559 1559 1563 1563 2933 2933 2908 2908 2913 2913 1559 1559 1558 1558 1563 1563 2941 2941 2942 2942 2933 2933 2941 2941 2933 2933 2934 2934 2913 2913 2908 2908 2911 2911 1558 1558 1606 1606 1563 1563 1606 1606 1558 1558 1605 1605 3349 3349 3345 3345 3350 3350 3350 3350 3345 3345 3343 3343 2915 2915 2923 2923 2922 2922 3345 3345 3340 3340 3343 3343 3308 3308 3306 3306 3305 3305 3335 3335 3331 3331 3332 3332 3332 3332 3331 3331 3328 3328 3321 3321 3318 3318 3320 3320 3305 3305 3306 3306 3307 3307 3099 3099 3098 3098 3090 3090 3090 3090 3098 3098 3087 3087 3084 3084 3066 3066 3085 3085 3085 3085 3066 3066 3065 3065 355 355 330 330 329 329 3058 3058 3056 3056 3055 3055 3055 3055 3049 3049 3048 3048 2776 2776 2760 2760 2757 2757 2760 2760 2758 2758 2757 2757 1575 1575 1590 1590 1571 1571 1769 1769 1771 1771 1768 1768 4325 4325 4326 4326 4297 4297 4283 4283 4282 4282 4284 4284 4284 4284 4288 4288 4285 4285 4283 4283 4284 4284 4285 4285 1568 1568 1561 1561 1554 1554 1554 1554 1561 1561 1555 1555 1554 1554 1553 1553 1559 1559 2914 2914 2915 2915 2911 2911 3319 3319 3309 3309 3308 3308 3328 3328 3329 3329 3325 3325 3328 3328 3325 3325 3339 3339 3308 3308 3309 3309 3306 3306 2922 2922 2923 2923 2924 2924 3335 3335 3329 3329 3331 3331 3339 3339 3315 3315 3314 3314 3313 3313 3318 3318 3322 3322 2924 2924 2926 2926 2927 2927 2927 2927 2926 2926 2928 2928 2928 2928 2929 2929 2930 2930 3087 3087 3069 3069 3084 3084 3069 3069 3066 3066 3084 3084 3049 3049 3057 3057 3107 3107 3049 3049 3107 3107 3040 3040 3040 3040 3107 3107 3110 3110 2776 2776 2757 2757 2777 2777 1765 1765 1768 1768 1772 1772 1575 1575 1596 1596 1590 1590 1767 1767 1768 1768 1765 1765 1773 1773 1769 1769 1767 1767 876 876 878 878 877 877 4327 4327 4297 4297 4326 4326 4289 4289 4288 4288 4304 4304 1590 1590 1589 1589 1568 1568 1561 1561 1582 1582 1555 1555 2419 2419 2420 2420 2421 2421 2421 2421 2420 2420 2424 2424 855 855 750 750 849 849 849 849 750 750 749 749 2933 2933 2905 2905 2908 2908 1553 1553 1558 1558 1559 1559 1718 1718 1701 1701 1721 1721 2908 2908 2910 2910 2911 2911 750 750 729 729 749 749 3334 3334 3330 3330 3329 3329 3325 3325 3315 3315 3339 3339 3313 3313 3317 3317 3318 3318 3315 3315 3313 3313 3314 3314 2924 2924 2923 2923 2926 2926 2928 2928 2926 2926 2929 2929 2929 2929 2931 2931 2930 2930 2931 2931 2932 2932 2930 2930 3087 3087 3074 3074 3069 3069 3066 3066 3062 3062 3065 3065 3062 3062 3060 3060 3065 3065 3060 3060 3061 3061 3059 3059 3107 3107 3057 3057 3064 3064 802 802 803 803 801 801 3107 3107 3064 3064 3109 3109 3056 3056 3057 3057 3049 3049 2757 2757 2762 2762 2777 2777 1610 1610 1593 1593 1596 1596 1766 1766 1767 1767 1765 1765 1770 1770 1767 1767 1766 1766 1596 1596 1593 1593 1591 1591 1596 1596 1591 1591 1590 1590 2759 2759 2761 2761 2757 2757 2757 2757 2761 2761 2762 2762 1773 1773 1767 1767 1770 1770 875 875 872 872 876 876 872 872 870 870 876 876 1590 1590 1591 1591 1589 1589 4327 4327 4328 4328 4297 4297 4328 4328 4329 4329 4297 4297 4297 4297 4329 4329 4287 4287 4297 4297 4287 4287 4282 4282 4282 4282 4286 4286 4284 4284 4284 4284 4286 4286 4302 4302 4302 4302 4292 4292 4284 4284 4284 4284 4292 4292 4288 4288 4288 4288 4292 4292 4304 4304 1589 1589 1585 1585 1561 1561 1568 1568 1589 1589 1561 1561 2421 2421 2424 2424 2425 2425 850 850 849 849 848 848 1555 1555 1556 1556 1553 1553 849 849 782 782 848 848 1556 1556 1557 1557 1553 1553 849 849 749 749 782 782 1553 1553 1557 1557 1558 1558 749 749 742 742 782 782 1558 1558 1557 1557 1600 1600 729 729 742 742 749 749 1558 1558 1600 1600 1605 1605 2911 2911 2912 2912 2914 2914 3349 3349 3352 3352 3346 3346 3349 3349 3346 3346 3345 3345 3346 3346 3338 3338 3340 3340 3345 3345 3346 3346 3340 3340 3325 3325 3324 3324 3315 3315 3340 3340 3338 3338 3334 3334 3334 3334 3338 3338 3330 3330 2923 2923 2936 2936 2926 2926 3062 3062 3061 3061 3060 3060 3059 3059 3061 3061 3056 3056 3056 3056 3064 3064 3057 3057 2762 2762 2765 2765 2766 2766 2762 2762 2764 2764 2765 2765 2762 2762 2761 2761 2764 2764 2759 2759 2763 2763 2761 2761 873 873 856 856 872 872 873 873 872 872 874 874 874 874 872 872 875 875 2422 2422 2423 2423 2426 2426 856 856 870 870 872 872 2422 2422 2421 2421 2423 2423 4328 4328 4331 4331 4330 4330 4328 4328 4330 4330 4329 4329 4287 4287 4286 4286 4282 4282 1589 1589 1587 1587 1585 1585 2421 2421 2425 2425 2423 2423 853 853 850 850 852 852 1585 1585 1583 1583 1561 1561 1561 1561 1583 1583 1582 1582 769 769 782 782 742 742 2908 2908 2909 2909 2910 2910 2910 2910 2912 2912 2911 2911 742 742 729 729 728 728 1687 1687 1673 1673 1688 1688 2915 2915 2914 2914 2921 2921 3315 3315 3324 3324 3323 3323 2915 2915 2921 2921 2923 2923 3315 3315 3316 3316 3313 3313 3313 3313 3316 3316 3317 3317 1950 1950 1961 1961 1962 1962 1950 1950 1954 1954 1961 1961 1962 1962 1961 1961 1963 1963 1961 1961 1964 1964 1963 1963 3095 3095 3083 3083 3075 3075 3095 3095 3075 3075 3074 3074 3074 3074 3070 3070 3069 3069 3061 3061 3063 3063 3056 3056 1388 1388 1387 1387 1386 1386 3056 3056 3063 3063 3064 3064 1388 1388 1389 1389 1387 1387 1389 1389 1383 1383 1387 1387 3269 3269 3272 3272 3273 3273 2765 2765 2768 2768 2767 2767 2766 2766 2765 2765 2767 2767 3274 3274 3264 3264 3269 3269 880 880 873 873 874 874 1311 1311 1308 1308 1305 1305 1593 1593 1592 1592 1591 1591 854 854 852 852 856 856 1591 1591 1592 1592 1589 1589 853 853 852 852 854 854 856 856 852 852 870 870 1589 1589 1592 1592 1587 1587 4287 4287 4303 4303 4286 4286 1587 1587 1586 1586 1585 1585 850 850 851 851 852 852 1585 1585 1586 1586 1583 1583 850 850 847 847 851 851 1583 1583 1584 1584 1582 1582 850 850 848 848 847 847 2901 2901 2903 2903 2906 2906 1582 1582 1581 1581 1555 1555 847 847 782 782 846 846 1581 1581 1556 1556 1555 1555 782 782 769 769 846 846 2905 2905 2907 2907 2908 2908 2908 2908 2907 2907 2909 2909 742 742 747 747 769 769 742 742 728 728 747 747 729 729 727 727 728 728 728 728 727 727 725 725 727 727 726 726 725 725 3346 3346 3347 3347 3338 3338 3323 3323 3316 3316 3315 3315 1948 1948 1951 1951 1950 1950 1949 1949 1948 1948 1950 1950 1951 1951 1954 1954 1950 1950 3074 3074 3075 3075 3070 3070 3069 3069 3068 3068 3066 3066 3066 3066 3067 3067 3062 3062 1383 1383 1389 1389 1392 1392 1386 1386 1383 1383 1385 1385 1385 1385 1383 1383 1382 1382 1383 1383 1392 1392 1377 1377 1383 1383 1377 1377 1382 1382 1764 1764 1765 1765 1762 1762 3878 3878 4020 4020 4019 4019 1312 1312 1314 1314 1325 1325 4331 4331 4332 4332 4330 4330 4329 4329 4330 4330 4335 4335 4329 4329 4335 4335 4287 4287 1328 1328 1324 1324 1318 1318 1586 1586 1588 1588 1583 1583 851 851 847 847 859 859 1583 1583 1588 1588 1584 1584 1584 1584 1581 1581 1582 1582 769 769 761 761 846 846 1581 1581 1594 1594 1556 1556 2903 2903 2904 2904 2905 2905 2905 2905 2904 2904 2907 2907 1556 1556 1595 1595 1557 1557 769 769 747 747 761 761 1557 1557 1595 1595 1600 1600 728 728 725 725 747 747 3352 3352 3347 3347 3346 3346 1670 1670 1663 1663 1687 1687 3347 3347 3348 3348 3338 3338 3325 3325 3327 3327 3326 3326 3325 3325 3326 3326 3324 3324 3348 3348 3327 3327 3338 3338 3338 3338 3327 3327 3325 3325 1946 1946 1947 1947 1948 1948 1946 1946 1948 1948 1949 1949 3079 3079 3078 3078 3105 3105 3105 3105 3078 3078 3082 3082 3082 3082 3078 3078 3081 3081 3081 3081 3075 3075 3083 3083 3071 3071 3070 3070 3075 3075 3070 3070 3068 3068 3069 3069 76 76 80 80 95 95 95 95 80 80 81 81 81 81 74 74 82 82 82 82 74 74 83 83 83 83 74 74 84 84 1377 1377 1381 1381 1382 1382 1381 1381 1377 1377 1374 1374 1377 1377 1375 1375 1374 1374 3940 3940 4063 4063 4064 4064 2767 2767 2770 2770 2771 2771 2771 2771 2770 2770 2772 2772 3712 3712 3713 3713 3714 3714 3264 3264 3266 3266 3269 3269 2767 2767 2768 2768 2769 2769 2767 2767 2769 2769 2770 2770 1373 1373 1337 1337 1365 1365 4330 4330 4332 4332 4335 4335 3489 3489 3488 3488 3487 3487 1957 1957 1955 1955 1966 1966 1584 1584 1594 1594 1581 1581 2901 2901 2940 2940 2902 2902 2901 2901 2902 2902 2903 2903 2903 2903 2902 2902 2904 2904 761 761 747 747 730 730 747 747 725 725 730 730 1709 1709 1708 1708 1707 1707 1944 1944 1945 1945 1946 1946 1945 1945 1947 1947 1946 1946 3078 3078 3075 3075 3081 3081 3066 3066 3068 3068 3067 3067 80 80 75 75 81 81 74 74 79 79 84 84 1381 1381 1374 1374 1376 1376 84 84 79 79 85 85 1375 1375 1378 1378 1376 1376 1374 1374 1375 1375 1376 1376 1378 1378 1379 1379 1376 1376 3266 3266 3270 3270 3269 3269 3269 3269 3270 3270 3272 3272 2772 2772 2770 2770 2773 2773 2772 2772 2773 2773 2774 2774 1897 1897 1893 1893 1892 1892 1368 1368 1337 1337 1370 1370 1897 1897 1900 1900 1893 1893 1900 1900 1899 1899 1893 1893 859 859 860 860 869 869 859 859 858 858 860 860 860 860 858 858 861 861 1597 1597 1598 1598 1588 1588 858 858 846 846 861 861 861 861 846 846 866 866 1960 1960 1953 1953 1956 1956 1956 1956 1955 1955 1957 1957 1965 1965 1953 1953 1960 1960 1363 1363 1361 1361 1366 1366 1956 1956 1953 1953 1955 1955 1361 1361 1359 1359 1366 1366 1953 1953 1936 1936 1955 1955 1953 1953 1952 1952 1936 1936 761 761 751 751 844 844 1556 1556 1594 1594 1595 1595 1958 1958 1936 1936 1935 1935 1935 1935 1936 1936 1937 1937 1936 1936 1952 1952 1938 1938 1936 1936 1938 1938 1937 1937 761 761 730 730 751 751 1952 1952 1959 1959 1938 1938 1938 1938 1939 1939 1937 1937 1938 1938 1940 1940 1939 1939 1940 1940 1941 1941 1939 1939 1959 1959 1940 1940 1938 1938 1940 1940 1942 1942 1941 1941 725 725 722 722 730 730 1940 1940 1943 1943 1942 1942 1943 1943 1944 1944 1942 1942 725 725 724 724 722 722 1943 1943 1945 1945 1944 1944 726 726 724 724 725 725 3097 3097 3080 3080 3086 3086 3086 3086 3080 3080 3079 3079 727 727 809 809 726 726 3078 3078 3077 3077 3075 3075 81 81 75 75 74 74 79 79 72 72 85 85 85 85 72 72 87 87 87 87 72 72 86 86 1379 1379 1380 1380 1384 1384 1375 1375 1394 1394 1378 1378 1379 1379 1378 1378 1380 1380 1378 1378 1390 1390 1380 1380 1747 1747 1754 1754 1748 1748 1748 1748 1754 1754 1753 1753 3599 3599 3600 3600 3601 3601 3267 3267 3266 3266 3265 3265 1761 1761 1759 1759 1757 1757 3266 3266 3271 3271 3270 3270 1893 1893 1887 1887 1892 1892 1893 1893 1899 1899 1887 1887 860 860 861 861 862 862 1588 1588 1598 1598 1584 1584 865 865 845 845 844 844 1363 1363 1362 1362 1361 1361 844 844 751 751 778 778 751 751 730 730 721 721 1359 1359 1352 1352 1360 1360 1360 1360 1352 1352 1358 1358 730 730 722 722 721 721 1712 1712 1685 1685 1704 1704 1704 1704 1686 1686 1706 1706 1358 1358 1352 1352 1357 1357 724 724 723 723 722 722 3080 3080 3077 3077 3079 3079 726 726 809 809 724 724 727 727 813 813 809 809 3077 3077 3073 3073 3075 3075 3075 3075 3073 3073 3071 3071 3071 3071 3068 3068 3070 3070 96 96 57 57 76 76 80 80 69 69 75 75 1394 1394 1393 1393 1378 1378 1378 1378 1393 1393 1390 1390 1752 1752 1748 1748 1753 1753 1856 1856 1851 1851 1896 1896 1757 1757 1756 1756 1755 1755 1851 1851 1853 1853 1896 1896 1851 1851 1852 1852 1853 1853 1852 1852 1854 1854 1853 1853 1757 1757 1755 1755 1758 1758 1757 1757 1759 1759 1756 1756 3267 3267 3268 3268 3266 3266 3266 3266 3268 3268 3271 3271 1892 1892 1887 1887 1891 1891 1616 1616 1613 1613 1599 1599 1613 1613 1608 1608 1597 1597 1599 1599 1613 1613 1597 1597 4356 4356 4359 4359 4358 4358 1597 1597 1608 1608 1598 1598 1362 1362 1344 1344 1361 1361 867 867 844 844 843 843 843 843 778 778 842 842 2790 2790 2791 2791 2792 2792 2791 2791 2793 2793 2792 2792 2792 2792 2793 2793 2795 2795 842 842 778 778 777 777 778 778 751 751 777 777 751 751 732 732 777 777 1662 1662 1674 1674 1664 1664 751 751 721 721 732 732 1359 1359 1349 1349 1352 1352 722 722 720 720 721 721 1704 1704 1685 1685 1686 1686 1352 1352 1356 1356 1357 1357 91 91 88 88 94 94 809 809 819 819 724 724 819 819 723 723 724 724 63 63 57 57 96 96 76 76 69 69 80 80 67 67 74 74 75 75 74 74 68 68 79 79 72 72 71 71 86 86 86 86 71 71 70 70 86 86 70 70 78 78 1390 1390 1393 1393 1391 1391 1390 1390 1391 1391 1380 1380 1751 1751 1745 1745 1748 1748 1749 1749 1746 1746 1745 1745 1745 1745 1746 1746 1747 1747 1745 1745 1747 1747 1748 1748 1748 1748 1752 1752 1751 1751 1760 1760 1755 1755 1749 1749 1749 1749 1755 1755 1750 1750 1749 1749 1750 1750 1746 1746 1755 1755 1756 1756 1750 1750 1898 1898 1865 1865 1857 1857 1865 1865 1855 1855 1857 1857 1857 1857 1855 1855 1856 1856 1856 1856 1855 1855 1851 1851 1851 1851 1855 1855 1852 1852 1760 1760 1758 1758 1755 1755 1898 1898 1891 1891 1865 1865 3271 3271 3268 3268 3270 3270 1891 1891 1868 1868 1865 1865 1368 1368 1336 1336 1337 1337 1887 1887 1868 1868 1891 1891 1887 1887 1867 1867 1868 1868 1899 1899 1901 1901 1887 1887 1658 1658 1657 1657 1656 1656 1362 1362 1340 1340 1344 1344 842 842 777 777 841 841 841 841 777 777 760 760 1594 1594 1601 1601 1603 1603 777 777 732 732 760 760 722 722 723 723 720 720 91 91 90 90 88 88 3076 3076 3073 3073 3077 3077 819 819 824 824 723 723 813 813 819 819 809 809 3071 3071 3072 3072 3068 3068 76 76 58 58 69 69 69 69 67 67 75 75 74 74 67 67 68 68 1855 1855 1865 1865 1864 1864 1855 1855 1858 1858 1852 1852 1865 1865 1868 1868 1864 1864 1852 1852 1858 1858 1854 1854 1854 1854 1860 1860 1895 1895 1887 1887 1901 1901 1867 1867 1336 1336 1333 1333 1335 1335 1337 1337 1336 1336 1335 1335 4356 4356 4354 4354 4352 4352 1658 1658 1695 1695 1657 1657 836 836 736 736 835 835 4361 4361 4360 4360 4363 4363 760 760 736 736 836 836 2790 2790 2788 2788 2791 2791 841 841 760 760 836 836 760 760 733 733 736 736 732 732 731 731 760 760 731 731 733 733 760 760 732 732 719 719 731 731 732 732 721 721 719 719 721 721 720 720 719 719 720 720 716 716 719 719 1352 1352 1355 1355 1356 1356 723 723 814 814 720 720 723 723 824 824 814 814 1005 1005 1017 1017 1065 1065 3073 3073 3072 3072 3071 3071 821 821 828 828 813 813 813 813 828 828 819 819 67 67 54 54 68 68 3627 3627 3624 3624 3625 3625 70 70 66 66 78 78 77 77 66 66 61 61 3915 3915 3916 3916 3922 3922 1855 1855 1864 1864 1858 1858 1858 1858 1859 1859 1854 1854 1854 1854 1859 1859 1860 1860 1864 1864 1866 1866 1863 1863 1864 1864 1863 1863 1858 1858 1868 1868 1867 1867 1864 1864 1901 1901 1902 1902 1867 1867 863 863 836 836 835 835 1335 1335 1333 1333 1334 1334 864 864 841 841 836 836 4368 4368 4394 4394 4378 4378 835 835 736 736 834 834 834 834 736 736 737 737 1698 1698 1696 1696 1697 1697 1677 1677 1692 1692 1679 1679 2789 2789 2786 2786 2788 2788 1677 1677 1693 1693 1692 1692 736 736 733 733 735 735 736 736 735 735 737 737 733 733 734 734 735 735 731 731 719 719 718 718 718 718 734 734 733 733 720 720 818 818 716 716 90 90 89 89 88 88 814 814 818 818 720 720 3076 3076 3072 3072 3073 3073 1012 1012 1005 1005 1065 1065 57 57 58 58 76 76 58 58 22 22 69 69 22 22 39 39 69 69 69 69 39 39 67 67 1863 1863 1859 1859 1858 1858 1864 1864 1867 1867 1866 1866 1902 1902 1883 1883 1867 1867 4426 4426 4427 4427 4401 4401 4367 4367 4365 4365 4368 4368 1344 1344 1334 1334 1343 1343 1344 1344 1345 1345 1349 1349 735 735 738 738 737 737 734 734 804 804 735 735 719 719 716 716 718 718 90 90 92 92 89 89 88 88 62 62 63 63 1017 1017 1018 1018 1063 1063 57 57 28 28 58 58 54 54 47 47 68 68 3633 3633 3651 3651 3650 3650 3876 3876 3879 3879 3877 3877 1859 1859 1861 1861 1860 1860 1860 1860 1881 1881 1894 1894 1860 1860 1861 1861 1881 1881 1863 1863 1862 1862 1859 1859 1867 1867 1869 1869 1866 1866 1883 1883 1869 1869 1867 1867 834 834 737 737 833 833 833 833 743 743 831 831 737 737 743 743 833 833 743 743 748 748 831 831 743 743 739 739 748 748 737 737 738 738 739 739 737 737 739 739 743 743 1349 1349 1345 1345 1352 1352 735 735 804 804 741 741 735 735 741 741 738 738 1352 1352 1345 1345 1353 1353 718 718 820 820 734 734 716 716 717 717 718 718 1018 1018 1004 1004 1063 1063 1012 1012 1006 1006 1005 1005 1013 1013 1008 1008 1012 1012 1012 1012 1008 1008 1006 1006 39 39 38 38 67 67 67 67 38 38 54 54 54 54 53 53 47 47 68 68 47 47 72 72 3629 3629 3627 3627 3635 3635 3635 3635 3627 3627 3634 3634 71 71 48 48 70 70 70 70 48 48 66 66 48 48 49 49 66 66 49 49 61 61 66 66 1368 1368 1338 1338 1336 1336 1859 1859 1862 1862 1861 1861 833 833 831 831 857 857 857 857 831 831 837 837 831 831 832 832 837 837 837 837 832 832 838 838 831 831 748 748 832 832 832 832 748 748 759 759 748 748 752 752 759 759 739 739 745 745 748 748 748 748 745 745 752 752 738 738 740 740 739 739 738 738 741 741 740 740 1352 1352 1353 1353 1355 1355 820 820 825 825 734 734 825 825 804 804 734 734 718 718 717 717 820 820 93 93 62 62 89 89 818 818 827 827 716 716 716 716 827 827 717 717 1011 1011 1016 1016 1062 1062 1063 1063 1004 1004 1011 1011 1063 1063 1011 1011 1062 1062 62 62 30 30 23 23 63 63 62 62 23 23 1005 1005 999 999 998 998 1005 1005 998 998 1017 1017 1006 1006 999 999 1005 1005 22 22 32 32 39 39 1008 1008 1007 1007 1006 1006 3632 3632 3629 3629 3635 3635 72 72 47 47 71 71 71 71 47 47 48 48 1863 1863 1866 1866 1862 1862 1869 1869 1870 1870 1866 1866 838 838 765 765 839 839 832 832 765 765 838 838 794 794 840 840 766 766 794 794 774 774 796 796 794 794 766 766 774 774 832 832 759 759 765 765 766 766 771 771 772 772 766 766 772 772 774 774 765 765 764 764 766 766 766 766 764 764 771 771 759 759 755 755 765 765 752 752 755 755 759 759 745 745 739 739 744 744 745 745 753 753 752 752 740 740 744 744 739 739 1345 1345 1354 1354 1353 1353 804 804 805 805 741 741 740 740 799 799 744 744 825 825 826 826 804 804 92 92 108 108 73 73 73 73 62 62 93 93 1064 1064 1016 1016 1022 1022 31 31 30 30 62 62 1017 1017 998 998 1018 1018 998 998 1004 1004 1018 1018 15 15 22 22 28 28 1007 1007 999 999 1006 1006 3637 3637 3635 3635 3634 3634 3637 3637 3634 3634 3640 3640 1861 1861 1877 1877 1881 1881 1866 1866 1876 1876 1862 1862 1862 1862 1877 1877 1861 1861 3866 3866 3867 3867 3865 3865 1870 1870 1871 1871 1866 1866 1336 1336 1329 1329 1333 1333 1869 1869 1882 1882 1870 1870 4408 4408 4425 4425 4414 4414 839 839 765 765 840 840 1343 1343 1342 1342 1345 1345 765 765 755 755 756 756 765 765 756 756 764 764 755 755 754 754 756 756 744 744 746 746 745 745 745 745 746 746 753 753 752 752 753 753 754 754 804 804 826 826 805 805 741 741 805 805 740 740 740 740 805 805 799 799 744 744 799 799 746 746 108 108 65 65 73 73 73 73 65 65 62 62 62 62 65 65 31 31 20 20 15 15 28 28 998 998 996 996 1004 1004 22 22 29 29 32 32 1007 1007 1009 1009 999 999 32 32 35 35 38 38 1862 1862 1876 1876 1877 1877 1866 1866 1871 1871 1876 1876 4416 4416 4413 4413 4417 4417 1329 1329 1331 1331 1333 1333 1333 1333 1331 1331 1334 1334 3018 3018 3021 3021 3019 3019 764 764 762 762 771 771 764 764 756 756 762 762 762 762 770 770 771 771 762 762 768 768 770 770 771 771 770 770 772 772 756 756 754 754 757 757 756 756 757 757 758 758 1025 1025 1029 1029 1039 1039 1039 1039 1031 1031 1061 1061 753 753 797 797 754 754 746 746 797 797 753 753 1016 1016 1021 1021 1022 1022 30 30 21 21 23 23 1011 1011 1014 1014 1016 1016 1004 1004 995 995 1011 1011 1004 1004 996 996 995 995 17 17 29 29 22 22 998 998 997 997 996 996 999 999 997 997 998 998 35 35 37 37 38 38 38 38 40 40 54 54 3636 3636 3635 3635 3637 3637 3866 3866 3868 3868 3867 3867 4372 4372 4373 4373 4371 4371 1879 1879 1870 1870 1882 1882 1334 1334 1331 1331 1342 1342 1334 1334 1342 1342 1343 1343 1342 1342 1348 1348 1345 1345 1345 1345 1348 1348 1354 1354 762 762 758 758 763 763 763 763 767 767 762 762 762 762 767 767 768 768 767 767 781 781 768 768 1039 1039 1029 1029 1031 1031 1061 1061 1031 1031 1035 1035 797 797 783 783 754 754 754 754 783 783 757 757 799 799 812 812 746 746 812 812 817 817 746 746 746 746 817 817 797 797 1022 1022 1021 1021 1023 1023 1022 1022 1023 1023 1024 1024 783 783 776 776 757 757 783 783 807 807 776 776 776 776 775 775 757 757 995 995 1014 1014 1011 1011 1009 1009 1000 1000 1010 1010 1010 1010 1000 1000 999 999 999 999 1000 1000 997 997 37 37 40 40 38 38 3606 3606 3610 3610 3636 3636 42 42 45 45 47 47 47 47 45 45 46 46 47 47 46 46 48 48 443 443 476 476 444 444 1871 1871 1875 1875 1876 1876 1876 1876 1875 1875 1877 1877 1871 1871 1872 1872 1873 1873 1874 1874 1872 1872 1870 1870 1880 1880 1874 1874 1879 1879 1879 1879 1874 1874 1870 1870 2594 2594 2592 2592 2595 2595 65 65 59 59 31 31 1024 1024 1023 1023 1025 1025 1023 1023 1029 1029 1025 1025 767 767 780 780 781 781 1066 1066 1045 1045 1067 1067 1043 1043 1045 1045 1066 1066 2101 2101 2100 2100 2098 2098 758 758 757 757 775 775 758 758 775 775 763 763 763 763 779 779 767 767 775 775 779 779 763 763 767 767 779 779 780 780 994 994 995 995 996 996 776 776 784 784 775 775 784 784 788 788 779 779 775 775 784 784 779 779 779 779 788 788 790 790 779 779 790 790 780 780 780 780 790 790 793 793 29 29 33 33 32 32 997 997 1001 1001 994 994 997 997 994 994 996 996 807 807 806 806 776 776 806 806 785 785 776 776 776 776 785 785 784 784 35 35 36 36 37 37 788 788 787 787 790 790 787 787 791 791 790 790 787 787 792 792 791 791 48 48 46 46 49 49 4137 4137 4138 4138 4139 4139 462 462 446 446 461 461 446 446 442 442 461 461 446 446 445 445 442 442 445 445 443 443 442 442 442 442 443 443 439 439 443 443 444 444 439 439 1371 1371 1369 1369 1338 1338 444 444 436 436 439 439 444 444 440 440 436 436 4415 4415 4409 4409 4413 4413 440 440 447 447 435 435 1871 1871 1873 1873 1875 1875 1877 1877 1875 1875 1878 1878 1875 1875 1888 1888 1878 1878 2594 2594 2590 2590 2592 2592 1031 1031 1033 1033 1035 1035 1035 1035 1033 1033 1043 1043 2100 2100 2099 2099 2098 2098 995 995 1015 1015 1014 1014 1003 1003 1002 1002 1000 1000 1000 1000 1002 1002 997 997 997 997 1002 1002 1001 1001 2099 2099 2097 2097 2098 2098 2098 2098 2097 2097 2096 2096 37 37 41 41 40 40 806 806 786 786 785 785 785 785 786 786 784 784 784 784 786 786 787 787 786 786 789 789 787 787 792 792 795 795 791 791 4008 4008 4059 4059 4023 4023 481 481 442 442 441 441 4008 4008 4026 4026 4059 4059 3955 3955 4026 4026 4008 4008 442 442 439 439 441 441 436 436 432 432 437 437 439 439 436 436 437 437 436 436 435 435 432 432 436 436 440 440 435 435 493 493 487 487 447 447 447 447 487 487 435 435 1872 1872 1884 1884 1873 1873 1874 1874 1885 1885 1872 1872 1885 1885 1884 1884 1872 1872 1880 1880 1886 1886 1885 1885 1880 1880 1885 1885 1874 1874 177 177 173 173 131 131 1029 1029 1028 1028 1030 1030 1029 1029 1030 1030 1031 1031 1031 1031 1030 1030 1033 1033 1023 1023 1026 1026 1027 1027 1023 1023 1027 1027 1028 1028 1023 1023 1028 1028 1029 1029 1021 1021 1026 1026 1023 1023 1033 1033 1042 1042 1043 1043 1021 1021 1020 1020 1032 1032 1043 1043 1044 1044 1045 1045 1002 1002 1049 1049 1048 1048 3606 3606 3636 3636 3644 3644 3607 3607 3606 3606 3644 3644 3644 3644 3636 3636 3643 3643 2097 2097 2094 2094 2096 2096 3636 3636 3641 3641 3643 3643 42 42 44 44 45 45 3641 3641 3639 3639 3642 3642 2096 2096 2094 2094 2095 2095 787 787 789 789 792 792 2094 2094 2093 2093 2095 2095 786 786 798 798 789 789 441 441 438 438 454 454 437 437 432 432 433 433 435 435 431 431 432 432 487 487 486 486 435 435 1888 1888 1890 1890 1878 1878 1329 1329 1330 1330 1331 1331 1873 1873 1889 1889 1875 1875 149 149 161 161 150 150 1873 1873 1884 1884 1889 1889 151 151 161 161 149 149 1331 1331 1341 1341 1342 1342 3666 3666 3667 3667 3668 3668 125 125 158 158 152 152 2590 2590 2593 2593 2591 2591 2590 2590 2591 2591 2592 2592 1348 1348 1351 1351 1354 1354 107 107 102 102 65 65 65 65 102 102 99 99 65 65 99 99 98 98 65 65 98 98 59 59 1030 1030 1036 1036 1033 1033 1033 1033 1036 1036 1042 1042 2118 2118 2110 2110 2100 2100 2100 2100 2110 2110 2099 2099 643 643 627 627 647 647 37 37 109 109 41 41 2099 2099 2110 2110 2097 2097 1932 1932 1928 1928 1934 1934 1934 1934 1928 1928 1929 1929 1931 1931 1930 1930 1928 1928 1932 1932 1931 1931 1928 1928 1930 1930 1927 1927 1928 1928 3643 3643 3641 3641 3645 3645 3645 3645 3641 3641 3642 3642 2097 2097 2104 2104 2094 2094 46 46 51 51 52 52 798 798 792 792 789 789 792 792 798 798 795 795 795 795 798 798 810 810 454 454 438 438 429 429 434 434 427 427 429 429 438 438 433 433 434 434 434 434 433 433 427 427 433 433 432 432 427 427 1339 1339 1332 1332 1338 1338 435 435 471 471 431 431 1329 1329 1332 1332 1330 1330 487 487 492 492 486 486 492 492 471 471 486 486 150 150 163 163 194 194 161 161 163 163 150 150 1875 1875 1889 1889 1888 1888 158 158 159 159 161 161 1885 1885 1919 1919 1884 1884 1342 1342 1341 1341 1348 1348 1886 1886 1923 1923 1885 1885 1886 1886 1903 1903 1923 1923 137 137 60 60 125 125 1903 1903 1905 1905 1923 1923 1903 1903 1904 1904 1905 1905 59 59 98 98 60 60 1028 1028 1034 1034 1030 1030 3304 3304 3299 3299 3302 3302 3302 3302 3299 3299 3301 3301 3299 3299 3300 3300 3301 3301 3299 3299 3303 3303 3300 3300 1042 1042 1046 1046 1044 1044 2118 2118 2117 2117 2110 2110 1933 1933 1929 1929 1925 1925 1929 1929 1926 1926 1925 1925 2110 2110 2104 2104 2097 2097 1929 1929 1928 1928 1926 1926 1928 1928 1927 1927 1926 1926 3645 3645 3642 3642 3646 3646 2104 2104 2102 2102 2094 2094 2094 2094 2092 2092 2093 2093 2092 2092 2091 2091 2093 2093 798 798 811 811 810 810 3999 3999 4000 4000 3993 3993 438 438 434 434 429 429 428 428 427 427 411 411 427 427 426 426 411 411 431 431 430 430 426 426 431 431 475 475 430 430 708 708 605 605 606 606 3663 3663 3664 3664 3665 3665 161 161 160 160 163 163 159 159 160 160 161 161 1889 1889 1890 1890 1888 1888 1884 1884 1919 1919 1889 1889 1341 1341 1351 1351 1348 1348 158 158 125 125 128 128 1923 1923 1920 1920 1885 1885 1885 1885 1920 1920 1919 1919 1911 1911 1920 1920 1923 1923 1034 1034 1047 1047 1030 1030 1041 1041 1040 1040 1026 1026 1026 1026 1040 1040 1027 1027 3513 3513 3515 3515 3514 3514 1906 1906 1924 1924 1907 1907 2117 2117 2111 2111 2110 2110 1925 1925 1926 1926 1914 1914 2110 2110 2109 2109 2104 2104 1926 1926 1927 1927 1914 1914 3643 3643 3645 3645 3647 3647 3647 3647 3645 3645 3646 3646 2102 2102 2092 2092 2094 2094 2091 2091 2089 2089 2093 2093 425 425 411 411 410 410 411 411 426 426 412 412 411 411 412 412 409 409 411 411 409 409 410 410 426 426 413 413 412 412 412 412 413 413 409 409 426 426 430 430 413 413 430 430 480 480 413 413 475 475 478 478 430 430 163 163 164 164 165 165 1304 1304 1302 1302 1303 1303 160 160 164 164 163 163 605 605 603 603 602 602 159 159 128 128 129 129 1889 1889 1918 1918 1917 1917 1889 1889 1917 1917 1890 1890 1919 1919 1918 1918 1889 1889 1917 1917 1921 1921 1890 1890 60 60 105 105 125 125 1920 1920 1909 1909 1919 1919 1919 1919 1909 1909 1918 1918 1034 1034 1053 1053 1047 1047 1920 1920 1911 1911 1909 1909 1910 1910 1906 1906 1909 1909 1911 1911 1910 1910 1909 1909 642 642 632 632 648 648 110 110 138 138 111 111 1906 1906 1907 1907 1908 1908 1907 1907 1925 1925 1908 1908 115 115 116 116 114 114 1925 1925 1914 1914 1908 1908 2110 2110 2111 2111 2109 2109 3647 3647 3646 3646 3648 3648 2109 2109 2105 2105 2104 2104 2104 2104 2103 2103 2102 2102 3958 3958 4005 4005 3956 3956 425 425 410 410 460 460 3884 3884 3885 3885 3882 3882 1986 1986 1985 1985 1987 1987 430 430 478 478 480 480 165 165 166 166 167 167 1301 1301 1296 1296 1295 1295 475 475 494 494 478 478 170 170 167 167 171 171 159 159 129 129 160 160 1341 1341 1346 1346 1351 1351 125 125 105 105 128 128 1917 1917 1922 1922 1921 1921 614 614 615 615 632 632 100 100 98 98 99 99 98 98 101 101 105 105 1909 1909 1912 1912 1918 1918 1912 1912 1913 1913 1918 1918 1918 1918 1913 1913 1917 1917 1917 1917 1913 1913 1915 1915 1917 1917 1915 1915 1922 1922 1909 1909 1908 1908 1912 1912 1912 1912 1908 1908 1913 1913 1914 1914 1916 1916 1915 1915 1913 1913 1914 1914 1915 1915 1908 1908 1914 1914 1913 1913 2103 2103 2090 2090 2092 2092 2102 2102 2103 2103 2092 2092 2092 2092 2090 2090 2091 2091 2091 2091 2090 2090 2085 2085 2091 2091 2085 2085 2089 2089 2089 2089 2085 2085 2088 2088 3507 3507 3508 3508 3505 3505 410 410 407 407 460 460 410 410 409 409 407 407 409 409 413 413 408 408 1339 1339 1367 1367 1332 1332 413 413 485 485 408 408 165 165 164 164 166 166 1290 1290 1282 1282 1289 1289 1287 1287 1282 1282 1290 1290 1330 1330 1346 1346 1341 1341 122 122 104 104 100 100 2593 2593 2597 2597 2591 2591 2591 2591 2597 2597 2596 2596 100 100 101 101 98 98 2530 2530 2495 2495 2536 2536 1967 1967 1970 1970 1985 1985 409 409 408 408 407 407 480 480 485 485 413 413 1332 1332 1347 1347 1330 1330 167 167 169 169 171 171 105 105 120 120 128 128 132 132 133 133 117 117 2090 2090 2086 2086 2085 2085 2085 2085 2087 2087 2088 2088 460 460 407 407 484 484 407 407 408 408 405 405 1970 1970 1976 1976 1982 1982 485 485 474 474 408 408 1300 1300 1298 1298 1297 1297 166 166 168 168 167 167 168 168 169 169 167 167 171 171 172 172 188 188 1269 1269 1254 1254 1295 1295 1296 1296 1269 1269 1295 1295 1295 1295 1254 1254 1294 1294 1347 1347 1350 1350 1330 1330 1330 1330 1350 1350 1346 1346 2108 2108 2107 2107 2105 2105 2105 2105 2107 2107 2103 2103 2103 2103 2106 2106 2090 2090 2085 2085 2086 2086 2087 2087 407 407 405 405 406 406 1279 1279 1278 1278 1277 1277 408 408 474 474 405 405 485 485 488 488 474 474 1979 1979 1977 1977 1980 1980 1291 1291 1281 1281 1285 1285 171 171 169 169 172 172 2103 2103 2107 2107 2106 2106 2106 2106 2119 2119 2090 2090 2090 2090 2119 2119 2086 2086 4014 4014 3965 3965 3967 3967 4014 4014 3967 3967 3998 3998 4134 4134 4135 4135 4136 4136 405 405 402 402 406 406 1278 1278 1276 1276 1277 1277 1269 1269 1252 1252 1254 1254 1255 1255 1258 1258 1297 1297 1298 1298 1255 1255 1297 1297 1254 1254 1255 1255 1294 1294 1297 1297 1258 1258 1299 1299 2986 2986 2987 2987 2988 2988 2998 2998 2986 2986 2988 2988 2988 2988 2987 2987 2999 2999 2987 2987 3000 3000 2999 2999 2108 2108 2112 2112 2107 2107 2119 2119 2087 2087 2086 2086 3495 3495 3494 3494 3493 3493 3677 3677 3678 3678 3679 3679 2498 2498 2499 2499 2501 2501 1284 1284 1292 1292 1278 1278 1278 1278 1292 1292 1283 1283 1277 1277 1274 1274 1273 1273 1273 1273 1274 1274 1252 1252 405 405 474 474 403 403 1515 1515 1513 1513 1511 1511 2127 2127 2124 2124 2149 2149 2127 2127 2122 2122 2124 2124 3709 3709 3710 3710 3711 3711 2149 2149 2124 2124 2153 2153 2124 2124 2147 2147 2153 2153 2989 2989 2987 2987 2986 2986 3490 3490 3491 3491 3492 3492 3589 3589 3590 3590 3591 3591 2529 2529 2539 2539 2512 2512 2512 2512 2539 2539 2541 2541 3490 3490 3492 3492 3497 3497 3983 3983 3989 3989 3985 3985 2501 2501 2486 2486 2511 2511 2796 2796 2797 2797 2798 2798 2511 2511 2486 2486 2491 2491 1283 1283 1280 1280 1276 1276 2491 2491 2486 2486 2488 2488 1284 1284 1293 1293 1292 1292 405 405 403 403 402 402 1252 1252 1253 1253 1254 1254 1254 1254 1253 1253 1255 1255 1511 1511 1508 1508 1514 1514 1514 1514 1508 1508 1509 1509 2128 2128 2129 2129 2122 2122 4044 4044 4046 4046 4045 4045 2128 2128 2122 2122 2127 2127 2122 2122 2121 2121 2124 2124 2124 2124 2121 2121 2147 2147 3195 3195 3198 3198 3201 3201 2135 2135 2140 2140 2147 2147 2991 2991 2989 2989 2986 2986 2991 2991 2990 2990 2989 2989 2989 2989 2990 2990 2987 2987 1494 1494 1495 1495 1503 1503 2621 2621 2622 2622 2623 2623 658 658 674 674 661 661 406 406 402 402 477 477 402 402 414 414 477 477 1272 1272 1256 1256 1252 1252 1252 1252 1256 1256 1253 1253 2130 2130 2129 2129 2128 2128 1255 1255 1257 1257 1258 1258 1511 1511 1513 1513 1512 1512 2120 2120 2121 2121 2122 2122 3195 3195 3196 3196 3197 3197 2135 2135 2137 2137 2140 2140 2137 2137 2151 2151 2140 2140 3196 3196 3199 3199 3197 3197 2991 2991 2993 2993 2992 2992 2992 2992 2990 2990 2991 2991 2624 2624 2627 2627 2622 2622 2621 2621 2624 2624 2622 2622 676 676 675 675 674 674 402 402 404 404 414 414 4041 4041 4043 4043 4042 4042 402 402 403 403 404 404 2154 2154 2130 2130 2128 2128 2144 2144 2129 2129 2130 2130 2680 2680 2674 2674 2681 2681 403 403 457 457 404 404 2134 2134 2122 2122 2129 2129 2614 2614 2616 2616 2617 2617 1512 1512 1510 1510 1511 1511 1511 1511 1510 1510 1508 1508 1509 1509 1508 1508 1507 1507 3413 3413 3414 3414 3415 3415 2122 2122 2123 2123 2120 2120 2805 2805 2804 2804 2806 2806 2120 2120 2126 2126 2121 2121 2126 2126 2135 2135 2121 2121 2126 2126 2136 2136 2135 2135 2136 2136 2137 2137 2135 2135 1494 1494 1492 1492 1495 1495 2625 2625 2624 2624 2621 2621 2514 2514 2516 2516 2509 2509 2516 2516 2524 2524 2509 2509 2509 2509 2524 2524 2510 2510 1270 1270 1268 1268 1253 1253 465 465 453 453 466 466 2144 2144 2130 2130 2146 2146 2146 2146 2130 2130 2154 2154 404 404 416 416 415 415 414 414 404 404 415 415 1258 1258 1257 1257 1259 1259 2145 2145 2129 2129 2144 2144 2129 2129 2145 2145 2134 2134 2614 2614 2615 2615 2616 2616 2616 2616 2615 2615 2620 2620 404 404 417 417 416 416 457 457 417 417 404 404 1510 1510 1500 1500 1508 1508 1500 1500 1501 1501 1508 1508 1501 1501 1507 1507 1508 1508 1507 1507 1501 1501 1506 1506 2123 2123 2125 2125 2120 2120 1506 1506 1501 1501 1504 1504 3397 3397 3395 3395 3394 3394 2120 2120 2125 2125 2126 2126 2802 2802 2804 2804 2805 2805 3394 3394 3395 3395 3396 3396 2141 2141 2136 2136 2126 2126 3547 3547 3540 3540 3544 3544 2966 2966 2965 2965 2964 2964 2966 2966 2964 2964 2973 2973 2568 2568 2581 2581 2573 2573 2964 2964 2975 2975 2973 2973 2994 2994 2992 2992 2993 2993 1505 1505 1491 1491 1493 1493 1493 1493 1491 1491 1492 1492 1493 1493 1492 1492 1494 1494 3986 3986 3987 3987 3991 3991 415 415 450 450 452 452 450 450 453 453 452 452 452 452 453 453 465 465 1268 1268 1267 1267 1257 1257 415 415 416 416 450 450 416 416 449 449 450 450 450 450 449 449 453 453 453 453 468 468 466 466 2150 2150 2145 2145 2144 2144 2618 2618 2615 2615 2614 2614 2619 2619 2618 2618 2614 2614 1259 1259 1261 1261 1262 1262 417 417 418 418 416 416 2132 2132 2131 2131 2123 2123 3416 3416 3414 3414 3413 3413 418 418 419 419 416 416 2123 2123 2131 2131 2125 2125 1501 1501 1499 1499 1504 1504 418 418 421 421 419 419 1499 1499 1496 1496 1504 1504 3540 3540 3542 3542 3543 3543 1504 1504 1491 1491 1505 1505 418 418 422 422 421 421 3539 3539 3540 3540 3547 3547 2136 2136 2138 2138 2137 2137 421 421 422 422 424 424 2995 2995 2994 2994 2993 2993 3455 3455 3454 3454 3453 3453 2598 2598 2601 2601 2605 2605 2625 2625 2626 2626 2624 2624 1257 1257 1260 1260 1259 1259 1259 1259 1260 1260 1261 1261 449 449 448 448 453 453 453 453 448 448 468 468 2145 2145 2150 2150 2132 2132 3418 3418 3416 3416 3417 3417 449 449 416 416 448 448 468 468 448 448 469 469 468 468 469 469 470 470 2132 2132 2148 2148 2131 2131 1262 1262 1261 1261 1263 1263 416 416 419 419 420 420 416 416 420 420 448 448 2148 2148 2133 2133 2131 2131 2131 2131 2133 2133 2125 2125 2884 2884 2885 2885 2886 2886 1500 1500 1499 1499 1501 1501 3602 3602 3603 3603 3604 3604 2125 2125 2139 2139 2141 2141 3596 3596 3597 3597 3598 3598 2139 2139 2136 2136 2141 2141 2139 2139 2138 2138 2136 2136 421 421 423 423 419 419 1496 1496 1491 1491 1504 1504 421 421 424 424 423 423 2963 2963 2964 2964 2965 2965 2964 2964 2967 2967 2975 2975 3455 3455 3456 3456 3454 3454 1496 1496 1489 1489 1491 1491 1489 1489 1490 1490 1491 1491 1491 1491 1490 1490 1492 1492 2626 2626 2628 2628 2624 2624 1257 1257 1267 1267 1260 1260 458 458 473 473 469 469 1510 1510 1502 1502 1500 1500 448 448 458 458 469 469 448 448 451 451 458 458 451 451 459 459 458 458 1502 1502 1498 1498 1500 1500 1500 1500 1498 1498 1499 1499 420 420 423 423 448 448 448 448 423 423 451 451 2133 2133 2142 2142 2139 2139 2139 2139 2142 2142 2138 2138 3539 3539 3538 3538 3540 3540 3540 3540 3541 3541 3542 3542 1498 1498 1497 1497 1496 1496 1499 1499 1498 1498 1496 1496 490 490 483 483 489 489 2963 2963 2968 2968 2967 2967 1496 1496 1497 1497 1489 1489 2963 2963 2967 2967 2964 2964 1260 1260 1264 1264 1261 1261 1261 1261 1265 1265 1263 1263 1263 1263 1265 1265 1266 1266 2884 2884 2887 2887 2885 2885 458 458 472 472 473 473 458 458 459 459 472 472 459 459 463 463 472 472 2142 2142 2143 2143 2138 2138 2138 2138 2143 2143 2152 2152 3537 3537 3538 3538 3539 3539 3545 3545 3541 3541 3540 3540 3538 3538 3545 3545 3540 3540 2974 2974 2983 2983 2975 2975 2598 2598 2600 2600 2601 2601 2528 2528 2538 2538 2523 2523 2612 2612 2610 2610 2609 2609 2610 2610 2607 2607 2609 2609 3263 3263 3257 3257 3219 3219 2608 2608 2607 2607 2603 2603 451 451 456 456 459 459 459 459 456 456 463 463 455 455 456 456 451 451 464 464 482 482 463 463 463 463 482 482 483 483 2969 2969 2967 2967 2968 2968 2969 2969 2970 2970 2967 2967 2970 2970 2974 2974 2967 2967 2967 2967 2974 2974 2975 2975 3465 3465 3458 3458 3456 3456 2542 2542 2543 2543 2525 2525 2523 2523 2542 2542 2525 2525 456 456 455 455 467 467 2982 2982 2979 2979 2977 2977 2982 2982 2977 2977 2971 2971 2972 2972 2971 2971 2969 2969 456 456 464 464 463 463 2971 2971 2977 2977 2970 2970 2971 2971 2970 2970 2969 2969 2543 2543 2544 2544 2525 2525 2985 2985 2984 2984 2981 2981 2981 2981 2984 2984 2980 2980 2576 2576 2572 2572 2575 2575 2981 2981 2980 2980 2979 2979 2979 2979 2980 2980 2978 2978 2979 2979 2978 2978 2977 2977 2977 2977 2978 2978 2976 2976 2977 2977 2976 2976 2970 2970 2970 2970 2976 2976 2974 2974 3242 3242 3241 3241 3255 3255 2655 2655 2652 2652 2654 2654 2554 2554 2551 2551 2553 2553 4242 4242 4241 4241 4240 4240 4237 4237 4212 4212 4236 4236 2653 2653 2654 2654 2652 2652 2648 2648 2652 2652 2650 2650 2553 2553 2551 2551 2552 2552 2552 2552 2551 2551 2546 2546 2546 2546 2551 2551 2547 2547 2551 2551 2556 2556 2547 2547 2547 2547 2556 2556 2555 2555 4245 4245 4242 4242 4246 4246 2234 2234 2232 2232 2233 2233 2232 2232 2231 2231 2228 2228 2228 2228 2231 2231 2229 2229 2653 2653 2652 2652 2651 2651 2651 2651 2652 2652 2648 2648 2648 2648 2650 2650 2649 2649 913 913 963 963 912 912 2546 2546 2547 2547 2548 2548 2555 2555 2550 2550 2547 2547 3384 3384 3381 3381 3383 3383 2753 2753 2755 2755 2732 2732 2726 2726 2724 2724 2723 2723 2754 2754 2756 2756 2753 2753 2651 2651 2648 2648 2647 2647 2648 2648 2649 2649 2645 2645 912 912 906 906 913 913 906 906 912 912 911 911 963 963 984 984 947 947 912 912 963 963 947 947 911 911 912 912 947 947 2547 2547 2550 2550 2549 2549 2548 2548 2547 2547 2549 2549 3381 3381 3388 3388 3382 3382 2726 2726 2723 2723 2725 2725 2725 2725 2723 2723 2717 2717 2754 2754 2753 2753 2737 2737 2753 2753 2732 2732 2735 2735 2732 2732 2750 2750 2729 2729 2729 2729 2750 2750 2726 2726 3295 3295 3291 3291 3294 3294 3291 3291 3292 3292 3293 3293 3294 3294 3291 3291 3293 3293 3035 3035 3037 3037 3033 3033 2228 2228 2229 2229 2230 2230 903 903 946 946 904 904 904 904 946 946 921 921 2657 2657 2653 2653 2656 2656 2653 2653 2651 2651 2656 2656 902 902 904 904 905 905 903 903 904 904 902 902 905 905 904 904 920 920 904 904 921 921 920 920 2651 2651 2647 2647 2656 2656 906 906 905 905 920 920 2648 2648 2645 2645 2647 2647 902 902 905 905 906 906 907 907 902 902 906 906 907 907 906 906 911 911 976 976 947 947 981 981 976 976 981 981 978 978 911 911 947 947 948 948 2729 2729 2726 2726 2728 2728 2728 2728 2726 2726 2725 2725 2733 2733 2725 2725 2727 2727 2727 2727 2725 2725 2717 2717 2739 2739 2754 2754 2737 2737 2717 2717 2719 2719 2722 2722 909 909 969 969 970 970 2235 2235 2228 2228 2230 2230 903 903 909 909 926 926 2230 2230 2229 2229 2239 2239 898 898 909 909 903 903 903 903 926 926 946 946 2230 2230 2239 2239 2238 2238 2563 2563 2560 2560 2559 2559 2563 2563 2559 2559 2565 2565 902 902 898 898 903 903 3013 3013 3016 3016 3011 3011 3016 3016 3014 3014 3011 3011 2656 2656 2647 2647 2644 2644 2644 2644 2647 2647 2645 2645 3012 3012 3013 3013 3011 3011 910 910 902 902 907 907 539 539 543 543 556 556 2327 2327 2319 2319 2318 2318 977 977 976 976 978 978 2319 2319 2317 2317 2318 2318 979 979 977 977 978 978 2318 2318 2317 2317 2314 2314 2314 2314 2317 2317 2315 2315 3439 3439 3437 3437 3438 3438 2732 2732 2731 2731 2735 2735 2736 2736 2735 2735 2731 2731 2731 2731 2732 2732 2729 2729 2731 2731 2729 2729 2730 2730 2730 2730 2729 2729 2728 2728 982 982 960 960 919 919 919 919 960 960 917 917 2734 2734 2725 2725 2733 2733 2727 2727 2717 2717 2722 2722 916 916 917 917 924 924 916 916 924 924 927 927 2435 2435 2432 2432 2433 2433 916 916 969 969 909 909 898 898 916 916 909 909 2235 2235 2230 2230 2236 2236 3035 3035 3033 3033 3032 3032 2560 2560 2566 2566 2557 2557 2559 2559 2560 2560 2557 2557 2230 2230 2238 2238 2237 2237 2237 2237 2238 2238 2241 2241 3009 3009 3011 3011 3014 3014 3009 3009 3014 3014 3015 3015 2644 2644 2645 2645 2646 2646 901 901 898 898 902 902 901 901 902 902 910 910 901 901 910 910 922 922 1816 1816 1820 1820 1819 1819 1544 1544 1538 1538 1541 1541 2306 2306 2299 2299 2304 2304 2304 2304 2299 2299 2302 2302 2299 2299 2300 2300 2301 2301 1524 1524 1520 1520 1516 1516 2301 2301 2300 2300 2303 2303 2752 2752 2754 2754 2739 2739 2736 2736 2737 2737 2735 2735 4150 4150 4149 4149 4158 4158 951 951 982 982 919 919 897 897 919 919 917 917 897 897 917 917 916 916 924 924 988 988 986 986 894 894 897 897 896 896 897 897 916 916 898 898 896 896 897 897 898 898 3032 3032 3033 3033 3034 3034 3032 3032 3034 3034 3036 3036 2236 2236 2230 2230 2237 2237 3276 3276 3279 3279 3277 3277 899 899 896 896 898 898 899 899 898 898 901 901 899 899 901 901 922 922 1816 1816 1817 1817 1818 1818 2312 2312 2313 2313 2307 2307 2313 2313 2306 2306 2307 2307 2307 2307 2306 2306 2304 2304 2249 2249 2252 2252 2248 2248 2301 2301 2302 2302 2299 2299 2752 2752 2739 2739 2741 2741 2303 2303 2305 2305 2296 2296 4160 4160 4150 4150 4158 4158 2739 2739 2737 2737 2738 2738 2738 2738 2737 2737 2736 2736 2783 2783 2784 2784 2779 2779 965 965 962 962 883 883 962 962 951 951 883 883 883 883 951 951 908 908 908 908 951 951 919 919 3434 3434 3435 3435 3432 3432 897 897 908 908 919 919 908 908 897 897 894 894 3036 3036 3034 3034 3038 3038 895 895 894 894 896 896 895 895 896 896 900 900 900 900 896 896 899 899 2564 2564 2559 2559 2561 2561 966 966 918 918 967 967 918 918 895 895 900 900 3009 3009 3015 3015 3010 3010 3008 3008 3009 3009 3010 3010 967 967 918 918 968 968 968 968 918 918 900 900 900 900 899 899 914 914 914 914 899 899 922 922 968 968 900 900 915 915 915 915 900 900 914 914 914 914 922 922 928 928 922 922 980 980 928 928 964 964 968 968 915 915 2314 2314 2316 2316 2326 2326 928 928 980 980 972 972 2320 2320 2324 2324 2325 2325 2253 2253 2255 2255 2257 2257 2248 2248 2252 2252 2253 2253 2307 2307 2304 2304 2308 2308 2271 2271 2276 2276 2274 2274 2274 2274 2276 2276 2278 2278 3203 3203 3202 3202 3206 3206 3202 3202 3204 3204 3205 3205 2273 2273 2274 2274 2275 2275 2274 2274 2278 2278 2279 2279 2275 2275 2274 2274 2279 2279 2275 2275 2279 2279 2293 2293 2279 2279 2278 2278 2280 2280 2301 2301 2303 2303 2295 2295 2741 2741 2739 2739 2740 2740 2303 2303 2296 2296 2295 2295 2781 2781 2783 2783 2779 2779 954 954 965 965 883 883 2779 2779 2782 2782 2780 2780 989 989 993 993 992 992 989 989 992 992 991 991 3675 3675 3673 3673 3672 3672 3434 3434 3432 3432 3431 3431 3672 3672 3673 3673 3674 3674 883 883 908 908 894 894 3363 3363 3361 3361 3360 3360 883 883 894 894 884 884 895 895 884 884 894 894 3039 3039 3036 3036 3038 3038 2561 2561 2558 2558 2562 2562 3278 3278 3275 3275 3277 3277 3275 3275 3276 3276 3277 3277 884 884 895 895 918 918 545 545 504 504 542 542 504 504 545 545 522 522 966 966 884 884 918 918 914 914 928 928 915 915 915 915 928 928 964 964 560 560 557 557 565 565 2253 2253 2257 2257 2256 2256 2312 2312 2307 2307 2310 2310 2251 2251 2248 2248 2253 2253 2310 2310 2307 2307 2309 2309 2309 2309 2307 2307 2308 2308 2271 2271 2274 2274 2273 2273 2264 2264 2271 2271 2273 2273 1545 1545 1525 1525 1530 1530 2751 2751 2752 2752 2744 2744 1534 1534 1530 1530 1531 1531 1534 1534 1531 1531 1533 1533 2279 2279 2280 2280 2281 2281 2281 2281 2280 2280 2282 2282 2740 2740 2739 2739 2738 2738 2295 2295 2296 2296 2297 2297 2298 2298 2295 2295 2297 2297 2781 2781 2779 2779 2778 2778 2778 2778 2779 2779 2780 2780 2296 2296 2305 2305 2297 2297 990 990 988 988 989 989 3436 3436 3434 3434 3431 3431 990 990 989 989 991 991 1397 1397 1401 1401 1402 1402 3431 3431 3432 3432 3433 3433 3360 3360 3361 3361 3362 3362 4178 4178 4176 4176 4177 4177 4177 4177 4176 4176 4175 4175 4175 4175 4176 4176 4174 4174 882 882 883 883 884 884 4176 4176 4250 4250 4174 4174 928 928 972 972 971 971 964 964 928 928 971 971 2326 2326 2316 2316 2320 2320 985 985 964 964 971 971 985 985 971 971 974 974 973 973 987 987 974 974 2251 2251 2253 2253 2256 2256 2311 2311 2310 2310 2309 2309 2265 2265 2269 2269 2271 2271 2265 2265 2271 2271 2264 2264 2263 2263 2265 2265 2264 2264 2265 2265 2263 2263 2266 2266 2263 2263 2264 2264 2262 2262 2263 2263 2262 2262 2261 2261 2261 2261 2262 2262 2259 2259 2246 2246 2245 2245 2247 2247 2742 2742 2741 2741 2740 2740 1408 1408 1410 1410 1399 1399 2785 2785 2781 2781 2778 2778 3501 3501 3502 3502 3503 3503 4201 4201 4203 4203 4202 4202 885 885 954 954 883 883 3689 3689 3690 3690 3681 3681 1402 1402 1401 1401 1403 1403 1402 1402 1403 1403 1404 1404 1404 1404 1403 1403 1414 1414 882 882 885 885 883 883 3362 3362 3364 3364 3360 3360 4174 4174 4169 4169 4166 4166 925 925 882 882 884 884 971 971 972 972 973 973 971 971 973 973 974 974 2283 2283 2285 2285 2270 2270 2268 2268 2270 2270 2269 2269 2268 2268 2269 2269 2265 2265 4051 4051 4052 4052 4050 4050 2261 2261 2266 2266 2263 2263 2288 2288 2266 2266 2261 2261 3853 3853 3854 3854 3852 3852 3284 3284 3280 3280 3282 3282 2746 2746 2749 2749 2744 2744 3280 3280 3281 3281 3282 3282 2744 2744 2741 2741 2743 2743 3852 3852 3854 3854 3855 3855 2261 2261 2259 2259 2258 2258 2258 2258 2259 2259 2260 2260 3282 3282 3281 3281 3283 3283 953 953 954 954 885 885 4188 4188 4198 4198 4197 4197 2283 2283 2270 2270 2272 2272 2284 2284 2283 2283 2272 2272 2272 2272 2270 2270 2268 2268 2289 2289 2283 2283 2284 2284 2268 2268 2265 2265 2267 2267 2267 2267 2265 2265 2266 2266 2267 2267 2266 2266 2288 2288 2289 2289 2284 2284 2290 2290 2290 2290 2284 2284 2286 2286 3856 3856 4051 4051 4050 4050 3856 3856 4050 4050 4030 4030 3853 3853 3852 3852 3849 3849 3852 3852 3851 3851 3849 3849 2748 2748 2749 2749 2746 2746 2741 2741 2742 2742 2743 2743 2294 2294 2290 2290 2291 2291 1410 1410 1413 1413 1399 1399 886 886 885 885 882 882 886 886 882 882 925 925 502 502 546 546 542 542 4167 4167 4166 4166 4169 4169 2272 2272 2268 2268 2267 2267 3848 3848 3856 3856 3846 3846 2286 2286 2284 2284 2272 2272 2267 2267 2288 2288 2287 2287 4125 4125 4128 4128 4126 4126 3286 3286 3284 3284 3285 3285 3284 3284 3282 3282 3285 3285 2746 2746 2744 2744 2745 2745 2745 2745 2744 2744 2743 2743 2291 2291 2290 2290 2286 2286 2291 2291 2286 2286 2277 2277 956 956 953 953 887 887 887 887 953 953 885 885 516 516 568 568 541 541 4545 4545 4544 4544 4543 4543 3844 3844 3848 3848 3846 3846 3286 3286 3285 3285 3287 3287 2286 2286 2272 2272 2277 2277 2277 2277 2272 2272 2267 2267 2277 2277 2267 2267 2287 2287 2747 2747 2748 2748 2746 2746 2291 2291 2277 2277 2292 2292 1413 1413 1416 1416 1398 1398 886 886 887 887 885 885 4523 4523 4545 4545 4543 4543 3846 3846 4030 4030 3847 3847 3849 3849 3844 3844 4033 4033 4033 4033 3844 3844 3842 3842 3287 3287 3285 3285 3288 3288 4125 4125 4126 4126 4127 4127 2747 2747 2746 2746 2745 2745 950 950 959 959 956 956 1478 1478 1477 1477 1485 1485 888 888 887 887 886 886 3571 3571 3563 3563 3570 3570 4476 4476 4474 4474 4477 4477 3844 3844 3846 3846 3845 3845 3845 3845 3846 3846 3847 3847 3832 3832 3835 3835 3834 3834 950 950 956 956 887 887 1465 1465 1477 1477 1478 1478 550 550 546 546 498 498 4471 4471 4474 4474 4472 4472 3840 3840 4033 4033 3842 3842 3845 3845 3847 3847 3858 3858 3287 3287 3288 3288 3289 3289 3831 3831 3837 3837 4033 4033 3831 3831 4033 4033 3830 3830 929 929 975 975 959 959 1468 1468 1465 1465 1478 1478 889 889 950 950 887 887 889 889 887 887 888 888 550 550 498 498 519 519 518 518 520 520 508 508 507 507 506 506 508 508 4474 4474 4476 4476 4472 4472 3830 3830 4033 4033 3840 3840 3840 3840 3842 3842 3841 3841 3842 3842 3844 3844 3841 3841 3844 3844 3845 3845 3841 3841 3841 3841 3845 3845 3858 3858 3858 3858 3847 3847 3948 3948 3289 3289 3288 3288 3290 3290 945 945 983 983 929 929 929 929 983 983 975 975 3832 3832 3834 3834 3831 3831 929 929 959 959 950 950 1468 1468 1478 1478 1472 1472 4481 4481 4462 4462 4478 4478 3828 3828 3832 3832 3831 3831 945 945 929 929 952 952 929 929 950 950 889 889 890 890 889 889 888 888 4455 4455 4462 4462 4454 4454 1990 1990 1989 1989 1993 1993 3003 3003 3005 3005 3006 3006 1810 1810 1809 1809 1807 1807 1807 1807 1809 1809 1808 1808 1807 1807 1808 1808 1805 1805 3830 3830 3840 3840 3839 3839 944 944 961 961 942 942 961 961 955 955 942 942 3833 3833 3832 3832 3828 3828 955 955 945 945 942 942 891 891 929 929 889 889 890 890 891 891 889 889 551 551 550 550 519 519 547 547 520 520 521 521 549 549 519 519 507 507 1988 1988 1989 1989 1990 1990 1806 1806 1807 1807 1805 1805 3828 3828 3831 3831 3830 3830 3840 3840 3841 3841 3839 3839 3839 3839 3841 3841 3843 3843 3843 3843 3841 3841 3858 3858 1466 1466 1468 1468 1472 1472 942 942 945 945 935 935 1461 1461 1468 1468 1466 1466 935 935 945 945 930 930 930 930 945 945 952 952 952 952 929 929 891 891 930 930 952 952 891 891 1449 1449 1452 1452 1461 1461 931 931 930 930 923 923 930 930 891 891 923 923 892 892 891 891 890 890 892 892 890 890 893 893 4517 4517 4489 4489 4492 4492 547 547 549 549 507 507 4450 4450 4455 4455 4454 4454 273 273 252 252 272 272 1991 1991 1988 1988 1990 1990 203 203 206 206 208 208 251 251 203 203 208 208 1990 1990 1993 1993 1992 1992 4480 4480 4481 4481 4478 4478 4478 4478 4469 4469 4466 4466 369 369 377 377 371 371 371 371 377 377 378 378 4466 4466 4469 4469 4467 4467 1806 1806 1805 1805 1804 1804 1804 1804 1805 1805 1795 1795 4467 4467 4471 4471 4470 4470 4468 4468 4467 4467 4470 4470 4471 4471 4472 4472 4470 4470 4475 4475 4472 4472 4476 4476 3838 3838 3830 3830 3839 3839 4081 4081 4082 4082 4083 4083 3857 3857 3839 3839 3843 3843 941 941 943 943 944 944 941 941 944 944 942 942 941 941 942 942 937 937 937 937 942 942 935 935 931 931 935 935 930 930 4535 4535 4534 4534 4536 4536 4537 4537 4535 4535 4536 4536 923 923 892 892 893 893 923 923 949 949 932 932 931 931 923 923 932 932 3001 3001 3002 3002 3003 3003 1815 1815 1810 1810 1814 1814 1991 1991 1990 1990 1992 1992 4463 4463 4462 4462 4481 4481 1141 1141 1142 1142 1154 1154 1154 1154 1142 1142 1156 1156 1140 1140 1141 1141 1153 1153 1153 1153 1141 1141 1154 1154 369 369 379 379 377 377 370 370 369 369 371 371 369 369 370 370 352 352 1804 1804 1795 1795 1803 1803 4470 4470 4472 4472 4473 4473 3828 3828 3830 3830 3829 3829 3829 3829 3830 3830 3838 3838 4079 4079 4082 4082 4081 4081 958 958 943 943 957 957 957 957 943 943 938 938 938 938 943 943 941 941 4537 4537 4536 4536 4562 4562 938 938 941 941 937 937 4527 4527 4518 4518 4550 4550 4550 4550 4518 4518 4528 4528 4453 4453 4461 4461 4450 4450 936 936 938 938 937 937 936 936 937 937 933 933 933 933 937 937 935 935 933 933 935 935 931 931 4485 4485 4484 4484 4539 4539 934 934 933 933 932 932 933 933 931 931 932 932 3004 3004 3002 3002 3001 3001 537 537 554 554 525 525 525 525 554 554 553 553 525 525 553 553 552 552 1127 1127 1144 1144 1145 1145 4501 4501 4500 4500 4497 4497 1141 1141 1127 1127 1142 1142 1155 1155 1146 1146 1140 1140 1152 1152 1146 1146 1155 1155 372 372 376 376 366 366 376 376 379 379 369 369 366 366 376 376 369 369 354 354 366 366 369 369 354 354 369 369 352 352 4473 4473 4472 4472 4475 4475 4733 4733 4738 4738 4740 4740 4733 4733 4740 4740 4731 4731 4550 4550 4528 4528 4541 4541 4541 4541 4528 4528 4540 4540 957 957 938 938 939 939 939 939 938 938 936 936 4554 4554 4496 4496 4495 4495 4551 4551 4485 4485 4539 4539 939 939 936 936 940 940 3007 3007 3002 3002 3004 3004 555 555 553 553 554 554 936 936 933 933 934 934 555 555 554 554 538 538 1121 1121 1144 1144 1127 1127 4450 4450 4454 4454 4451 4451 4451 4451 4454 4454 4459 4459 1134 1134 1127 1127 1140 1140 1140 1140 1127 1127 1141 1141 1147 1147 1133 1133 1134 1134 1147 1147 1134 1134 1140 1140 1137 1137 1133 1133 1146 1146 1146 1146 1133 1133 1147 1147 1137 1137 1146 1146 1152 1152 1148 1148 1137 1137 1152 1152 367 367 373 373 372 372 4478 4478 4466 4466 4479 4479 361 361 367 367 372 372 361 361 372 372 366 366 359 359 361 361 366 366 4466 4466 4467 4467 4468 4468 354 354 359 359 366 366 347 347 354 354 352 352 347 347 352 352 348 348 1802 1802 1803 1803 1795 1795 1802 1802 1795 1795 1791 1791 3904 3904 3833 3833 3828 3828 294 294 284 284 283 283 4553 4553 4527 4527 4550 4550 4538 4538 4527 4527 4553 4553 4554 4554 4495 4495 4549 4549 281 281 273 273 285 285 285 285 272 272 289 289 289 289 272 272 291 291 4555 4555 4496 4496 4554 4554 1121 1121 1150 1150 1144 1144 254 254 255 255 215 215 1134 1134 1122 1122 1127 1127 4459 4459 4454 4454 4463 4463 1136 1136 1133 1133 1137 1137 1138 1138 1136 1136 1137 1137 1148 1148 1138 1138 1137 1137 1149 1149 1138 1138 1148 1148 4480 4480 4478 4478 4479 4479 374 374 373 373 367 367 359 359 354 354 351 351 351 351 354 354 347 347 4742 4742 4743 4743 4741 4741 4738 4738 4741 4741 4740 4740 1791 1791 1795 1795 1792 1792 4740 4740 4798 4798 4731 4731 3828 3828 3829 3829 3827 3827 3904 3904 3828 3828 3820 3820 4078 4078 4079 4079 4076 4076 294 294 283 283 293 293 1470 1470 1472 1472 1481 1481 4631 4631 4632 4632 4627 4627 4605 4605 4631 4631 4627 4627 4635 4635 4636 4636 4605 4605 4605 4605 4636 4636 4631 4631 4642 4642 4645 4645 4624 4624 4624 4624 4645 4645 4633 4633 4539 4539 4538 4538 4553 4553 4645 4645 4644 4644 4633 4633 3365 3365 3372 3372 3369 3369 3365 3365 3369 3369 3366 3366 1121 1121 1123 1123 1150 1150 1133 1133 1124 1124 1132 1132 1124 1124 1122 1122 1132 1132 1132 1132 1122 1122 1134 1134 1136 1136 1124 1124 1133 1133 4463 4463 4481 4481 4465 4465 4465 4465 4481 4481 4480 4480 4690 4690 4682 4682 4687 4687 368 368 374 374 367 367 362 362 368 368 367 367 4655 4655 4666 4666 4661 4661 362 362 367 367 361 361 360 360 362 362 361 361 360 360 361 361 359 359 360 360 359 359 351 351 4743 4743 4744 4744 4741 4741 4741 4741 4744 4744 4789 4789 4789 4789 4788 4788 4790 4790 347 347 348 348 338 338 4741 4741 4789 4789 4740 4740 4740 4740 4789 4789 4790 4790 4790 4790 4799 4799 4798 4798 3820 3820 3828 3828 3827 3827 4075 4075 4078 4078 4076 4076 4599 4599 4637 4637 4634 4634 4601 4601 4634 4634 4604 4604 4604 4604 4634 4634 4635 4635 4604 4604 4635 4635 4605 4605 4625 4625 4642 4642 4624 4624 4640 4640 4643 4643 4637 4637 4458 4458 4453 4453 4452 4452 4633 4633 4644 4644 4640 4640 4644 4644 4643 4643 4640 4640 263 263 264 264 280 280 4641 4641 4623 4623 4622 4622 1121 1121 1082 1082 1083 1083 1083 1083 1123 1123 1121 1121 1122 1122 1082 1082 1121 1121 4639 4639 4641 4641 4638 4638 1124 1124 1078 1078 1122 1122 1128 1128 1136 1136 1138 1138 1143 1143 1125 1125 1138 1138 1125 1125 1128 1128 1138 1138 4464 4464 4463 4463 4465 4465 1159 1159 1143 1143 1149 1149 1143 1143 1138 1138 1149 1149 368 368 365 365 375 375 375 375 374 374 368 368 363 363 368 368 362 362 4747 4747 4746 4746 4745 4745 4776 4776 4786 4786 4784 4784 4784 4784 4786 4786 4787 4787 363 363 362 362 350 350 4667 4667 4668 4668 4672 4672 4745 4745 4746 4746 4744 4744 350 350 362 362 360 360 4744 4744 4746 4746 4787 4787 350 350 360 360 353 353 4744 4744 4787 4787 4789 4789 4787 4787 4786 4786 4788 4788 4789 4789 4787 4787 4788 4788 353 353 360 360 351 351 344 344 351 351 342 342 342 342 351 351 347 347 4790 4790 4800 4800 4799 4799 342 342 347 347 338 338 338 338 348 348 339 339 1791 1791 1792 1792 1793 1793 1793 1793 1792 1792 1794 1794 4075 4075 4076 4076 4077 4077 288 288 282 282 287 287 4621 4621 4637 4637 4599 4599 4601 4601 4599 4599 4634 4634 280 280 281 281 292 292 4623 4623 4642 4642 4625 4625 4587 4587 4624 4624 4633 4633 3365 3365 3366 3366 3367 3367 4452 4452 4453 4453 4450 4450 4619 4619 4641 4641 4622 4622 271 271 262 262 274 274 1117 1117 1125 1125 1143 1143 1160 1160 1117 1117 1159 1159 1159 1159 1117 1117 1143 1143 4751 4751 4750 4750 4747 4747 4776 4776 4806 4806 4805 4805 364 364 365 365 368 368 4747 4747 4750 4750 4746 4746 4746 4746 4750 4750 4778 4778 4776 4776 4805 4805 4803 4803 4803 4803 4805 4805 4804 4804 363 363 364 364 368 368 4746 4746 4784 4784 4787 4787 4803 4803 4804 4804 4802 4802 4802 4802 4804 4804 4822 4822 349 349 363 363 350 350 4803 4803 4802 4802 4800 4800 346 346 350 350 353 353 4800 4800 4802 4802 4801 4801 346 346 353 353 344 344 344 344 353 353 351 351 344 344 342 342 343 343 3822 3822 3904 3904 3820 3820 3746 3746 3749 3749 3748 3748 4605 4605 4627 4627 4626 4626 4107 4107 4106 4106 4104 4104 3801 3801 3802 3802 3808 3808 3801 3801 3808 3808 3809 3809 4601 4601 4604 4604 4603 4603 4603 4603 4604 4604 4605 4605 4603 4603 4605 4605 4606 4606 290 290 280 280 292 292 4586 4586 4625 4625 4624 4624 4587 4587 4633 4633 4590 4590 4590 4590 4640 4640 4621 4621 279 279 266 266 280 280 279 279 261 261 266 266 4452 4452 4450 4450 4449 4449 4449 4449 4450 4450 4451 4451 1124 1124 1074 1074 1078 1078 1074 1074 1124 1124 1128 1128 4620 4620 4639 4639 4638 4638 4775 4775 4774 4774 4776 4776 4776 4776 4774 4774 4808 4808 4776 4776 4808 4808 4806 4806 4775 4775 4776 4776 4784 4784 4806 4806 4807 4807 4805 4805 4778 4778 4775 4775 4746 4746 4746 4746 4775 4775 4784 4784 345 345 364 364 363 363 345 345 363 363 349 349 349 349 350 350 341 341 343 343 342 342 300 300 342 342 338 338 300 300 338 338 339 339 337 337 3818 3818 3827 3827 3944 3944 3944 3944 3750 3750 3745 3745 3750 3750 3746 3746 3745 3745 3805 3805 3804 3804 3799 3799 3804 3804 3803 3803 3799 3799 3799 3799 3803 3803 3802 3802 3799 3799 3802 3802 3801 3801 4626 4626 4627 4627 4628 4628 4586 4586 4624 4624 4587 4587 4590 4590 4621 4621 4594 4594 4594 4594 4621 4621 4599 4599 4600 4600 4599 4599 4601 4601 4600 4600 4601 4601 4602 4602 4602 4602 4601 4601 4603 4603 279 279 280 280 290 290 4593 4593 4623 4623 4625 4625 4593 4593 4625 4625 4586 4586 4595 4595 4622 4622 4623 4623 4620 4620 4638 4638 4619 4619 1116 1116 1074 1074 1128 1128 1125 1125 1116 1116 1128 1128 1117 1117 1116 1116 1125 1125 4750 4750 4777 4777 4778 4778 4778 4778 4777 4777 4775 4775 4664 4664 4661 4661 4693 4693 341 341 345 345 349 349 341 341 350 350 346 346 3822 3822 3820 3820 3819 3819 3820 3820 3827 3827 3818 3818 1449 1449 1466 1466 1470 1470 4109 4109 4107 4107 4108 4108 1450 1450 1449 1449 1463 1463 3900 3900 3902 3902 3901 3901 4594 4594 4599 4599 4598 4598 4598 4598 4599 4599 4600 4600 4595 4595 4623 4623 4593 4593 3368 3368 3365 3365 3367 3367 4619 4619 4622 4622 4595 4595 1117 1117 1075 1075 1116 1116 4774 4774 4766 4766 4808 4808 4807 4807 4808 4808 4809 4809 4777 4777 4765 4765 4775 4775 4775 4775 4765 4765 4774 4774 4830 4830 4779 4779 4780 4780 4780 4780 4761 4761 4750 4750 4750 4750 4761 4761 4777 4777 296 296 341 341 346 346 296 296 346 346 344 344 296 296 344 344 343 343 300 300 338 338 314 314 314 314 338 338 337 337 1793 1793 1794 1794 1796 1796 3819 3819 3820 3820 3818 3818 3742 3742 3745 3745 3746 3746 4022 4022 3904 3904 3822 3822 1470 1470 1481 1481 1482 1482 3746 3746 3748 3748 3747 3747 4069 4069 4070 4070 4068 4068 3903 3903 3902 3902 3900 3900 4122 4122 4123 4123 4124 4124 4607 4607 4598 4598 4600 4600 4630 4630 4626 4626 4629 4629 4629 4629 4626 4626 4628 4628 3370 3370 3365 3365 3368 3368 4591 4591 4590 4590 4594 4594 4613 4613 4602 4602 4603 4603 4791 4791 4833 4833 4827 4827 4456 4456 4452 4452 4449 4449 1068 1068 1070 1070 1077 1077 4608 4608 4619 4619 4595 4595 4791 4791 4827 4827 4792 4792 4456 4456 4449 4449 4457 4457 4766 4766 4774 4774 4765 4765 4808 4808 4810 4810 4809 4809 4780 4780 4758 4758 4761 4761 340 340 345 345 341 341 312 312 341 341 296 296 296 296 343 343 297 297 297 297 343 343 300 300 297 297 300 300 299 299 299 299 300 300 314 314 314 314 337 337 316 316 3751 3751 3818 3818 3944 3944 3751 3751 3944 3944 3745 3745 3742 3742 3746 3746 3747 3747 1449 1449 1470 1470 1467 1467 3726 3726 4016 4016 3728 3728 4016 4016 3793 3793 3790 3790 3790 3790 3793 3793 3792 3792 4103 4103 4104 4104 4105 4105 3805 3805 3799 3799 3810 3810 3900 3900 3901 3901 3899 3899 3730 3730 3727 3727 3725 3725 4032 4032 4017 4017 3730 3730 4595 4595 4593 4593 4589 4589 4593 4593 4586 4586 4589 4589 4589 4589 4586 4586 4585 4585 4585 4585 4586 4586 4587 4587 4585 4585 4587 4587 4588 4588 4587 4587 4590 4590 4588 4588 4588 4588 4590 4590 4591 4591 4591 4591 4594 4594 4598 4598 1093 1093 1102 1102 1081 1081 4600 4600 4602 4602 4613 4613 4607 4607 4600 4600 4613 4613 4791 4791 4820 4820 4833 4833 4824 4824 4825 4825 4813 4813 4792 4792 4824 4824 4812 4812 4812 4812 4824 4824 4813 4813 4766 4766 4791 4791 4792 4792 4811 4811 4792 4792 4812 4812 4612 4612 4620 4620 4619 4619 4760 4760 4791 4791 4766 4766 4812 4812 4813 4813 4810 4810 4811 4811 4812 4812 4810 4810 4760 4760 4766 4766 4765 4765 4761 4761 4758 4758 4760 4760 4760 4760 4765 4765 4761 4761 4754 4754 4756 4756 4779 4779 4779 4779 4756 4756 4780 4780 4780 4780 4756 4756 4758 4758 4819 4819 4754 4754 4779 4779 4836 4836 4838 4838 4823 4823 4828 4828 4836 4836 4823 4823 4835 4835 4841 4841 4826 4826 319 319 340 340 312 312 340 340 341 341 312 312 312 312 296 296 298 298 295 295 296 296 297 297 295 295 297 297 299 299 1467 1467 1470 1470 1482 1482 4096 4096 4099 4099 4098 4098 3737 3737 3900 3900 3899 3899 3730 3730 3725 3725 3722 3722 3725 3725 3726 3726 3723 3723 3792 3792 3793 3793 3947 3947 3899 3899 3901 3901 4032 4032 3947 3947 3805 3805 3810 3810 3796 3796 3810 3810 3799 3799 3796 3796 3799 3799 3797 3797 3797 3797 3799 3799 3800 3800 3800 3800 3799 3799 3801 3801 3371 3371 3370 3370 3368 3368 4596 4596 4595 4595 4589 4589 4588 4588 4591 4591 4609 4609 4609 4609 4591 4591 4615 4615 4615 4615 4591 4591 4598 4598 4615 4615 4598 4598 4607 4607 4796 4796 4829 4829 4795 4795 4597 4597 4608 4608 4595 4595 4795 4795 4829 4829 4820 4820 4795 4795 4820 4820 4791 4791 4759 4759 4795 4795 4791 4791 4612 4612 4619 4619 4608 4608 4759 4759 4791 4791 4760 4760 4757 4757 4759 4759 4758 4758 4756 4756 4757 4757 4758 4758 4758 4758 4759 4759 4760 4760 298 298 296 296 295 295 304 304 295 295 299 299 306 306 299 299 314 314 1796 1796 1794 1794 1797 1797 3791 3791 3790 3790 3792 3792 3947 3947 3810 3810 3796 3796 3812 3812 3800 3800 4024 4024 2014 2014 2015 2015 2013 2013 4596 4596 4589 4589 4592 4592 4592 4592 4589 4589 4585 4585 4585 4585 4588 4588 4592 4592 4592 4592 4588 4588 4609 4609 2407 2407 2411 2411 2408 2408 1072 1072 1068 1068 1073 1073 4597 4597 4595 4595 4596 4596 2418 2418 2416 2416 2417 2417 2366 2366 2374 2374 2364 2364 4762 4762 4815 4815 4796 4796 1190 1190 1187 1187 1189 1189 4762 4762 4796 4796 4755 4755 4755 4755 4796 4796 4757 4757 4757 4757 4796 4796 4795 4795 4757 4757 4795 4795 4759 4759 4754 4754 4762 4762 4755 4755 4754 4754 4755 4755 4756 4756 4756 4756 4755 4755 4757 4757 4763 4763 4762 4762 4754 4754 4764 4764 4763 4763 4754 4754 4764 4764 4754 4754 4785 4785 4835 4835 4781 4781 4823 4823 2053 2053 2051 2051 2052 2052 301 301 298 298 295 295 315 315 314 314 316 316 1797 1797 1794 1794 1798 1798 3817 3817 3819 3819 3818 3818 3742 3742 3747 3747 3888 3888 4097 4097 4096 4096 4098 4098 3899 3899 4032 4032 3736 3736 3947 3947 3796 3796 3792 3792 3797 3797 3800 3800 3812 3812 2416 2416 2415 2415 2409 2409 2417 2417 2416 2416 2409 2409 2409 2409 2415 2415 2407 2407 2409 2409 2407 2407 2406 2406 2406 2406 2407 2407 2408 2408 4814 4814 4815 4815 4762 4762 4610 4610 4608 4608 4597 4597 4814 4814 4762 4762 4763 4763 1170 1170 1187 1187 1169 1169 4768 4768 4764 4764 4785 4785 4773 4773 4785 4785 4823 4823 4773 4773 4823 4823 4781 4781 4782 4782 4781 4781 4826 4826 4831 4831 4782 4782 4826 4826 312 312 298 298 301 301 299 299 306 306 304 304 3821 3821 3822 3822 3819 3819 3751 3751 3745 3745 3743 3743 3745 3745 3742 3742 3743 3743 4066 4066 4067 4067 4068 4068 3888 3888 3737 3737 3733 3733 3733 3733 3737 3737 3735 3735 3722 3722 3723 3723 3721 3721 3790 3790 3791 3791 3788 3788 3737 3737 3899 3899 3736 3736 4032 4032 3730 3730 3720 3720 3720 3720 3730 3730 3722 3722 3792 3792 3796 3796 3795 3795 3795 3795 3796 3796 3797 3797 3797 3797 3812 3812 3798 3798 2354 2354 2337 2337 2352 2352 2352 2352 2337 2337 2336 2336 2414 2414 2408 2408 2413 2413 2408 2408 2412 2412 2413 2413 2367 2367 2366 2366 2363 2363 2328 2328 2332 2332 2329 2329 2704 2704 2702 2702 2703 2703 2406 2406 2408 2408 2410 2410 4596 4596 4592 4592 4614 4614 4614 4614 4592 4592 4617 4617 4617 4617 4592 4592 4609 4609 4817 4817 4815 4815 4814 4814 1205 1205 1199 1199 1236 1236 4610 4610 4597 4597 4596 4596 3703 3703 3704 3704 3705 3705 4611 4611 4608 4608 4610 4610 4611 4611 4612 4612 4608 4608 4767 4767 4763 4763 4764 4764 4768 4768 4767 4767 4764 4764 4773 4773 4768 4768 4785 4785 2050 2050 2052 2052 2051 2051 3817 3817 3818 3818 3751 3751 3753 3753 3751 3751 3743 3743 3735 3735 3737 3737 3736 3736 3789 3789 3790 3790 3788 3788 2358 2358 2349 2349 2344 2344 4013 4013 4032 4032 3720 3720 3795 3795 3797 3797 3798 3798 3798 3798 3812 3812 3890 3890 3890 3890 3812 3812 3891 3891 2355 2355 2352 2352 2351 2351 2351 2351 2352 2352 2353 2353 2348 2348 2334 2334 2338 2338 2348 2348 2338 2338 2345 2345 2345 2345 2338 2338 2347 2347 2347 2347 2338 2338 2341 2341 2011 2011 2014 2014 2013 2013 2355 2355 2356 2356 2354 2354 2353 2353 2352 2352 2336 2336 2336 2336 2333 2333 2350 2350 2350 2350 2333 2333 2348 2348 2348 2348 2333 2333 2334 2334 2341 2341 2338 2338 2339 2339 2339 2339 2343 2343 2342 2342 2339 2339 2338 2338 2335 2335 2712 2712 2704 2704 2703 2703 2342 2342 2343 2343 2340 2340 2702 2702 2692 2692 2695 2695 2703 2703 2702 2702 2695 2695 1473 1473 1453 1453 1454 1454 4616 4616 4596 4596 4614 4614 1230 1230 1200 1200 1229 1229 4610 4610 4596 4596 4616 4616 4816 4816 4817 4817 4814 4814 4767 4767 4816 4816 4814 4814 4767 4767 4814 4814 4763 4763 4769 4769 4767 4767 4768 4768 4769 4769 4768 4768 4773 4773 4771 4771 4769 4769 4773 4773 4771 4771 4773 4773 4781 4781 2050 2050 2051 2051 2049 2049 2050 2050 2049 2049 2035 2035 319 319 312 312 301 301 301 301 295 295 302 302 295 295 304 304 303 303 306 306 314 314 308 308 308 308 314 314 315 315 1797 1797 1798 1798 1799 1799 4022 4022 3822 3822 3821 3821 3723 3723 3728 3728 3724 3724 2360 2360 2362 2362 2358 2358 2359 2359 2344 2344 2346 2346 3788 3788 3791 3791 3813 3813 3516 3516 3517 3517 3518 3518 1463 1463 1467 1467 1469 1469 3794 3794 3791 3791 3792 3792 3794 3794 3792 3792 3795 3795 3794 3794 3795 3795 3811 3811 3811 3811 3795 3795 3798 3798 3811 3811 3798 3798 3890 3890 2345 2345 2344 2344 2348 2348 2009 2009 2011 2011 2013 2013 2356 2356 2355 2355 2357 2357 3476 3476 3483 3483 3477 3477 3476 3476 3477 3477 3478 3478 2691 2691 2695 2695 2692 2692 2691 2691 2692 2692 2693 2693 1135 1135 1071 1071 1097 1097 2693 2693 2692 2692 2705 2705 2705 2705 2692 2692 2706 2706 2706 2706 2711 2711 2713 2713 4834 4834 4821 4821 4793 4793 4821 4821 4816 4816 4770 4770 4770 4770 4816 4816 4767 4767 2587 2587 2588 2588 2585 2585 2587 2587 2585 2585 2582 2582 4793 4793 4821 4821 4770 4770 4618 4618 4611 4611 4610 4610 4797 4797 4834 4834 4793 4793 4769 4769 4770 4770 4767 4767 4793 4793 4770 4770 4772 4772 4771 4771 4772 4772 4770 4770 4771 4771 4770 4770 4769 4769 4783 4783 4772 4772 4771 4771 4782 4782 4783 4783 4771 4771 2035 2035 2049 2049 2036 2036 302 302 295 295 303 303 303 303 304 304 305 305 308 308 315 315 310 310 1799 1799 1798 1798 1800 1800 3821 3821 3819 3819 3817 3817 3753 3753 3817 3817 3751 3751 3742 3742 3888 3888 3738 3738 2821 2821 2826 2826 2818 2818 2826 2826 2824 2824 2818 2818 2824 2824 2822 2822 2818 2818 2822 2822 2823 2823 2815 2815 2815 2815 2823 2823 2825 2825 2815 2815 2825 2825 2813 2813 1469 1469 1467 1467 1482 1482 3890 3890 3891 3891 3892 3892 3892 3892 3891 3891 3894 3894 3731 3731 3735 3735 3736 3736 3722 3722 3721 3721 3720 3720 3813 3813 3791 3791 3794 3794 3516 3516 3518 3518 3519 3519 2054 2054 2059 2059 2055 2055 2054 2054 2055 2055 2056 2056 3736 3736 4032 4032 4013 4013 2376 2376 2356 2356 2357 2357 3482 3482 3476 3476 3479 3479 6 6 7 7 8 8 1087 1087 1071 1071 1135 1135 1842 1842 1845 1845 1837 1837 2216 2216 2218 2218 2215 2215 2387 2387 2385 2385 2381 2381 4794 4794 4797 4797 4793 4793 4793 4793 4772 4772 4783 4783 4794 4794 4793 4793 4783 4783 2035 2035 2036 2036 2037 2037 2037 2037 2036 2036 2038 2038 318 318 319 319 301 301 305 305 304 304 306 306 3825 3825 3821 3821 3824 3824 4022 4022 3821 3821 3825 3825 2822 2822 2815 2815 2818 2818 4095 4095 4096 4096 4097 4097 3787 3787 3788 3788 3813 3813 3941 3941 3811 3811 3890 3890 2010 2010 2011 2011 2009 2009 2825 2825 2872 2872 2813 2813 3473 3473 3474 3474 3475 3475 2813 2813 2870 2870 2808 2808 2808 2808 2870 2870 2871 2871 3813 3813 3794 3794 3815 3815 3815 3815 3794 3794 3941 3941 2808 2808 2871 2871 2809 2809 4013 4013 3720 3720 3716 3716 3716 3716 3720 3720 3717 3717 2054 2054 2056 2056 2057 2057 2057 2057 2056 2056 2058 2058 2016 2016 2009 2009 2013 2013 2396 2396 2376 2376 2357 2357 3480 3480 3479 3479 3476 3476 2694 2694 2693 2693 2697 2697 1836 1836 1842 1842 1837 1837 2377 2377 2375 2375 2388 2388 2697 2697 2693 2693 2700 2700 2700 2700 2693 2693 2705 2705 1185 1185 1184 1184 1206 1206 2037 2037 2038 2038 2039 2039 318 318 301 301 317 317 317 317 301 301 302 302 3741 3741 3743 3743 3742 3742 2819 2819 2820 2820 2818 2818 2814 2814 2813 2813 2812 2812 3527 3527 3525 3525 3523 3523 3724 3724 3728 3728 3952 3952 3784 3784 3789 3789 3788 3788 3784 3784 3788 3788 3787 3787 3814 3814 3813 3813 3815 3815 3736 3736 4013 4013 3731 3731 2709 2709 2710 2710 2707 2707 2009 2009 2016 2016 2004 2004 2003 2003 2009 2009 2004 2004 2057 2057 2058 2058 2060 2060 2389 2389 2376 2376 2396 2396 2707 2707 2708 2708 2698 2698 1474 1474 1454 1454 1464 1464 3479 3479 3480 3480 3481 3481 1840 1840 1841 1841 1830 1830 1830 1830 1841 1841 1836 1836 1830 1830 1836 1836 1835 1835 2393 2393 2378 2378 2394 2394 2385 2385 2387 2387 2391 2391 311 311 302 302 303 303 311 311 303 303 323 323 305 305 306 306 307 307 307 307 306 306 308 308 308 308 310 310 309 309 3744 3744 3753 3753 3743 3743 2819 2819 2818 2818 2817 2817 3741 3741 3742 3742 3738 3738 2829 2829 2820 2820 2828 2828 2828 2828 2820 2820 2819 2819 2817 2817 2816 2816 2814 2814 2814 2814 2843 2843 2811 2811 1469 1469 1482 1482 1483 1483 3738 3738 3888 3888 3733 3733 3523 3523 3525 3525 3524 3524 3733 3733 3735 3735 3731 3731 3952 3952 3789 3789 3784 3784 3787 3787 3813 3813 3814 3814 3520 3520 3527 3527 3523 3523 3731 3731 4013 4013 3716 3716 2709 2709 2707 2707 2701 2701 2003 2003 2004 2004 2005 2005 2701 2701 2707 2707 2698 2698 2698 2698 2697 2697 2699 2699 1474 1474 1464 1464 1480 1480 1086 1086 1114 1114 1100 1100 1094 1094 1120 1120 1095 1095 3582 3582 3584 3584 3583 3583 3581 3581 3582 3582 3583 3583 1830 1830 1827 1827 1840 1840 1100 1100 1114 1114 1151 1151 4309 4309 4310 4310 4307 4307 2390 2390 2377 2377 2388 2388 1826 1826 1830 1830 1835 1835 2395 2395 2377 2377 2390 2390 1836 1836 1837 1837 1835 1835 2222 2222 2223 2223 2225 2225 1227 1227 1185 1185 1206 1206 317 317 302 302 311 311 321 321 311 311 323 323 323 323 303 303 305 305 307 307 308 308 309 309 309 309 310 310 313 313 1801 1801 1799 1799 1800 1800 3823 3823 3821 3821 3817 3817 3744 3744 3743 3743 3741 3741 2838 2838 2829 2829 2828 2828 2817 2817 2814 2814 2830 2830 2830 2830 2814 2814 2831 2831 3895 3895 3892 3892 3894 3894 2834 2834 2814 2814 2811 2811 2831 2831 2814 2814 2834 2834 3528 3528 3527 3527 3520 3520 3778 3778 3724 3724 3952 3952 3778 3778 3952 3952 3784 3784 3814 3814 3815 3815 3950 3950 3520 3520 3523 3523 3521 3521 3729 3729 3721 3721 3724 3724 3524 3524 3526 3526 3533 3533 3533 3533 3526 3526 3534 3534 2701 2701 2698 2698 2699 2699 1115 1115 1109 1109 1104 1104 1086 1086 1106 1106 1114 1114 1843 1843 1840 1840 1827 1827 1157 1157 1114 1114 1131 1131 1157 1157 1131 1131 1158 1158 4309 4309 4315 4315 4310 4310 3669 3669 3670 3670 3671 3671 4296 4296 4299 4299 4293 4293 1566 1566 1577 1577 1562 1562 2951 2951 2937 2937 2925 2925 2951 2951 2925 2925 2918 2918 2951 2951 2918 2918 2900 2900 2900 2900 2918 2918 2916 2916 2900 2900 2916 2916 2899 2899 2899 2899 2916 2916 2917 2917 2899 2899 2917 2917 2919 2919 2899 2899 2919 2919 2944 2944 1204 1204 1174 1174 1194 1194 2899 2899 2944 2944 2950 2950 320 320 317 317 311 311 324 324 323 323 305 305 3873 3873 3817 3817 3753 3753 3823 3823 3817 3817 3873 3873 3824 3824 3821 3821 3823 3823 2836 2836 2828 2828 2819 2819 2836 2836 2819 2819 2830 2830 2830 2830 2819 2819 2817 2817 4053 4053 3893 3893 3951 3951 3893 3893 3892 3892 3896 3896 3896 3896 3892 3892 3895 3895 3814 3814 3950 3950 4053 4053 3895 3895 3894 3894 3897 3897 2842 2842 2829 2829 2838 2838 3528 3528 3520 3520 3529 3529 1484 1484 1469 1469 1483 1483 3738 3738 3733 3733 3734 3734 2008 2008 2010 2010 2009 2009 2846 2846 2849 2849 2848 2848 3522 3522 3521 3521 3531 3531 3733 3733 3731 3731 3732 3732 3718 3718 3721 3721 3729 3729 2008 2008 2009 2009 2007 2007 3531 3531 3521 3521 3532 3532 3532 3532 3521 3521 3524 3524 3719 3719 3731 3731 3716 3716 3719 3719 3716 3716 3715 3715 3719 3719 3715 3715 3718 3718 3718 3718 3715 3715 3717 3717 3715 3715 3716 3716 3717 3717 3717 3717 3720 3720 3718 3718 3720 3720 3721 3721 3718 3718 1602 1602 1614 1614 1620 1620 3532 3532 3524 3524 3533 3533 1480 1480 1464 1464 1469 1469 2007 2007 2003 2003 2006 2006 1827 1827 1832 1832 1843 1843 2006 2006 2003 2003 2005 2005 1602 1602 1580 1580 1614 1614 1579 1579 1580 1580 1602 1602 1827 1827 1830 1830 1826 1826 1827 1827 1826 1826 1825 1825 1572 1572 1578 1578 1570 1570 1560 1560 1566 1566 1562 1562 2944 2944 2919 2919 2945 2945 2919 2919 2920 2920 2945 2945 1224 1224 1207 1207 1225 1225 2944 2944 2945 2945 2946 2946 2950 2950 2944 2944 2946 2946 2043 2043 2040 2040 2044 2044 318 318 317 317 320 320 320 320 311 311 321 321 324 324 321 321 323 323 332 332 307 307 309 309 309 309 313 313 333 333 332 332 309 309 333 333 333 333 313 313 334 334 1801 1801 1800 1800 1811 1811 1800 1800 1813 1813 1812 1812 1811 1811 1800 1800 1812 1812 2840 2840 2838 2838 2837 2837 2837 2837 2838 2838 2836 2836 2835 2835 2830 2830 2832 2832 2832 2832 2830 2830 2831 2831 3951 3951 3893 3893 3896 3896 3816 3816 3814 3814 4053 4053 4100 4100 4101 4101 4102 4102 3530 3530 3528 3528 3529 3529 3734 3734 3733 3733 3732 3732 3778 3778 3784 3784 3781 3781 3781 3781 3784 3784 3786 3786 3786 3786 3784 3784 3787 3787 3787 3787 3814 3814 3816 3816 2846 2846 2848 2848 2847 2847 3719 3719 3732 3732 3731 3731 3536 3536 3533 3533 3535 3535 1488 1488 1469 1469 1484 1484 2008 2008 2007 2007 2006 2006 3535 3535 3533 3533 3534 3534 1488 1488 1480 1480 1469 1469 1113 1113 1108 1108 1118 1118 2879 2879 2880 2880 2878 2878 1832 1832 1827 1827 1829 1829 1829 1829 1827 1827 1828 1828 2006 2006 2005 2005 2018 2018 1828 1828 1827 1827 1825 1825 1834 1834 1826 1826 1835 1835 1824 1824 1826 1826 1834 1834 2198 2198 2201 2201 2199 2199 2920 2920 2922 2922 2945 2945 322 322 318 318 320 320 325 325 324 324 305 305 325 325 305 305 331 331 331 331 305 305 307 307 331 331 307 307 332 332 3873 3873 3753 3753 3744 3744 2837 2837 2836 2836 2835 2835 2173 2173 2172 2172 2174 2174 2173 2173 2174 2174 2176 2176 2177 2177 2179 2179 2178 2178 2178 2178 2179 2179 2180 2180 3895 3895 3897 3897 3898 3898 2865 2865 2839 2839 2850 2850 3729 3729 3724 3724 3778 3778 3786 3786 3787 3787 3816 3816 2850 2850 2847 2847 2868 2868 2868 2868 2847 2847 2869 2869 1850 1850 1832 1832 1829 1829 1824 1824 1825 1825 1826 1826 2198 2198 2199 2199 2200 2200 2945 2945 2922 2922 2947 2947 2946 2946 2945 2945 2947 2947 320 320 321 321 327 327 327 327 321 321 326 326 321 321 324 324 326 326 326 326 324 324 325 325 332 332 333 333 334 334 3051 3051 3052 3052 3053 3053 2844 2844 2835 2835 2832 2832 2856 2856 2832 2832 2833 2833 2856 2856 2833 2833 2839 2839 2176 2176 2174 2174 2177 2177 3729 3729 3778 3778 3779 3779 2169 2169 2170 2170 2167 2167 2170 2170 2172 2172 2171 2171 2171 2171 2172 2172 2173 2173 2176 2176 2177 2177 2178 2178 2865 2865 2850 2850 2868 2868 2173 2173 2176 2176 2185 2185 2185 2185 2176 2176 2184 2184 2184 2184 2176 2176 2178 2178 2178 2178 2180 2180 2183 2183 2189 2189 2173 2173 2185 2185 2183 2183 2184 2184 2178 2178 2012 2012 2008 2008 2006 2006 2877 2877 2869 2869 2878 2878 2188 2188 2185 2185 2182 2182 2185 2185 2184 2184 2182 2182 2182 2182 2184 2184 2183 2183 2180 2180 2190 2190 2187 2187 2186 2186 2180 2180 2187 2187 1850 1850 1829 1829 1846 1846 2181 2181 2182 2182 2183 2183 2183 2183 2180 2180 2186 2186 2181 2181 2183 2183 2186 2186 1846 1846 1829 1829 1828 1828 2195 2195 2188 2188 2182 2182 1844 1844 1828 1828 1825 1825 1825 1825 1824 1824 1831 1831 1844 1844 1825 1825 1831 1831 1833 1833 1824 1824 1834 1834 1831 1831 1824 1824 1833 1833 2202 2202 2198 2198 2200 2200 2200 2200 2199 2199 2208 2208 3328 3328 3333 3333 3332 3332 2922 2922 2924 2924 2947 2947 330 330 322 322 320 320 330 330 320 320 327 327 326 326 325 325 335 335 335 335 325 325 336 336 336 336 325 325 331 331 2067 2067 2068 2068 2066 2066 2067 2067 2066 2066 2065 2065 2065 2065 2066 2066 2061 2061 2067 2067 2065 2065 2076 2076 2076 2076 2065 2065 2064 2064 2064 2064 2065 2065 2061 2061 2061 2061 2062 2062 2063 2063 2064 2064 2061 2061 2063 2063 3945 3945 3873 3873 3744 3744 3740 3740 3741 3741 3738 3738 3449 3449 3450 3450 3451 3451 2844 2844 2837 2837 2835 2835 2855 2855 2844 2844 2832 2832 2855 2855 2832 2832 2856 2856 2856 2856 2839 2839 2865 2865 2856 2856 2865 2865 2857 2857 3779 3779 3778 3778 3780 3780 3778 3778 3781 3781 3780 3780 1611 1611 1612 1612 1619 1619 2865 2865 2868 2868 2857 2857 3718 3718 3729 3729 3859 3859 3859 3859 3729 3729 3779 3779 3780 3780 3781 3781 3782 3782 2166 2166 2169 2169 2167 2167 2167 2167 2170 2170 2171 2171 2857 2857 2868 2868 2869 2869 2166 2166 2167 2167 2168 2168 2168 2168 2167 2167 2171 2171 2168 2168 2171 2171 2189 2189 2189 2189 2171 2171 2173 2173 1612 1612 1611 1611 1576 1576 1119 1119 1111 1111 1112 1112 1111 1111 1119 1119 1118 1118 2181 2181 2186 2186 2191 2191 2186 2186 2187 2187 2191 2191 1788 1788 1790 1790 1771 1771 3700 3700 3701 3701 3702 3702 2195 2195 2182 2182 2194 2194 2196 2196 2194 2194 2197 2197 2194 2194 2182 2182 2181 2181 2194 2194 2181 2181 2193 2193 2194 2194 2193 2193 2197 2197 2193 2193 2181 2181 2192 2192 2192 2192 2181 2181 2191 2191 1779 1779 1788 1788 1771 1771 2195 2195 2194 2194 2196 2196 2197 2197 2193 2193 2192 2192 1579 1579 1574 1574 1570 1570 2888 2888 2889 2889 2890 2890 2924 2924 2927 2927 2947 2947 358 358 322 322 355 355 355 355 322 322 330 330 329 329 330 330 327 327 329 329 327 327 328 328 328 328 327 327 326 326 328 328 326 326 335 335 2070 2070 2068 2068 2069 2069 2069 2069 2068 2068 2067 2067 3047 3047 3042 3042 3044 3044 3042 3042 3043 3043 3044 3044 2851 2851 2840 2840 2853 2853 2840 2840 2844 2844 2853 2853 2853 2853 2844 2844 2854 2854 2854 2854 2844 2844 2855 2855 3874 3874 3825 3825 3826 3826 3740 3740 3738 3738 3739 3739 2852 2852 2841 2841 2851 2851 2841 2841 2840 2840 2851 2851 4009 4009 3825 3825 3874 3874 3739 3739 3738 3738 3734 3734 1611 1611 1619 1619 1617 1617 2855 2855 2856 2856 2857 2857 1596 1596 1611 1611 1617 1617 3906 3906 3719 3719 3718 3718 2857 2857 2869 2869 2876 2876 4018 4018 4021 4021 4009 4009 4018 4018 4009 4009 3881 3881 1575 1575 1576 1576 1596 1596 2876 2876 2869 2869 2877 2877 2166 2166 2168 2168 2175 2175 1846 1846 1828 1828 1847 1847 1776 1776 1786 1786 1775 1775 1775 1775 1786 1786 1774 1774 1775 1775 1774 1774 1769 1769 1769 1769 1774 1774 1771 1771 1774 1774 1779 1779 1771 1771 1772 1772 1771 1771 1778 1778 1828 1828 1844 1844 1847 1847 1847 1847 1844 1844 1848 1848 1848 1848 1844 1844 1831 1831 1848 1848 1831 1831 1849 1849 1839 1839 1831 1831 1833 1833 1831 1831 1839 1839 1849 1849 1718 1718 1734 1734 1711 1711 1711 1711 1734 1734 1724 1724 1724 1724 1733 1733 1689 1689 3318 3318 3321 3321 3322 3322 2947 2947 2927 2927 2928 2928 2948 2948 2947 2947 2928 2928 2948 2948 2928 2928 2949 2949 2071 2071 2072 2072 2070 2070 2071 2071 2070 2070 2069 2069 3048 3048 3042 3042 3047 3047 3041 3041 3043 3043 3042 3042 3752 3752 3744 3744 3741 3741 3826 3826 3824 3824 3823 3823 2862 2862 2855 2855 2857 2857 3881 3881 4009 4009 3874 3874 3785 3785 3779 3779 3780 3780 2862 2862 2857 2857 2866 2866 3906 3906 3732 3732 3719 3719 3906 3906 3718 3718 3860 3860 3718 3718 3859 3859 3860 3860 3780 3780 3782 3782 3783 3783 2866 2866 2857 2857 2876 2876 2757 2757 2758 2758 2759 2759 1767 1767 1769 1769 1768 1768 1768 1768 1771 1771 1772 1772 878 878 879 879 877 877 1777 1777 1776 1776 1773 1773 1773 1773 1776 1776 1775 1775 1773 1773 1775 1775 1769 1769 2475 2475 2485 2485 2484 2484 1553 1553 1554 1554 1555 1555 750 750 855 855 871 871 1711 1711 1724 1724 1689 1689 3329 3329 3328 3328 3331 3331 3318 3318 3319 3319 3320 3320 3319 3319 3308 3308 3320 3320 2928 2928 2930 2930 2949 2949 3106 3106 3098 3098 3099 3099 3060 3060 3059 3059 3058 3058 358 358 355 355 357 357 357 357 355 355 356 356 3058 3058 3059 3059 3056 3056 356 356 355 355 329 329 3055 3055 3056 3056 3049 3049 3049 3049 3040 3040 3048 3048 2074 2074 2075 2075 2073 2073 2074 2074 2073 2073 2071 2071 2071 2071 2073 2073 2072 2072 3048 3048 3040 3040 3042 3042 3040 3040 3041 3041 3042 3042 3907 3907 3945 3945 3744 3744 3907 3907 3744 3744 3752 3752 3823 3823 3873 3873 3945 3945 2851 2851 2853 2853 2858 2858 2853 2853 2854 2854 2860 2860 2854 2854 2855 2855 2860 2860 2860 2860 2855 2855 2862 2862 4031 4031 3859 3859 3779 3779 4031 4031 3779 3779 3785 3785 3785 3785 3780 3780 3783 3783 1596 1596 1617 1617 1610 1610 2861 2861 2862 2862 2863 2863 2862 2862 2866 2866 2863 2863 2866 2866 2876 2876 2883 2883 2863 2863 2866 2866 2883 2883 3878 3878 4018 4018 3881 3881 2881 2881 2876 2876 2877 2877 2759 2759 2758 2758 2763 2763 876 876 877 877 875 875 1568 1568 1571 1571 1590 1590 1688 1688 1673 1673 1689 1689 1673 1673 1711 1711 1689 1689 3340 3340 3334 3334 3335 3335 3335 3335 3334 3334 3329 3329 3087 3087 3098 3098 3074 3074 2858 2858 2853 2853 2859 2859 2859 2859 2853 2853 2860 2860 1610 1610 1617 1617 1627 1627 2859 2859 2860 2860 2861 2861 2860 2860 2862 2862 2861 2861 3875 3875 3881 3881 3874 3874 3861 3861 3859 3859 4031 4031 3860 3860 3859 3859 3861 3861 2777 2777 2762 2762 2766 2766 4019 4019 4018 4018 3878 3878 2474 2474 2473 2473 2475 2475 2882 2882 2876 2876 2881 2881 2474 2474 2475 2475 2483 2483 2483 2483 2475 2475 2484 2484 2422 2422 2419 2419 2421 2421 1691 1691 1647 1647 1721 1721 1701 1701 1691 1691 1721 1721 1673 1673 1701 1701 1718 1718 1673 1673 1718 1718 1711 1711 3325 3325 3329 3329 3330 3330 3317 3317 3319 3319 3318 3318 3752 3752 3741 3741 3740 3740 2875 2875 2851 2851 2858 2858 2858 2858 2859 2859 2864 2864 3754 3754 3739 3739 3734 3734 1610 1610 1627 1627 1623 1623 3734 3734 3732 3732 4025 4025 4031 4031 3785 3785 4058 4058 4027 4027 3785 3785 3783 3783 3657 3657 3661 3661 3662 3662 3732 3732 3906 3906 4025 4025 4027 4027 3783 3783 4061 4061 4061 4061 3783 3783 4065 4065 3906 3906 3860 3860 3949 3949 1770 1770 1766 1766 1764 1764 3658 3658 3657 3657 3659 3659 1780 1780 1773 1773 1781 1781 1773 1773 1770 1770 1781 1781 1782 1782 1777 1777 1780 1780 1780 1780 1777 1777 1773 1773 1307 1307 1310 1310 1309 1309 1305 1305 1307 1307 1309 1309 1316 1316 1305 1305 1309 1309 1316 1316 1309 1309 1322 1322 1315 1315 1305 1305 1316 1316 848 848 782 782 847 847 1646 1646 1643 1643 1683 1683 1643 1643 1641 1641 1691 1691 1691 1691 1641 1641 1642 1642 3296 3296 3297 3297 3298 3298 1683 1683 1701 1701 1673 1673 3319 3319 3317 3317 3309 3309 1386 1386 1387 1387 1383 1383 3887 3887 3823 3823 3945 3945 3826 3826 3823 3823 3887 3887 3740 3740 3739 3739 3754 3754 3874 3874 3826 3826 3875 3875 2874 2874 2875 2875 2858 2858 2864 2864 2859 2859 2867 2867 2867 2867 2859 2859 2861 2861 4058 4058 3785 3785 4027 4027 3661 3661 3657 3657 3660 3660 3878 3878 3881 3881 3875 3875 4071 4071 4072 4072 4073 4073 4073 4073 4072 4072 4074 4074 4065 4065 4062 4062 4061 4061 1764 1764 1766 1766 1765 1765 1609 1609 1610 1610 1623 1623 3949 3949 3860 3860 3862 3862 1787 1787 1770 1770 1764 1764 1787 1787 1764 1764 1789 1789 2473 2473 2474 2474 2472 2472 1593 1593 1610 1610 1609 1609 3656 3656 3657 3657 3658 3658 1781 1781 1770 1770 1787 1787 4386 4386 4387 4387 4388 4388 1306 1306 1313 1313 1307 1307 1307 1307 1313 1313 1310 1310 1740 1740 1741 1741 1714 1714 1784 1784 1782 1782 1783 1783 1783 1783 1782 1782 1780 1780 1308 1308 1306 1306 1305 1305 1305 1305 1306 1306 1307 1307 1315 1315 1311 1311 1305 1305 1317 1317 1311 1311 1315 1315 851 851 870 870 852 852 3410 3410 3411 3411 3412 3412 1683 1683 1643 1643 1701 1701 1701 1701 1643 1643 1691 1691 1665 1665 1683 1683 1673 1673 1663 1663 1665 1665 1673 1673 1687 1687 1663 1663 1673 1673 3330 3330 3338 3338 3325 3325 1670 1670 1687 1687 1671 1671 3621 3621 3622 3622 3619 3619 3887 3887 3945 3945 4054 4054 2874 2874 2858 2858 2864 2864 3754 3754 3734 3734 4025 4025 4055 4055 4058 4058 4027 4027 1763 1763 1764 1764 1762 1762 1609 1609 1623 1623 1622 1622 1742 1742 1744 1744 1735 1735 3862 3862 3860 3860 3861 3861 4061 4061 4062 4062 3940 3940 4062 4062 4063 4063 3940 3940 1789 1789 1764 1764 1763 1763 2471 2471 2473 2473 2472 2472 3660 3660 3657 3657 3656 3656 1319 1319 1320 1320 1306 1306 1306 1306 1320 1320 1326 1326 1592 1592 1593 1593 1609 1609 1736 1736 1740 1740 1714 1714 1785 1785 1784 1784 1783 1783 4390 4390 4386 4386 4388 4388 1308 1308 1321 1321 1319 1319 1308 1308 1319 1319 1306 1306 4389 4389 4387 4387 4385 4385 4385 4385 4387 4387 4386 4386 1312 1312 1321 1321 1308 1308 1717 1717 1714 1714 1741 1741 1312 1312 1308 1308 1311 1311 1314 1314 1312 1312 1311 1311 1314 1314 1311 1311 1317 1317 1318 1318 1314 1314 1317 1317 845 845 846 846 761 761 2906 2906 2903 2903 2905 2905 1653 1653 1646 1646 1667 1667 1667 1667 1683 1683 1665 1665 3621 3621 3619 3619 3620 3620 3619 3619 3649 3649 3618 3618 3740 3740 3754 3754 3755 3755 1763 1763 1762 1762 1754 1754 1621 1621 1609 1609 1622 1622 1743 1743 1742 1742 1738 1738 1738 1738 1742 1742 1731 1731 4027 4027 4061 4061 3940 3940 2471 2471 2472 2472 2469 2469 1320 1320 1327 1327 1326 1326 1735 1735 1736 1736 1714 1714 4389 4389 4385 4385 4384 4384 4385 4385 4386 4386 4383 4383 1323 1323 1325 1325 1314 1314 1323 1323 1314 1314 1318 1318 1324 1324 1323 1323 1318 1318 859 859 847 847 858 858 858 858 847 847 846 846 846 846 845 845 866 866 1650 1650 1636 1636 1640 1640 1660 1660 1667 1667 1665 1665 1660 1660 1665 1665 1663 1663 1706 1706 1705 1705 1707 1707 3617 3617 3619 3619 3618 3618 3617 3617 3618 3618 3613 3613 3618 3618 3614 3614 3613 3613 3616 3616 3614 3614 3630 3630 3908 3908 3907 3907 3889 3889 3889 3889 3907 3907 3752 3752 3945 3945 3907 3907 3908 3908 3889 3889 3752 3752 3740 3740 3889 3889 3740 3740 3755 3755 1754 1754 1762 1762 1753 1753 3861 3861 4031 4031 3905 3905 4031 4031 4058 4058 3905 3905 4029 4029 4058 4058 4055 4055 4118 4118 4119 4119 4116 4116 4116 4116 4119 4119 4120 4120 2470 2470 2471 2471 2469 2469 1621 1621 1622 1622 1628 1628 1621 1621 1628 1628 1629 1629 3878 3878 3875 3875 3877 3877 2775 2775 2774 2774 2773 2773 1731 1731 1742 1742 1735 1735 3264 3264 3265 3265 3266 3266 1730 1730 1735 1735 1714 1714 1599 1599 1592 1592 1609 1609 4384 4384 4385 4385 4383 4383 4383 4383 4386 4386 4391 4391 4383 4383 4391 4391 4362 4362 1592 1592 1599 1599 1587 1587 3485 3485 3486 3486 3487 3487 1597 1597 1587 1587 1599 1599 1714 1714 1717 1717 1659 1659 3488 3488 3485 3485 3487 3487 862 862 869 869 860 860 1586 1586 1587 1587 1597 1597 1659 1659 1717 1717 1694 1694 1588 1588 1586 1586 1597 1597 865 865 866 866 845 845 1640 1640 1649 1649 1650 1650 1648 1648 1649 1649 1640 1640 1955 1955 1936 1936 1958 1958 845 845 761 761 844 844 1660 1660 1648 1648 1667 1667 1667 1667 1648 1648 1653 1653 1600 1600 1595 1595 1615 1615 1661 1661 1660 1660 1663 1663 1729 1729 1712 1712 1719 1719 1706 1706 1669 1669 1705 1705 1705 1705 1669 1669 1700 1700 1669 1669 1668 1668 1700 1700 1668 1668 1661 1661 1670 1670 1661 1661 1663 1663 1670 1670 1719 1719 1712 1712 1708 1708 1708 1708 1712 1712 1704 1704 1706 1706 1707 1707 1704 1704 1671 1671 1700 1700 1668 1668 1671 1671 1668 1668 1670 1670 1708 1708 1704 1704 1707 1707 3628 3628 3621 3621 3620 3620 3620 3620 3619 3619 3617 3617 3613 3613 3614 3614 3615 3615 3615 3615 3614 3614 3616 3616 3616 3616 3630 3630 3626 3626 3876 3876 3826 3826 3887 3887 3876 3876 3875 3875 3826 3826 3877 3877 3875 3875 3876 3876 3905 3905 4058 4058 4029 4029 4055 4055 4027 4027 3939 3939 4116 4116 4120 4120 4121 4121 1621 1621 1629 1629 1624 1624 1370 1370 1372 1372 1368 1368 3777 3777 3949 3949 3776 3776 1616 1616 1621 1621 1624 1624 1730 1730 1731 1731 1735 1735 4084 4084 4085 4085 4086 4086 4084 4084 4086 4086 4087 4087 1609 1609 1621 1621 1616 1616 1599 1599 1609 1609 1616 1616 1702 1702 1730 1730 1714 1714 1365 1365 1337 1337 1335 1335 1655 1655 1702 1702 1714 1714 1655 1655 1714 1714 1659 1659 1649 1649 1655 1655 1659 1659 1651 1651 1655 1655 1649 1649 1659 1659 1694 1694 1649 1649 1649 1649 1694 1694 1650 1650 865 865 844 844 867 867 843 843 844 844 778 778 1651 1651 1649 1649 1648 1648 1652 1652 1651 1651 1648 1648 1654 1654 1652 1652 1648 1648 1654 1654 1648 1648 1660 1660 1595 1595 1594 1594 1604 1604 1662 1662 1654 1654 1661 1661 1661 1661 1654 1654 1660 1660 1595 1595 1604 1604 1615 1615 1669 1669 1662 1662 1668 1668 1668 1668 1662 1662 1661 1661 1669 1669 1706 1706 1686 1686 3078 3078 3079 3079 3077 3077 3617 3617 3613 3613 3615 3615 3615 3615 3616 3616 3624 3624 3624 3624 3616 3616 3625 3625 3625 3625 3616 3616 3626 3626 2440 2440 2441 2441 2442 2442 4054 4054 3945 3945 3908 3908 4025 4025 3777 3777 3757 3757 3939 3939 4027 4027 3940 3940 3939 3939 3940 3940 3922 3922 4115 4115 4118 4118 4116 4116 3775 3775 3777 3777 3776 3776 1739 1739 1738 1738 1737 1737 1737 1737 1738 1738 1728 1728 1738 1738 1731 1731 1728 1728 3864 3864 3862 3862 3863 3863 1616 1616 1624 1624 1625 1625 1728 1728 1731 1731 1730 1730 1613 1613 1616 1616 1625 1625 1713 1713 1730 1730 1702 1702 4384 4384 4383 4383 4379 4379 4379 4379 4383 4383 4362 4362 1365 1365 1335 1335 1340 1340 1362 1362 1365 1365 1340 1340 4354 4354 4356 4356 4358 4358 1656 1656 1655 1655 1651 1651 4358 4358 4359 4359 4360 4360 1584 1584 1598 1598 1601 1601 1584 1584 1601 1601 1594 1594 1664 1664 1666 1666 1654 1654 1359 1359 1361 1361 1349 1349 1604 1604 1594 1594 1603 1603 1662 1662 1664 1664 1654 1654 1712 1712 1722 1722 1685 1685 1682 1682 1662 1662 1669 1669 1682 1682 1669 1669 1686 1686 97 97 90 90 91 91 3631 3631 3628 3628 3620 3620 3620 3620 3617 3617 3615 3615 2440 2440 2442 2442 2443 2443 2444 2444 2440 2440 2443 2443 3756 3756 3755 3755 3754 3754 2470 2470 2469 2469 2467 2467 3754 3754 4025 4025 3757 3757 4055 4055 3939 3939 4029 4029 2467 2467 2469 2469 2466 2466 3757 3757 3777 3777 3775 3775 3863 3863 3862 3862 3861 3861 1726 1726 1737 1737 1732 1732 1732 1732 1737 1737 1728 1728 1613 1613 1625 1625 1626 1626 1728 1728 1730 1730 1713 1713 4379 4379 4362 4362 4355 4355 4355 4355 4362 4362 4352 4352 881 881 862 862 861 861 1657 1657 1713 1713 1702 1702 1657 1657 1702 1702 1655 1655 1656 1656 1657 1657 1655 1655 4358 4358 4360 4360 4361 4361 4365 4365 4364 4364 4366 4366 3025 3025 3024 3024 3027 3027 3025 3025 3027 3027 3028 3028 3027 3027 3029 3029 3028 3028 1675 1675 1672 1672 1664 1664 1679 1679 1672 1672 1675 1675 1664 1664 1672 1672 1666 1666 1361 1361 1344 1344 1349 1349 1674 1674 1675 1675 1664 1664 1722 1722 1723 1723 1720 1720 1678 1678 1674 1674 1662 1662 1722 1722 1720 1720 1684 1684 1682 1682 1678 1678 1662 1662 1685 1685 1722 1722 1684 1684 1685 1685 1684 1684 1678 1678 1685 1685 1678 1678 1686 1686 1678 1678 1682 1682 1686 1686 3627 3627 3615 3615 3624 3624 79 79 68 68 72 72 3934 3934 3936 3936 3935 3935 3930 3930 3932 3932 3934 3934 2468 2468 2476 2476 2467 2467 3931 3931 3933 3933 3932 3932 2468 2468 2467 2467 2463 2463 2463 2463 2467 2467 2466 2466 3937 3937 3938 3938 3933 3933 3754 3754 3757 3757 3756 3756 3916 3916 4029 4029 3939 3939 3916 3916 3939 3939 3922 3922 1894 1894 1895 1895 1860 1860 3775 3775 3776 3776 3769 3769 1726 1726 1732 1732 1715 1715 1715 1715 1732 1732 1728 1728 1715 1715 1728 1728 1713 1713 1727 1727 1726 1726 1716 1716 1657 1657 1715 1715 1713 1713 1340 1340 1335 1335 1334 1334 4363 4363 4364 4364 4361 4361 4361 4361 4364 4364 4365 4365 4365 4365 4366 4366 4394 4394 1598 1598 1608 1608 1618 1618 3031 3031 3030 3030 3023 3023 3030 3030 3024 3024 3023 3023 3023 3023 3024 3024 3025 3025 1601 1601 1598 1598 1618 1618 2791 2791 2794 2794 2793 2793 2794 2794 2791 2791 2788 2788 2790 2790 2789 2789 2788 2788 1723 1723 1725 1725 1703 1703 1703 1703 1681 1681 1723 1723 1720 1720 1723 1723 1680 1680 1680 1680 1723 1723 1681 1681 1676 1676 1675 1675 1674 1674 733 733 731 731 718 718 1684 1684 1720 1720 1680 1680 1684 1684 1680 1680 1678 1678 1680 1680 1676 1676 1678 1678 1678 1678 1676 1676 1674 1674 3631 3631 3620 3620 3629 3629 3629 3629 3620 3620 3615 3615 3629 3629 3615 3615 3627 3627 3627 3627 3625 3625 3633 3633 3633 3633 3625 3625 3651 3651 2444 2444 2443 2443 2445 2445 78 78 66 66 77 77 3880 3880 3887 3887 4054 4054 3946 3946 3889 3889 3755 3755 3930 3930 3934 3934 3929 3929 3934 3934 3935 3935 3929 3929 3876 3876 3887 3887 3880 3880 3931 3931 3932 3932 3930 3930 2481 2481 2468 2468 2463 2463 3937 3937 3933 3933 3931 3931 1368 1368 1372 1372 1371 1371 3915 3915 3922 3922 3943 3943 4115 4115 4116 4116 4117 4117 3943 3943 3938 3938 3937 3937 3757 3757 3775 3775 3769 3769 3863 3863 3861 3861 3905 3905 4084 4084 4087 4087 4088 4088 1716 1716 1726 1726 1715 1715 1716 1716 1715 1715 1657 1657 864 864 836 836 863 863 1699 1699 1716 1716 1696 1696 1696 1696 1716 1716 1657 1657 4352 4352 4354 4354 4353 4353 1608 1608 1613 1613 1618 1618 1727 1727 1716 1716 1699 1699 1710 1710 1727 1727 1699 1699 4354 4354 4358 4358 4382 4382 4382 4382 4358 4358 4361 4361 4361 4361 4365 4365 4367 4367 4365 4365 4394 4394 4368 4368 1695 1695 1696 1696 1657 1657 1697 1697 1696 1696 1695 1695 3023 3023 3025 3025 3026 3026 1340 1340 1334 1334 1344 1344 1698 1698 1697 1697 1692 1692 1693 1693 1698 1698 1692 1692 1679 1679 1697 1697 1695 1695 3498 3498 3499 3499 3500 3500 1725 1725 1710 1710 1690 1690 1697 1697 1679 1679 1692 1692 1703 1703 1725 1725 1690 1690 1703 1703 1690 1690 1681 1681 1681 1681 1690 1690 1677 1677 1675 1675 1677 1677 1679 1679 1681 1681 1677 1677 1676 1676 1676 1676 1677 1677 1675 1675 1680 1680 1681 1681 1676 1676 3632 3632 3631 3631 3629 3629 3930 3930 3929 3929 3927 3927 3770 3770 3755 3755 3756 3756 3927 3927 3931 3931 3930 3930 3756 3756 3757 3757 3758 3758 3905 3905 4029 4029 3872 3872 3872 3872 4029 4029 3916 3916 3865 3865 3864 3864 3863 3863 3769 3769 3776 3776 4012 4012 4089 4089 4084 4084 4088 4088 4396 4396 4426 4426 4401 4401 4350 4350 4355 4355 4352 4352 4350 4350 4352 4352 4351 4351 4352 4352 4353 4353 4351 4351 4353 4353 4354 4354 4382 4382 4370 4370 4367 4367 4368 4368 4368 4368 4378 4378 4370 4370 4382 4382 4361 4361 4369 4369 4369 4369 4361 4361 4367 4367 1710 1710 1699 1699 1698 1698 1698 1698 1699 1699 1696 1696 1693 1693 1710 1710 1698 1698 1690 1690 1710 1710 1693 1693 2786 2786 2787 2787 2788 2788 1690 1690 1693 1693 1677 1677 3634 3634 3627 3627 3633 3633 2446 2446 2444 2444 2445 2445 4011 4011 4054 4054 3908 3908 3946 3946 3755 3755 3770 3770 3770 3770 3756 3756 3758 3758 1338 1338 1368 1368 1371 1371 3763 3763 3757 3757 3769 3769 4372 4372 4378 4378 4428 4428 4436 4436 4437 4437 4438 4438 4428 4428 4426 4426 4396 4396 4396 4396 4401 4401 4400 4400 4351 4351 4353 4353 4357 4357 4353 4353 4382 4382 4357 4357 4382 4382 4369 4369 4431 4431 1345 1345 1344 1344 1343 1343 92 92 93 93 89 89 88 88 89 89 62 62 57 57 20 20 28 28 58 58 28 28 22 22 3634 3634 3633 3633 3640 3640 3640 3640 3633 3633 3650 3650 3946 3946 3908 3908 3889 3889 3927 3927 3929 3929 3928 3928 2481 2481 2463 2463 2480 2480 4110 4110 4111 4111 4112 4112 2463 2463 2466 2466 2460 2460 3866 3866 3905 3905 3872 3872 3863 3863 3905 3905 3866 3866 3763 3763 3769 3769 3767 3767 3865 3865 3863 3863 3866 3866 3769 3769 4012 4012 3767 3767 4396 4396 4400 4400 4399 4399 4399 4399 4400 4400 4402 4402 1869 1869 1883 1883 1882 1882 4370 4370 4378 4378 4372 4372 4349 4349 4350 4350 4351 4351 4357 4357 4382 4382 4431 4431 4367 4367 4370 4370 4371 4371 4381 4381 4367 4367 4371 4371 4369 4369 4367 4367 4435 4435 92 92 73 73 93 93 63 63 23 23 57 57 57 57 23 23 20 20 3610 3610 3632 3632 3635 3635 3880 3880 4054 4054 4011 4011 3770 3770 3758 3758 3762 3762 3762 3762 3758 3758 3760 3760 3931 3931 3927 3927 3942 3942 4112 4112 4111 4111 4113 4113 3872 3872 3916 3916 3915 3915 3872 3872 3915 3915 3910 3910 3910 3910 3915 3915 3943 3943 3910 3910 3943 3943 3914 3914 2459 2459 2463 2463 2460 2460 3758 3758 3757 3757 3759 3759 4372 4372 4428 4428 4392 4392 4399 4399 4402 4402 4403 4403 4403 4403 4402 4402 4404 4404 4403 4403 4404 4404 4405 4405 4405 4405 4404 4404 4425 4425 4417 4417 4422 4422 4421 4421 4370 4370 4372 4372 4371 4371 4012 4012 3865 3865 3867 3867 3021 3021 3022 3022 3019 3019 4445 4445 4448 4448 4446 4446 840 840 765 765 766 766 4432 4432 4357 4357 4431 4431 4431 4431 4369 4369 4435 4435 4435 4435 4367 4367 4381 4381 755 755 752 752 754 754 39 39 32 32 38 38 2446 2446 2445 2445 2447 2447 4011 4011 3908 3908 3946 3946 4015 4015 3946 3946 3770 3770 3879 3879 3876 3876 3880 3880 4015 4015 3770 3770 3762 3762 3926 3926 3927 3927 3925 3925 3925 3925 3927 3927 3928 3928 3942 3942 3927 3927 3926 3926 2480 2480 2463 2463 2459 2459 4112 4112 4113 4113 4114 4114 3760 3760 3758 3758 3759 3759 3761 3761 3760 3760 3759 3759 2459 2459 2460 2460 2458 2458 3759 3759 3757 3757 3763 3763 4392 4392 4428 4428 4396 4396 4392 4392 4396 4396 4395 4395 4395 4395 4396 4396 4397 4397 4397 4397 4396 4396 4399 4399 4403 4403 4405 4405 4406 4406 4417 4417 4421 4421 4416 4416 4405 4405 4425 4425 4408 4408 4408 4408 4414 4414 4413 4413 839 839 840 840 868 868 868 868 840 840 794 794 3763 3763 3767 3767 3766 3766 3765 3765 3763 3763 3766 3766 3766 3766 3767 3767 3771 3771 3771 3771 3767 3767 3772 3772 3767 3767 4012 4012 3772 3772 4140 4140 4141 4141 4142 4142 4445 4445 4446 4446 4447 4447 4434 4434 4432 4432 4433 4433 4433 4433 4432 4432 4431 4431 4433 4433 4431 4431 4435 4435 1248 1248 1249 1249 1241 1241 1241 1241 1249 1249 1247 1247 3610 3610 3635 3635 3636 3636 54 54 40 40 53 53 2451 2451 2452 2452 2446 2446 4094 4094 4091 4091 4093 4093 4026 4026 3946 3946 4015 4015 3773 3773 3761 3761 3759 3759 3764 3764 3759 3759 3763 3763 3868 3868 3866 3866 3872 3872 4416 4416 4421 4421 4423 4423 4397 4397 4399 4399 4429 4429 4429 4429 4399 4399 4403 4403 4429 4429 4403 4403 4406 4406 4406 4406 4405 4405 4407 4407 4407 4407 4405 4405 4408 4408 1245 1245 1251 1251 1248 1248 3765 3765 3766 3766 3768 3768 3768 3768 3766 3766 3774 3774 3774 3774 3771 3771 3772 3772 4143 4143 4144 4144 4145 4145 3017 3017 3018 3018 3019 3019 4442 4442 4443 4443 4444 4444 709 709 711 711 710 710 709 709 710 710 700 700 709 709 700 700 690 690 690 690 700 700 699 699 1241 1241 1247 1247 1246 1246 762 762 756 756 758 758 1021 1021 1016 1016 1014 1014 23 23 21 21 20 20 15 15 17 17 22 22 1009 1009 1010 1010 999 999 3636 3636 3637 3637 3638 3638 3638 3638 3637 3637 3639 3639 3639 3639 3637 3637 3640 3640 2452 2452 2451 2451 2448 2448 53 53 42 42 47 47 2451 2451 2446 2446 2448 2448 2448 2448 2446 2446 2447 2447 3883 3883 3880 3880 4011 4011 3942 3942 3926 3926 3913 3913 3913 3913 3926 3926 3925 3925 3914 3914 3942 3942 3913 3913 2457 2457 2459 2459 2458 2458 3773 3773 3759 3759 3764 3764 2457 2457 2458 2458 2454 2454 4429 4429 4406 4406 4407 4407 4407 4407 4408 4408 4409 4409 4408 4408 4413 4413 4409 4409 4413 4413 4416 4416 4415 4415 4373 4373 4372 4372 4380 4380 1245 1245 1248 1248 1241 1241 3764 3764 3763 3763 3765 3765 3653 3653 3654 3654 3655 3655 1871 1871 1870 1870 1872 1872 4381 4381 4371 4371 4374 4374 190 190 189 189 162 162 3018 3018 3017 3017 3020 3020 690 690 699 699 689 689 689 689 699 699 707 707 689 689 707 707 693 693 4430 4430 4435 4435 4381 4381 189 189 193 193 175 175 175 175 193 193 192 192 177 177 192 192 191 191 108 108 107 107 65 65 19 19 15 15 20 20 40 40 42 42 53 53 61 61 49 49 56 56 4093 4093 4091 4091 4090 4090 4090 4090 4091 4091 4092 4092 3882 3882 3879 3879 3880 3880 3913 3913 3925 3925 3924 3924 444 444 476 476 440 440 3914 3914 3913 3913 3911 3911 4418 4418 4416 4416 4423 4423 3872 3872 3910 3910 3909 3909 3909 3909 3910 3910 3911 3911 3911 3911 3910 3910 3914 3914 4415 4415 4416 4416 4418 4418 4393 4393 4392 4392 4395 4395 4395 4395 4397 4397 4398 4398 4398 4398 4397 4397 4429 4429 4429 4429 4407 4407 4412 4412 4372 4372 4392 4392 4380 4380 3869 3869 3867 3867 3868 3868 4374 4374 4371 4371 4373 4373 174 174 190 190 162 162 4377 4377 4381 4381 4374 4374 153 153 174 174 162 162 4430 4430 4381 4381 4377 4377 154 154 153 153 162 162 175 175 192 192 177 177 162 162 189 189 175 175 154 154 162 162 156 156 162 162 175 175 155 155 156 156 162 162 155 155 140 140 156 156 155 155 398 398 399 399 397 397 136 136 156 156 140 140 144 144 142 142 18 18 18 18 142 142 16 16 16 16 142 142 136 136 31 31 26 26 30 30 30 30 26 26 21 21 16 16 136 136 17 17 136 136 140 140 17 17 19 19 18 18 15 15 15 15 18 18 16 16 20 20 21 21 19 19 15 15 16 16 17 17 32 32 33 33 34 34 32 32 34 34 35 35 788 788 784 784 787 787 3636 3636 3638 3638 3641 3641 461 461 442 442 481 481 3882 3882 3880 3880 3883 3883 1329 1329 1336 1336 1338 1338 4380 4380 4392 4392 4393 4393 4393 4393 4395 4395 4398 4398 4439 4439 4440 4440 4441 4441 4412 4412 4407 4407 4411 4411 3871 3871 3868 3868 3872 3872 3870 3870 3868 3868 3871 3871 3869 3869 3868 3868 3870 3870 153 153 157 157 174 174 4377 4377 4374 4374 4375 4375 148 148 153 153 145 145 693 693 694 694 665 665 145 145 153 153 154 154 679 679 690 690 689 689 653 653 689 689 678 678 689 689 693 693 678 678 1242 1242 1241 1241 1246 1246 142 142 145 145 154 154 177 177 191 191 184 184 147 147 149 149 148 148 147 147 148 148 145 145 147 147 145 145 146 146 142 142 154 154 156 156 155 155 175 175 177 177 400 400 399 399 398 398 144 144 146 146 145 145 145 145 142 142 144 144 24 24 147 147 146 146 136 136 142 142 156 156 146 146 144 144 19 19 24 24 146 146 19 19 21 21 26 26 25 25 19 19 144 144 18 18 21 21 25 25 24 24 17 17 140 140 126 126 21 21 24 24 19 19 1020 1020 1021 1021 1014 1014 17 17 126 126 29 29 34 34 36 36 35 35 40 40 41 41 42 42 3641 3641 3638 3638 3639 3639 3955 3955 4008 4008 3957 3957 3883 3883 4011 4011 3886 3886 441 441 439 439 437 437 3924 3924 3925 3925 3923 3923 4418 4418 4423 4423 4420 4420 4415 4415 4418 4418 4419 4419 4410 4410 4407 4407 4409 4409 4410 4410 4409 4409 4415 4415 3909 3909 3911 3911 3912 3912 3911 3911 3913 3913 3912 3912 712 712 714 714 683 683 3871 3871 3872 3872 3909 3909 4375 4375 4374 4374 4373 4373 148 148 150 150 157 157 148 148 157 157 153 153 665 665 694 694 664 664 149 149 150 150 148 148 184 184 191 191 185 185 147 147 151 151 149 149 679 679 689 689 653 653 662 662 679 679 653 653 678 678 693 693 665 665 152 152 151 151 147 147 173 173 177 177 184 184 137 137 152 152 25 25 155 155 177 177 131 131 25 25 152 152 147 147 25 25 147 147 24 24 155 155 131 131 126 126 140 140 155 155 126 126 31 31 59 59 27 27 31 31 27 27 26 26 26 26 27 27 25 25 29 29 126 126 33 33 1015 1015 1020 1020 1014 1014 33 33 119 119 34 34 1048 1048 1050 1050 1001 1001 1001 1001 1019 1019 994 994 994 994 1019 1019 995 995 1019 1019 1015 1015 995 995 1002 1002 1048 1048 1001 1001 46 46 50 50 49 49 4008 4008 4023 4023 3961 3961 3961 3961 4023 4023 3963 3963 3957 3957 4008 4008 3959 3959 4023 4023 4057 4057 4001 4001 3954 3954 3955 3955 3956 3956 441 441 437 437 438 438 438 438 437 437 433 433 3923 3923 3913 3913 3924 3924 4419 4419 4418 4418 4420 4420 3912 3912 3913 3913 3923 3923 4410 4410 4415 4415 4424 4424 4424 4424 4415 4415 4419 4419 2457 2457 2454 2454 2453 2453 607 607 712 712 684 684 684 684 712 712 683 683 683 683 714 714 685 685 4411 4411 4407 4407 4410 4410 1244 1244 1245 1245 1241 1241 3917 3917 3909 3909 3912 3912 2453 2453 2454 2454 2455 2455 3871 3871 3909 3909 3917 3917 4376 4376 4375 4375 4373 4373 4376 4376 4373 4373 4380 4380 487 487 493 493 495 495 185 185 186 186 179 179 623 623 665 665 621 621 665 665 664 664 621 621 184 184 185 185 179 179 158 158 151 151 152 152 184 184 179 179 143 143 653 653 678 678 625 625 678 678 665 665 623 623 625 625 678 678 623 623 125 125 152 152 137 137 401 401 400 400 395 395 173 173 184 184 143 143 395 395 400 400 398 398 60 60 137 137 27 27 27 27 137 137 25 25 59 59 60 60 27 27 131 131 173 173 143 143 126 126 131 131 33 33 1032 1032 1026 1026 1021 1021 1043 1043 1042 1042 1044 1044 33 33 131 131 127 127 33 33 127 127 119 119 1019 1019 1059 1059 1058 1058 1019 1019 1058 1058 1038 1038 1037 1037 1020 1020 1015 1015 1050 1050 1059 1059 1001 1001 1001 1001 1059 1059 1019 1019 1019 1019 1038 1038 1015 1015 1038 1038 1037 1037 1015 1015 41 41 109 109 43 43 41 41 43 43 42 42 42 42 43 43 44 44 2449 2449 2450 2450 2448 2448 45 45 44 44 46 46 46 46 44 44 51 51 2449 2449 2448 2448 2447 2447 49 49 50 50 56 56 3959 3959 4008 4008 3961 3961 3963 3963 4023 4023 4004 4004 4129 4129 4130 4130 4131 4131 4002 4002 4023 4023 4001 4001 4002 4002 4001 4001 3999 3999 3999 3999 4001 4001 4000 4000 479 479 429 429 428 428 3956 3956 3955 3955 3957 3957 3884 3884 3883 3883 3886 3886 3886 3886 3955 3955 3954 3954 428 428 429 429 427 427 3882 3882 3883 3883 3884 3884 427 427 432 432 426 426 426 426 432 432 431 431 1329 1329 1338 1338 1332 1332 3912 3912 3923 3923 3920 3920 708 708 712 712 605 605 605 605 712 712 607 607 667 667 681 681 682 682 4376 4376 4380 4380 4393 4393 1244 1244 1241 1241 1243 1243 471 471 435 435 486 486 3917 3917 3912 3912 3918 3918 1243 1243 1241 1241 1240 1240 179 179 186 186 178 178 178 178 186 186 187 187 178 178 187 187 182 182 1240 1240 1241 1241 1242 1242 1242 1242 1246 1246 1250 1250 2596 2596 2595 2595 2592 2592 630 630 662 662 653 653 624 624 625 625 623 623 3446 3446 3447 3447 3448 3448 630 630 653 653 625 625 625 625 624 624 628 628 630 630 625 625 628 628 131 131 143 143 127 127 639 639 646 646 634 634 127 127 143 143 118 118 3512 3512 3513 3513 3514 3514 627 627 628 628 624 624 627 627 624 624 626 626 1051 1051 1041 1041 1032 1032 1032 1032 1041 1041 1026 1026 119 119 127 127 118 118 643 643 631 631 627 627 645 645 627 627 626 626 1051 1051 1032 1032 1020 1020 1055 1055 1051 1051 1037 1037 1037 1037 1051 1051 1020 1020 34 34 119 119 118 118 1907 1907 1924 1924 1933 1933 627 627 645 645 647 647 1038 1038 1055 1055 1037 1037 392 392 381 381 380 380 34 34 118 118 36 36 118 118 110 110 36 36 36 36 110 110 37 37 37 37 110 110 111 111 37 37 111 111 109 109 43 43 109 109 121 121 44 44 121 121 114 114 44 44 43 43 121 121 382 382 383 383 384 384 2479 2479 2450 2450 2449 2449 2482 2482 2449 2449 2447 2447 384 384 388 388 386 386 428 428 411 411 425 425 1339 1339 1338 1338 1369 1369 688 688 697 697 671 671 654 654 667 667 682 682 654 654 682 682 688 688 475 475 431 431 471 471 607 607 684 684 610 610 684 684 683 683 610 610 610 610 683 683 612 612 683 683 685 685 612 612 685 685 681 681 612 612 612 612 681 681 616 616 616 616 681 681 667 667 3912 3912 3920 3920 3919 3919 664 664 606 606 602 602 1341 1341 1331 1331 1330 1330 187 187 180 180 182 182 621 621 664 664 602 602 159 159 158 158 128 128 141 141 179 179 178 178 622 622 621 621 620 620 2591 2591 2596 2596 2592 2592 624 624 623 623 622 622 623 623 621 621 622 622 143 143 179 179 141 141 622 622 620 620 639 639 395 395 398 398 397 397 3448 3448 3447 3447 3442 3442 634 634 622 622 639 639 1030 1030 1047 1047 1036 1036 1047 1047 1052 1052 1036 1036 1036 1036 1052 1052 1056 1056 143 143 141 141 118 118 3441 3441 3442 3442 3443 3443 3448 3448 3442 3442 3441 3441 3441 3441 3443 3443 3444 3444 626 626 624 624 622 622 626 626 622 622 634 634 1027 1027 1034 1034 1028 1028 1036 1036 1056 1056 1042 1042 3445 3445 3441 3441 3444 3444 631 631 630 630 627 627 627 627 630 630 628 628 118 118 141 141 110 110 1042 1042 1056 1056 1046 1046 645 645 626 626 634 634 1907 1907 1933 1933 1925 1925 109 109 112 112 121 121 121 121 112 112 114 114 381 381 383 383 382 382 44 44 114 114 51 51 52 52 55 55 46 46 46 46 55 55 50 50 50 50 55 55 56 56 386 386 388 388 390 390 4129 4129 4131 4131 4132 4132 3958 3958 3957 3957 3959 3959 3958 3958 3959 3959 3960 3960 4132 4132 4131 4131 4133 4133 3995 3995 4002 4002 3999 3999 3999 3999 3993 3993 3995 3995 3958 3958 3956 3956 3957 3957 3972 3972 3974 3974 3975 3975 654 654 688 688 671 671 667 667 654 654 618 618 602 602 606 606 605 605 613 613 612 612 616 616 616 616 667 667 618 618 3918 3918 3912 3912 3919 3919 2453 2453 2455 2455 2456 2456 609 609 607 607 610 610 2456 2456 2455 2455 2461 2461 138 138 178 178 182 182 620 620 621 621 602 602 141 141 178 178 138 138 620 620 619 619 639 639 105 105 60 60 98 98 639 639 619 619 641 641 638 638 635 635 642 642 646 646 639 639 641 641 1909 1909 1906 1906 1908 1908 1040 1040 1034 1034 1027 1027 397 397 392 392 395 395 110 110 141 141 138 138 1056 1056 1057 1057 1046 1046 109 109 111 111 112 112 112 112 113 113 114 114 114 114 113 113 115 115 2478 2478 2479 2479 2449 2449 114 114 116 116 51 51 51 51 116 116 52 52 382 382 384 384 385 385 3960 3960 3959 3959 3961 3961 3962 3962 3961 3961 3963 3963 3962 3962 3963 3963 3964 3964 3963 3963 4004 4004 3964 3964 3966 3966 3997 3997 3969 3969 3505 3505 3506 3506 3507 3507 3995 3995 3993 3993 3970 3970 3970 3970 3993 3993 3974 3974 3970 3970 3974 3974 3972 3972 3975 3975 3976 3976 3972 3972 3954 3954 3956 3956 4005 4005 651 651 654 654 668 668 668 668 654 654 671 671 165 165 167 167 170 170 163 163 165 165 170 170 1301 1301 1303 1303 1302 1302 1296 1296 1301 1301 1302 1302 603 603 605 605 607 607 618 618 654 654 651 651 608 608 603 603 607 607 608 608 607 607 609 609 602 602 603 603 604 604 608 608 609 609 637 637 609 609 610 610 611 611 610 610 612 612 611 611 611 611 612 612 613 613 615 615 613 613 616 616 2456 2456 2461 2461 2462 2462 611 611 613 613 614 614 614 614 613 613 615 615 617 617 616 616 618 618 1240 1240 1242 1242 1250 1250 602 602 604 604 619 619 620 620 602 602 619 619 637 637 609 609 638 638 638 638 609 609 611 611 182 182 180 180 134 134 636 636 637 637 640 640 640 640 637 637 638 638 638 638 611 611 635 635 635 635 611 611 614 614 138 138 182 182 135 135 635 635 614 614 642 642 642 642 614 614 632 632 2462 2462 2461 2461 2464 2464 102 102 100 100 99 99 641 641 619 619 633 633 1040 1040 1054 1054 1034 1034 1054 1054 1053 1053 1034 1034 648 648 632 632 629 629 395 395 392 392 394 394 138 138 135 135 111 111 111 111 135 135 113 113 2117 2117 2116 2116 2111 2111 1922 1922 1915 1915 1916 1916 2464 2464 2478 2478 2449 2449 111 111 113 113 112 112 380 380 381 381 382 382 116 116 123 123 64 64 52 52 116 116 64 64 2477 2477 2449 2449 2482 2482 2104 2104 2105 2105 2103 2103 52 52 64 64 55 55 55 55 64 64 106 106 385 385 384 384 386 386 3960 3960 3961 3961 3962 3962 3964 3964 4004 4004 3966 3966 3966 3966 4004 4004 3997 3997 3972 3972 3976 3976 3977 3977 3885 3885 3884 3884 3886 3886 1985 1985 1986 1986 1967 1967 491 491 480 480 478 478 3919 3919 3920 3920 3921 3921 668 668 671 671 670 670 604 604 603 603 608 608 618 618 651 651 649 649 651 651 668 668 652 652 180 180 181 181 132 132 636 636 608 608 637 637 615 615 616 616 617 617 649 649 651 651 652 652 604 604 608 608 633 633 633 633 608 608 636 636 617 617 618 618 649 649 102 102 122 122 100 100 619 619 604 604 633 633 629 629 615 615 617 617 134 134 180 180 132 132 632 632 615 615 629 629 401 401 395 395 396 396 135 135 182 182 134 134 617 617 649 649 650 650 629 629 617 617 650 650 629 629 650 650 656 656 648 648 629 629 656 656 113 113 135 135 134 134 113 113 134 134 115 115 2111 2111 2116 2116 2113 2113 2111 2111 2113 2113 2108 2108 2111 2111 2108 2108 2109 2109 116 116 115 115 117 117 116 116 117 117 123 123 123 123 117 117 106 106 123 123 106 106 64 64 386 386 390 390 391 391 3966 3966 3969 3969 3968 3968 3969 3969 3970 3970 3968 3968 3968 3968 3970 3970 3971 3971 2530 2530 2531 2531 2492 2492 3971 3971 3970 3970 3972 3972 3885 3885 3886 3886 3953 3953 3886 3886 3954 3954 3953 3953 3953 3953 3954 3954 4005 4005 3953 3953 4005 4005 4006 4006 4006 4006 4005 4005 4007 4007 1985 1985 1970 1970 1982 1982 1332 1332 1367 1367 1347 1347 120 120 129 129 128 128 668 668 670 670 669 669 669 669 670 670 680 680 176 176 181 181 183 183 652 652 668 668 669 669 132 132 181 181 176 176 652 652 669 669 663 663 101 101 120 120 105 105 2465 2465 2462 2462 2464 2464 134 134 132 132 115 115 2465 2465 2464 2464 2449 2449 115 115 132 132 117 117 394 394 392 392 393 393 393 393 392 392 380 380 2465 2465 2449 2449 2477 2477 2109 2109 2108 2108 2105 2105 3962 3962 3964 3964 3965 3965 3965 3965 3964 3964 3966 3966 3967 3967 3966 3966 3968 3968 2492 2492 2531 2531 2515 2515 3965 3965 3966 3966 3967 3967 3977 3977 3976 3976 3978 3978 2495 2495 2530 2530 2492 2492 1282 1282 1279 1279 1288 1288 1289 1289 1282 1282 1288 1288 1287 1287 1285 1285 1282 1282 120 120 130 130 129 129 1346 1346 1350 1350 1364 1364 132 132 176 176 133 133 655 655 649 649 652 652 655 655 652 652 657 657 652 652 663 663 657 657 650 650 649 649 655 655 396 396 395 395 394 394 133 133 139 139 106 106 117 117 133 133 106 106 2496 2496 2515 2515 2513 2513 3967 3967 3968 3968 3998 3998 3998 3998 3968 3968 3971 3971 3998 3998 3971 3971 4003 4003 2492 2492 2515 2515 2496 2496 4003 4003 3971 3971 3973 3973 2493 2493 2492 2492 2496 2496 3971 3971 3972 3972 3973 3973 3972 3972 3977 3977 3996 3996 3973 3973 3972 3972 3996 3996 2495 2495 2492 2492 2494 2494 2492 2492 2493 2493 2494 2494 484 484 407 407 406 406 1967 1967 1968 1968 1969 1969 1969 1969 1968 1968 1971 1971 1970 1970 1967 1967 1969 1969 2502 2502 2495 2495 2494 2494 1971 1971 1975 1975 1973 1973 1285 1285 1281 1281 1282 1282 1282 1282 1281 1281 1279 1279 1288 1288 1279 1279 1277 1277 1255 1255 1298 1298 1294 1294 1983 1983 1982 1982 1976 1976 124 124 130 130 120 120 100 100 104 104 103 103 100 100 103 103 101 101 101 101 103 103 120 120 663 663 669 669 672 672 133 133 176 176 139 139 2635 2635 2643 2643 2636 2636 650 650 655 655 659 659 656 656 650 650 659 659 2108 2108 2113 2113 2115 2115 385 385 386 386 387 387 387 387 386 386 389 389 389 389 386 386 391 391 4034 4034 4014 4014 3998 3998 2494 2494 2493 2493 2498 2498 2502 2502 2494 2494 2501 2501 2502 2502 2501 2501 2511 2511 1969 1969 1971 1971 1972 1972 1972 1972 1971 1971 1973 1973 1976 1976 1970 1970 1969 1969 1977 1977 1972 1972 1973 1973 1977 1977 1973 1973 1980 1980 2527 2527 2502 2502 2491 2491 1281 1281 1284 1284 1278 1278 1281 1281 1278 1278 1279 1279 1252 1252 1269 1269 1273 1273 1983 1983 1976 1976 1978 1978 1983 1983 1978 1978 1984 1984 1984 1984 1978 1978 1981 1981 103 103 124 124 120 120 2164 2164 2159 2159 2165 2165 2106 2106 2107 2107 2112 2112 4036 4036 3998 3998 4003 4003 2496 2496 2513 2513 2497 2497 3490 3490 3493 3493 3491 3491 2493 2493 2496 2496 2497 2497 2541 2541 2545 2545 2537 2537 2493 2493 2497 2497 2500 2500 2514 2514 2537 2537 2517 2517 4056 4056 3973 3973 3996 3996 3996 3996 3977 3977 3979 3979 3979 3979 3977 3977 3978 3978 3979 3979 3978 3978 3980 3980 2498 2498 2493 2493 2499 2499 2493 2493 2500 2500 2499 2499 3978 3978 3990 3990 3980 3980 2501 2501 2494 2494 2498 2498 3990 3990 3989 3989 3983 3983 2502 2502 2511 2511 2491 2491 1969 1969 1972 1972 1974 1974 1278 1278 1283 1283 1276 1276 1976 1976 1969 1969 1974 1974 1974 1974 1972 1972 1977 1977 1277 1277 1276 1276 1274 1274 1978 1978 1976 1976 1974 1974 1979 1979 1974 1974 1977 1977 1978 1978 1974 1974 1979 1979 1978 1978 1979 1979 1981 1981 2160 2160 2159 2159 2164 2164 2622 2622 2635 2635 2636 2636 663 663 672 672 673 673 674 674 663 663 673 673 657 657 663 663 674 674 655 655 657 657 658 658 659 659 655 655 658 658 658 658 657 657 674 674 2108 2108 2115 2115 2112 2112 2106 2106 2112 2112 2114 2114 2106 2106 2114 2114 2119 2119 713 713 666 666 695 695 713 713 695 695 698 698 713 713 698 698 715 715 3491 3491 3493 3493 3494 3494 3491 3491 3494 3494 3496 3496 4035 4035 4034 4034 3998 3998 4035 4035 3998 3998 4036 4036 2500 2500 2529 2529 2512 2512 2512 2512 2541 2541 2514 2514 2541 2541 2537 2537 2514 2514 2500 2500 2512 2512 2503 2503 2499 2499 2500 2500 2503 2503 3980 3980 3990 3990 3983 3983 2486 2486 2501 2501 2487 2487 2487 2487 2501 2501 2499 2499 2503 2503 2504 2504 2499 2499 2797 2797 2796 2796 2799 2799 1283 1283 1286 1286 1280 1280 4042 4042 4043 4043 4044 4044 2680 2680 2688 2688 2670 2670 2670 2670 2688 2688 2671 2671 2121 2121 2135 2135 2147 2147 2991 2991 2986 2986 2997 2997 2997 2997 2986 2986 2998 2998 2634 2634 2635 2635 2622 2622 696 696 659 659 660 660 659 659 658 658 660 660 660 660 658 658 661 661 696 696 660 660 666 666 666 666 660 660 661 661 666 666 661 661 695 695 2539 2539 2529 2529 2540 2540 4056 4056 3996 3996 3979 3979 2512 2512 2514 2514 2507 2507 3981 3981 3979 3979 3980 3980 2503 2503 2512 2512 2507 2507 2503 2503 2507 2507 2506 2506 2800 2800 2801 2801 2798 2798 2504 2504 2503 2503 2505 2505 2800 2800 2798 2798 2797 2797 2486 2486 2487 2487 2488 2488 2488 2488 2487 2487 2489 2489 2488 2488 2489 2489 2490 2490 1276 1276 1280 1280 1275 1275 1275 1275 1272 1272 1252 1252 1276 1276 1275 1275 1274 1274 1274 1274 1275 1275 1252 1252 4042 4042 4044 4044 4045 4045 2670 2670 2671 2671 2672 2672 2672 2672 2671 2671 2689 2689 2672 2672 2689 2689 2690 2690 3198 3198 3195 3195 3197 3197 2993 2993 2991 2991 2996 2996 2996 2996 2991 2991 2997 2997 2157 2157 2159 2159 2158 2158 2159 2159 2160 2160 2158 2158 2631 2631 2634 2634 2627 2627 2627 2627 2634 2634 2622 2622 674 674 673 673 676 676 661 661 674 674 675 675 695 695 661 661 677 677 698 698 695 695 677 677 2507 2507 2514 2514 2509 2509 3981 3981 3980 3980 3982 3982 3980 3980 3983 3983 3982 3982 3982 3982 3983 3983 3984 3984 3983 3983 3985 3985 3984 3984 2506 2506 2507 2507 2508 2508 2508 2508 2507 2507 2509 2509 3984 3984 3985 3985 3986 3986 2505 2505 2503 2503 2506 2506 3985 3985 3987 3987 3986 3986 2526 2526 2505 2505 2506 2506 1256 1256 1272 1272 1271 1271 2681 2681 2682 2682 2680 2680 1255 1255 1253 1253 1257 1257 2680 2680 2670 2670 2674 2674 2673 2673 2670 2670 2672 2672 2672 2672 2690 2690 2678 2678 3217 3217 3223 3223 3218 3218 3197 3197 3199 3199 3200 3200 2155 2155 2156 2156 2157 2157 2155 2155 2157 2157 2158 2158 661 661 675 675 677 677 677 677 675 675 686 686 2517 2517 2535 2535 2534 2534 2516 2516 2514 2514 2517 2517 2508 2508 2509 2509 2510 2510 4037 4037 4038 4038 4040 4040 4040 4040 4038 4038 4041 4041 1256 1256 1271 1271 1270 1270 1256 1256 1270 1270 1253 1253 4040 4040 4041 4041 4042 4042 4040 4040 4042 4042 4047 4047 2683 2683 2682 2682 2681 2681 2674 2674 2670 2670 2673 2673 2678 2678 2673 2673 2672 2672 3373 3373 3374 3374 3375 3375 3216 3216 3217 3217 3218 3218 3216 3216 3218 3218 3222 3222 3543 3543 3544 3544 3540 3540 2569 2569 2568 2568 2573 2573 2995 2995 2993 2993 2996 2996 2162 2162 2156 2156 2161 2161 2161 2161 2156 2156 2155 2155 2518 2518 2517 2517 2534 2534 2516 2516 2517 2517 2518 2518 3994 3994 3986 3986 3991 3991 3994 3994 3991 3991 4010 4010 4037 4037 4010 4010 4038 4038 1253 1253 1268 1268 1257 1257 2684 2684 2681 2681 2674 2674 3416 3416 3413 3413 3417 3417 3417 3417 3413 3413 3420 3420 3413 3413 3419 3419 3420 3420 2675 2675 2674 2674 2673 2673 3376 3376 3373 3373 3375 3375 3215 3215 3217 3217 3216 3216 3216 3216 3222 3222 3221 3221 2567 2567 2579 2579 2568 2568 2567 2567 2568 2568 2569 2569 2569 2569 2573 2573 2578 2578 2637 2637 2630 2630 2632 2632 3452 3452 3453 3453 3454 3454 2630 2630 2631 2631 2628 2628 2624 2624 2631 2631 2627 2627 2628 2628 2631 2631 2624 2624 2518 2518 2534 2534 2532 2532 3982 3982 3984 3984 3992 3992 3992 3992 3984 3984 3988 3988 3984 3984 3986 3986 3988 3988 3988 3988 3986 3986 3994 3994 3988 3988 3994 3994 4028 4028 2516 2516 2518 2518 2519 2519 3994 3994 4010 4010 4028 4028 4028 4028 4010 4010 4037 4037 2524 2524 2516 2516 2519 2519 4039 4039 4037 4037 4040 4040 4039 4039 4040 4040 4047 4047 2684 2684 2683 2683 2681 2681 2802 2802 2803 2803 2804 2804 420 420 419 419 423 423 423 423 424 424 455 455 2580 2580 2579 2579 2567 2567 2632 2632 2630 2630 2628 2628 2518 2518 2532 2532 2521 2521 2521 2521 2532 2532 2533 2533 2520 2520 2518 2518 2521 2521 4039 4039 4028 4028 4037 4037 2519 2519 2518 2518 2520 2520 4039 4039 4047 4047 4048 4048 3260 3260 3249 3249 3261 3261 3249 3249 3260 3260 3259 3259 2685 2685 2683 2683 2684 2684 3422 3422 3417 3417 3421 3421 3417 3417 3420 3420 3421 3421 2677 2677 2675 2675 2676 2676 2675 2675 2673 2673 2676 2676 2676 2676 2673 2673 2678 2678 2679 2679 2676 2676 2678 2678 3213 3213 3211 3211 3210 3210 2807 2807 2803 2803 2802 2802 3211 3211 3215 3215 3212 3212 3210 3210 3211 3211 3212 3212 3215 3215 3216 3216 3219 3219 3212 3212 3215 3215 3219 3219 3219 3219 3216 3216 3221 3221 451 451 423 423 455 455 482 482 489 489 483 483 2570 2570 2567 2567 2569 2569 2570 2570 2569 2569 2577 2577 2569 2569 2578 2578 2577 2577 2163 2163 2162 2162 2161 2161 2637 2637 2632 2632 2633 2633 3457 3457 3454 3454 3456 3456 2628 2628 2626 2626 2629 2629 3988 3988 4028 4028 4060 4060 4028 4028 4039 4039 4049 4049 3231 3231 3262 3262 3235 3235 3235 3235 3252 3252 3249 3249 3247 3247 3235 3235 3249 3249 3247 3247 3259 3259 3240 3240 3247 3247 3249 3249 3259 3259 3423 3423 3422 3422 3421 3421 3263 3263 3219 3219 3221 3221 2571 2571 2567 2567 2570 2570 2640 2640 2637 2637 2633 2633 2629 2629 2633 2633 2632 2632 2629 2629 2632 2632 2628 2628 2521 2521 2533 2533 2528 2528 2521 2521 2528 2528 2523 2523 2521 2521 2523 2523 2522 2522 3232 3232 3231 3231 3235 3235 2520 2520 2521 2521 2522 2522 3232 3232 3235 3235 3247 3247 3232 3232 3247 3247 3240 3240 1261 1261 1264 1264 1265 1265 3248 3248 3256 3256 3214 3214 2686 2686 2676 2676 2679 2679 2687 2687 2686 2686 2679 2679 3214 3214 3210 3210 3212 3212 2608 2608 2609 2609 2607 2607 3220 3220 3212 3212 3219 3219 2572 2572 2571 2571 2570 2570 3459 3459 3462 3462 3457 3457 2639 2639 2640 2640 2633 2633 3237 3237 3250 3250 3225 3225 3225 3225 3250 3250 3231 3231 3258 3258 3237 3237 3236 3236 3237 3237 3225 3225 3236 3236 3227 3227 3225 3225 3231 3231 3227 3227 3231 3231 3232 3232 3227 3227 3232 3232 3229 3229 2522 2522 2523 2523 2525 2525 3229 3229 3232 3232 3240 3240 3229 3229 3240 3240 3233 3233 3233 3233 3240 3240 3248 3248 2610 2610 2612 2612 2611 2611 3233 3233 3248 3248 3214 3214 3220 3220 3214 3214 3212 3212 3220 3220 3219 3219 3257 3257 3545 3545 3538 3538 3546 3546 2572 2572 2570 2570 2574 2574 3458 3458 3459 3459 3457 3457 2603 2603 2599 2599 2602 2602 2638 2638 2641 2641 2639 2639 2638 2638 2639 2639 2633 2633 3458 3458 3457 3457 3456 3456 2638 2638 2633 2633 2629 2629 2602 2602 2599 2599 2598 2598 2598 2598 2599 2599 2600 2600 3224 3224 3236 3236 3225 3225 3224 3224 3225 3225 3226 3226 3226 3226 3225 3225 3227 3227 3254 3254 3224 3224 3226 3226 3254 3254 3226 3226 3253 3253 3253 3253 3226 3226 3246 3246 2610 2610 2611 2611 2606 2606 2607 2607 2610 2610 2606 2606 3233 3233 3214 3214 3220 3220 3255 3255 3220 3220 3257 3257 2607 2607 2606 2606 2603 2603 2603 2603 2606 2606 2604 2604 2606 2606 2613 2613 2604 2604 2575 2575 2572 2572 2574 2574 2603 2603 2604 2604 2599 2599 2604 2604 2613 2613 2599 2599 2642 2642 2641 2641 2638 2638 3226 3226 3227 3227 3228 3228 3228 3228 3227 3227 3229 3229 3246 3246 3226 3226 3228 3228 3230 3230 3229 3229 3233 3233 3253 3253 3246 3246 3245 3245 3234 3234 3230 3230 3233 3233 3246 3246 3228 3228 3245 3245 3241 3241 3234 3234 3233 3233 3241 3241 3233 3233 3220 3220 3241 3241 3220 3220 3255 3255 3242 3242 3255 3255 3244 3244 3458 3458 3460 3460 3459 3459 3463 3463 3458 3458 3465 3465 3228 3228 3229 3229 3230 3230 3245 3245 3228 3228 3238 3238 3238 3238 3228 3228 3230 3230 3238 3238 3230 3230 3234 3234 3251 3251 3245 3245 3238 3238 3234 3234 3241 3241 3242 3242 3238 3238 3234 3234 3239 3239 3239 3239 3234 3234 3242 3242 3239 3239 3242 3242 3243 3243 3243 3243 3242 3242 3244 3244 3468 3468 3469 3469 3467 3467 3467 3467 3464 3464 3466 3466 3468 3468 3467 3467 3466 3466 3466 3466 3464 3464 3463 3463 3464 3464 3461 3461 3463 3463 3461 3461 3460 3460 3458 3458 3463 3463 3461 3461 3458 3458</p>
        </triangles>
      </mesh>
    </geometry>
  </library_geometries>
  <library_images>
    <image id="object_1">
      <init_from>texture_1.png</init_from>
    </image>
  </library_images>
  <library_visual_scenes>
    <visual_scene id="Scene">
      <node id="world" sid="world" name="world" type="NODE">
        <matrix>1 0 0 0 0 1 0 0 0 0 1 0 0 0 0 1</matrix>
        <node id="geometry_0" sid="geometry_0" name="geometry_0" type="NODE">
          <matrix>1 0 0 0 0 1 0 0 0 0 1 0 0 0 0 1</matrix>
          <instance_geometry url="#mesh_1">
            <bind_material>
              <technique_common>
                <instance_material symbol="mat0" target="#material_1" />
              </technique_common>
            </bind_material>
          </instance_geometry>
        </node>
      </node>
    </visual_scene>
  </library_visual_scenes>
  <library_animations />
  <scene>
    <instance_visual_scene url="#Scene" />
  </scene>
</COLLADA>