# Blender 4.3.2
# www.blender.org
mtllib untitled0126.mtl
o geometry_0
v -0.000054 0.181825 -0.044766
v -0.000203 0.176331 -0.040883
v 0.000197 0.164549 -0.036276
v -0.174325 -0.499753 -0.000123
v -0.119313 -0.499256 -0.002539
v -0.121044 -0.499851 0.018985
v -0.177169 -0.499981 0.020268
v -0.126711 -0.499905 0.036499
v -0.175222 -0.499899 0.036620
v -0.142289 -0.499708 0.059899
v -0.169797 -0.499742 0.052292
v -0.150224 -0.499041 -0.009281
v -0.168777 -0.499218 -0.017371
v -0.162399 -0.499267 0.061794
v -0.139294 -0.495950 -0.015053
v -0.116111 -0.496397 -0.012898
v -0.113526 -0.490908 -0.022733
v -0.131601 -0.487346 -0.033519
v -0.155644 -0.487153 -0.035867
v -0.165208 -0.491778 -0.029287
v -0.116941 -0.488191 -0.027655
v -0.110630 -0.490782 -0.025336
v -0.154281 -0.497380 0.064938
v -0.164339 -0.492454 -0.034006
v 0.148686 -0.499146 -0.015210
v 0.168869 -0.499596 -0.019083
v 0.121247 -0.499851 0.021329
v 0.174678 -0.500011 0.001967
v 0.174903 -0.500028 0.036721
v 0.126736 -0.499868 0.036967
v 0.169583 -0.499912 0.052199
v 0.135450 -0.499871 0.052628
v 0.118580 -0.499293 -0.010187
v 0.147523 -0.498836 0.062771
v 0.162692 -0.499029 0.061472
v 0.119091 -0.499337 0.008097
v 0.177397 -0.498898 0.019984
v 0.130812 -0.490025 -0.028303
v 0.164987 -0.491410 -0.031106
v 0.155876 -0.489690 -0.033358
v 0.120424 -0.488202 -0.026065
v 0.115734 -0.487372 -0.022589
v 0.157009 -0.492362 0.065150
v 0.107207 -0.025563 -0.000094
v 0.107461 -0.050101 0.015531
v 0.110326 -0.080127 -0.001861
v 0.109305 -0.091523 0.014166
v 0.104708 -0.016277 0.013601
v 0.110531 -0.147576 -0.005229
v 0.108304 -0.157847 0.006893
v 0.112777 -0.171895 -0.007459
v 0.109631 -0.177860 0.009578
v 0.100440 0.008261 -0.003017
v 0.094537 0.032293 0.011331
v 0.093559 0.039580 -0.004076
v 0.094358 0.041039 0.015341
v 0.107959 -0.149689 -0.021955
v 0.106577 -0.104716 -0.020432
v 0.103935 -0.037613 -0.022226
v 0.103392 -0.023484 -0.020194
v 0.100767 -0.003895 -0.017767
v 0.093060 0.034289 -0.014221
v 0.108907 -0.172707 -0.027212
v 0.087785 0.061000 -0.003159
v 0.093137 0.012503 -0.033743
v 0.087061 0.035252 -0.035631
v 0.080499 0.072122 -0.020875
v 0.093590 -0.015406 -0.044551
v 0.086015 0.010315 -0.053885
v 0.081182 0.078587 -0.004858
v 0.083461 0.075158 0.009800
v 0.077234 0.035561 -0.059944
v 0.076739 0.081721 -0.018763
v 0.092196 -0.028618 -0.042832
v 0.078377 0.045298 -0.047139
v 0.082037 -0.000722 -0.063360
v 0.097037 -0.077417 -0.037470
v 0.099575 -0.138536 -0.034630
v 0.071492 0.017180 -0.076673
v 0.068128 0.032929 -0.076415
v 0.100260 -0.172956 -0.037660
v 0.066994 0.062994 -0.053047
v 0.076032 -0.011434 -0.071574
v 0.072024 -0.008678 -0.076959
v 0.061459 0.110398 -0.012093
v 0.067323 0.106439 0.006718
v 0.061818 0.080056 -0.042822
v 0.058668 0.123726 -0.013073
v 0.064001 0.126930 0.002318
v 0.057438 0.138778 -0.015979
v 0.064753 0.119590 0.009555
v 0.063920 0.136953 0.022703
v 0.065544 0.152242 -0.001058
v 0.066440 0.152366 0.028772
v 0.065001 0.098586 0.026052
v 0.062688 0.118934 0.024551
v 0.060392 0.157308 -0.017385
v 0.067312 0.162142 -0.003106
v 0.070175 0.161855 0.024635
v 0.070310 0.171894 0.003319
v 0.073294 0.199588 0.019271
v 0.073012 0.204699 -0.001111
v 0.072993 0.234146 0.000518
v 0.069694 0.208482 -0.019753
v 0.073721 0.227287 -0.006522
v 0.073565 0.232817 -0.019999
v 0.070397 0.235237 0.020641
v 0.070872 0.214736 0.039611
v 0.071046 0.190905 0.039825
v 0.070864 0.246597 0.014273
v 0.069630 0.233382 -0.033110
v 0.066666 0.240939 0.036165
v 0.067609 0.244924 0.026670
v 0.068123 0.200588 0.054319
v 0.065851 0.222251 0.054743
v 0.063990 0.159251 0.049974
v 0.116650 -0.186229 -0.002359
v 0.064130 0.232037 0.051176
v 0.060167 0.198376 -0.032283
v 0.064744 0.219341 -0.033712
v 0.068182 0.242019 0.052744
v 0.067985 0.157237 0.042213
v 0.078727 0.075895 0.021075
v 0.066685 0.238263 0.060232
v 0.057856 0.115100 0.035943
v 0.058937 0.135235 0.037202
v 0.075882 0.243036 -0.002710
v 0.113611 -0.196881 0.007704
v 0.119581 -0.199199 -0.008164
v 0.118807 -0.189065 -0.016469
v 0.122542 -0.210373 -0.018974
v 0.117766 -0.196501 -0.030587
v 0.122028 -0.220157 -0.033199
v 0.126127 -0.238301 -0.019912
v 0.127052 -0.240800 -0.034475
v 0.116469 -0.179875 -0.006707
v 0.115822 -0.179942 -0.024928
v 0.120099 -0.212131 -0.003515
v 0.123233 -0.241452 -0.010238
v 0.116027 -0.217533 -0.045494
v 0.121548 -0.240981 -0.051190
v 0.109193 -0.184253 -0.039480
v 0.112969 -0.201563 -0.041488
v 0.103260 -0.165360 0.017451
v 0.061826 0.151313 0.043273
v 0.077205 0.238184 -0.008305
v 0.060724 0.097163 0.034812
v 0.059745 0.152644 0.059019
v 0.061649 0.201192 0.066816
v 0.068663 0.070966 0.036174
v 0.078410 0.061072 0.029637
v 0.099145 -0.054684 0.031051
v 0.100130 -0.092991 0.030440
v 0.113283 -0.213099 0.008255
v 0.058912 0.223946 0.065548
v 0.070531 0.247807 0.039170
v 0.094991 -0.024607 0.030559
v 0.055143 0.159284 -0.025530
v 0.111790 -0.241990 -0.063495
v 0.088689 0.008843 0.027017
v 0.084805 0.027315 0.026089
v 0.084100 0.038971 0.026341
v 0.130114 -0.242234 -0.021574
v 0.102898 -0.194969 0.020158
v 0.051596 0.135864 0.047910
v 0.051779 0.111372 0.044480
v 0.056559 0.183456 0.068758
v 0.081000 0.045456 0.030920
v 0.112635 -0.242786 0.003805
v 0.076005 -0.023018 -0.064009
v 0.047040 0.125474 -0.024897
v 0.048665 0.109604 -0.027456
v 0.056665 0.057382 -0.069651
v 0.049062 0.153129 -0.028567
v 0.103703 -0.218515 -0.057589
v 0.054027 0.086378 0.043615
v 0.054696 0.220505 0.071166
v 0.072758 0.251684 0.026760
v 0.070719 0.257089 0.017507
v 0.068243 0.260766 0.022169
v 0.067140 0.271549 0.014816
v 0.079946 0.250181 -0.001527
v 0.056362 0.158170 0.059239
v 0.100156 -0.200169 -0.051729
v 0.084685 -0.119809 -0.047020
v 0.089653 -0.157846 -0.043874
v 0.097500 -0.186096 -0.049127
v 0.075438 0.234876 -0.019602
v 0.073740 0.245008 -0.035576
v 0.078108 0.252275 0.007931
v 0.048520 0.215902 0.076499
v -0.071994 -0.278939 -0.047981
v -0.072178 -0.281415 -0.034217
v -0.083459 -0.327460 -0.035720
v -0.082986 -0.327086 -0.049195
v -0.066135 -0.252783 -0.033862
v -0.093807 -0.363002 -0.036598
v -0.092109 -0.361594 -0.049561
v -0.099050 -0.379956 -0.035328
v -0.097864 -0.380077 -0.050191
v -0.067602 -0.252754 -0.021475
v -0.079222 -0.301971 -0.023037
v -0.098124 -0.364297 -0.022754
v -0.103275 -0.379817 -0.022532
v -0.099865 -0.367791 -0.018447
v -0.078031 -0.277999 -0.010946
v -0.071874 -0.252028 -0.010086
v -0.091832 -0.326043 -0.011900
v -0.067334 -0.250397 -0.049124
v -0.105723 -0.365612 -0.010893
v -0.083489 -0.311701 -0.067075
v -0.089346 -0.338136 -0.064018
v -0.075990 -0.277905 -0.064996
v -0.100825 -0.375762 -0.065938
v -0.093874 -0.359281 -0.062544
v -0.094591 -0.355550 -0.063381
v -0.071374 -0.251829 -0.060896
v -0.080304 -0.265719 -0.079529
v -0.085049 -0.293776 -0.078302
v -0.092671 -0.328897 -0.074019
v -0.092005 -0.263374 -0.098335
v -0.084544 -0.253270 -0.084415
v -0.068150 -0.247376 -0.034208
v -0.069049 -0.247899 -0.024846
v -0.064611 -0.226202 -0.032030
v -0.064540 -0.232009 -0.020951
v -0.070197 -0.246156 -0.050188
v -0.058379 -0.213595 -0.017550
v -0.060767 -0.206731 -0.033753
v -0.058154 -0.197423 -0.030257
v -0.053585 -0.195976 -0.008843
v -0.066236 -0.230766 -0.007351
v -0.059536 -0.214507 -0.003893
v -0.057142 -0.204002 -0.004669
v -0.057558 -0.198372 0.007734
v -0.062310 -0.213629 0.006048
v -0.068574 -0.215328 -0.046406
v -0.054333 -0.192187 -0.003292
v -0.047229 -0.161020 0.009486
v -0.045783 -0.157463 -0.000946
v -0.055398 -0.192044 -0.015280
v -0.048791 -0.164514 -0.015022
v -0.035584 -0.118078 -0.016307
v -0.032045 -0.108941 -0.000770
v -0.021009 -0.074426 -0.001157
v -0.019846 -0.068427 -0.015589
v -0.011016 -0.035467 -0.002038
v -0.010536 -0.031244 -0.016651
v -0.031184 -0.100067 0.016204
v -0.022954 -0.071817 0.017778
v -0.011557 -0.036095 0.012436
v -0.057917 -0.167496 -0.035873
v -0.064248 -0.191427 -0.038793
v -0.050287 -0.135062 -0.038688
v -0.041180 -0.106823 -0.038650
v -0.027358 -0.060144 -0.036869
v -0.020357 -0.035175 -0.037504
v -0.074116 -0.247517 -0.009770
v -0.067883 -0.222997 0.005803
v -0.014100 -0.035823 0.018399
v -0.068409 -0.196828 -0.047603
v -0.000071 -0.023594 -0.004463
v -0.078060 -0.244093 -0.063389
v -0.069490 -0.205098 -0.046888
v 0.000162 -0.018972 -0.019462
v -0.000352 -0.016202 -0.030311
v -0.000480 -0.024388 0.013258
v -0.011230 -0.024750 -0.050975
v -0.054732 -0.154918 0.025806
v -0.065345 -0.198744 0.019932
v -0.000595 -0.014764 -0.053090
v -0.069804 -0.214249 0.015423
v -0.047186 -0.113473 0.033502
v -0.033028 -0.067799 0.034453
v -0.079713 -0.237798 0.006302
v -0.000739 -0.021527 0.021946
v -0.079628 -0.246086 -0.001212
v -0.000375 -0.010134 -0.070318
v -0.027425 -0.038451 0.035604
v -0.020796 -0.024435 0.034335
v -0.095223 -0.386538 -0.050563
v -0.096685 -0.391287 -0.027166
v -0.094739 -0.392923 -0.044328
v -0.101609 -0.407377 -0.037482
v -0.099742 -0.404242 -0.048503
v -0.102714 -0.413457 -0.036030
v -0.100045 -0.413323 -0.051424
v -0.097279 -0.381815 -0.065924
v -0.104034 -0.398992 -0.063505
v -0.103928 -0.409212 -0.064104
v -0.106473 -0.408879 -0.026376
v -0.104284 -0.415461 -0.059725
v -0.107258 -0.413780 -0.023902
v -0.113014 -0.424519 -0.026939
v -0.109414 -0.423247 -0.039804
v -0.107410 -0.420617 -0.048996
v -0.109271 -0.398161 -0.013890
v -0.104650 -0.388380 -0.014136
v -0.110022 -0.419632 -0.059696
v -0.111405 -0.378330 -0.011216
v -0.116478 -0.407827 -0.012820
v -0.102940 -0.388555 -0.068597
v -0.104505 -0.380621 -0.079928
v -0.107905 -0.385973 -0.078883
v -0.083299 -0.247980 0.004277
v -0.102018 -0.358015 -0.072505
v -0.100778 -0.344332 -0.074462
v -0.100596 -0.335432 -0.078342
v -0.088773 -0.270309 0.002998
v -0.093968 -0.296338 -0.000559
v -0.078041 -0.219371 0.018975
v -0.026491 -0.030873 -0.063102
v -0.035310 -0.040948 -0.049798
v -0.013455 -0.013874 -0.081780
v -0.000245 -0.003338 -0.073887
v -0.103650 -0.328165 -0.003531
v -0.110538 -0.362093 -0.007716
v -0.111166 -0.384763 -0.008943
v -0.081661 -0.249997 -0.074553
v 0.064815 -0.253607 -0.036012
v 0.068650 -0.267922 -0.046696
v 0.077862 -0.308654 -0.043837
v 0.069781 -0.268966 -0.022880
v 0.087138 -0.332373 -0.024972
v 0.091400 -0.356481 -0.037996
v 0.090615 -0.354671 -0.050664
v 0.093085 -0.365410 -0.036732
v 0.067846 -0.252506 -0.019388
v 0.098862 -0.364999 -0.022029
v 0.072107 -0.253148 -0.008142
v 0.087230 -0.311290 -0.011229
v 0.097094 -0.343786 -0.013059
v 0.090510 -0.359512 -0.050941
v 0.096423 -0.375609 -0.049793
v 0.096761 -0.374788 -0.034787
v 0.099286 -0.366093 -0.017611
v 0.099916 -0.376550 -0.023077
v 0.096211 -0.382182 -0.036233
v 0.101931 -0.387773 -0.023554
v 0.083696 -0.316651 -0.064226
v 0.067369 -0.251778 -0.051473
v 0.093855 -0.351316 -0.065387
v 0.075589 -0.273657 -0.066635
v 0.099917 -0.373987 -0.063900
v 0.094636 -0.356965 -0.066307
v 0.094770 -0.381973 -0.050659
v 0.098326 -0.392598 -0.027425
v 0.097328 -0.395138 -0.046289
v 0.097913 -0.380984 -0.068751
v 0.104585 -0.396346 -0.063640
v 0.089934 -0.326958 -0.071382
v 0.095959 -0.401234 -0.038889
v 0.103293 -0.406644 -0.023536
v 0.103582 -0.414467 -0.030201
v 0.097739 -0.408694 -0.050862
v 0.100902 -0.404673 -0.062198
v 0.104694 -0.410072 -0.064960
v 0.105328 -0.390110 -0.014229
v 0.083153 -0.285134 -0.077065
v 0.073815 -0.249430 -0.065188
v 0.107403 -0.419604 -0.050494
v 0.085986 -0.265410 -0.087031
v 0.108405 -0.386347 -0.079198
v 0.109616 -0.420756 -0.038431
v 0.090836 -0.296519 -0.082831
v 0.093190 -0.280291 -0.091032
v 0.093873 -0.272469 -0.096097
v 0.092430 -0.264701 -0.097910
v 0.087837 -0.257973 -0.090879
v 0.084184 -0.254414 -0.080736
v 0.107531 -0.380879 -0.080483
v 0.111717 -0.416081 -0.062746
v 0.110402 -0.423993 -0.061504
v 0.113461 -0.428567 -0.068035
v 0.104578 -0.462864 -0.066295
v 0.113304 -0.449127 -0.075964
v 0.114066 -0.471296 -0.080287
v 0.106469 -0.498751 -0.072434
v 0.102039 -0.484225 -0.063819
v 0.102984 -0.498034 -0.064353
v 0.109546 -0.405117 -0.070964
v 0.098437 -0.332095 -0.077984
v 0.109685 -0.394759 -0.069239
v 0.068085 -0.248277 -0.033809
v 0.070659 -0.246941 -0.052540
v 0.065275 -0.231248 -0.031051
v 0.069016 -0.233575 -0.046855
v 0.064169 -0.217368 -0.035805
v 0.060709 -0.222301 -0.019917
v 0.069186 -0.249363 -0.024815
v 0.052873 -0.194905 -0.017034
v 0.058690 -0.214697 -0.005246
v 0.053291 -0.197707 -0.005198
v 0.058907 -0.196574 -0.033090
v 0.054436 -0.193282 0.003275
v 0.069698 -0.236491 -0.007308
v 0.056675 -0.198067 0.007255
v 0.072820 -0.219833 -0.051761
v 0.072019 -0.207037 -0.048297
v 0.069602 -0.196329 -0.047437
v 0.053776 -0.191240 -0.016166
v 0.048322 -0.168908 -0.005137
v 0.047081 -0.160980 -0.015994
v 0.033915 -0.115340 -0.000705
v 0.033030 -0.111442 -0.014657
v 0.022302 -0.078114 -0.001034
v 0.018545 -0.064279 -0.015056
v 0.012380 -0.037262 0.014335
v 0.047770 -0.164302 0.007320
v 0.039682 -0.103751 -0.037472
v 0.032552 -0.107696 0.013264
v 0.025181 -0.083666 0.013681
v 0.055692 -0.160382 -0.036174
v 0.062607 -0.188561 -0.036999
v 0.026354 -0.055553 -0.036823
v 0.009499 -0.030633 -0.015624
v 0.009698 -0.033555 0.001069
v 0.020759 -0.034618 -0.038861
v 0.007775 -0.029881 0.017539
v 0.000162 -0.018972 -0.019462
v -0.000071 -0.023594 -0.004463
v 0.074986 -0.249392 -0.009406
v 0.078321 -0.244933 -0.062866
v 0.064541 -0.215369 0.008057
v 0.023922 -0.069337 0.019790
v -0.000352 -0.016202 -0.030311
v 0.057358 -0.171540 0.022178
v 0.011670 -0.024590 -0.051790
v 0.070896 -0.215938 0.014998
v 0.063016 -0.195908 0.017761
v 0.051413 -0.145146 0.026388
v 0.018796 -0.032118 0.027783
v 0.042759 -0.103126 0.032587
v 0.033109 -0.068322 0.034428
v 0.022527 -0.025511 0.035759
v -0.000595 -0.014764 -0.053090
v -0.000375 -0.010134 -0.070318
v 0.037093 -0.041113 -0.052402
v 0.016856 -0.024334 -0.063291
v -0.000480 -0.024388 0.013258
v -0.000739 -0.021527 0.021946
v 0.107063 -0.356248 -0.076949
v 0.107946 -0.371971 -0.073054
v 0.041669 -0.057101 -0.048831
v 0.097690 -0.304896 -0.085276
v 0.044599 -0.096634 -0.043163
v 0.115339 -0.498555 -0.080284
v 0.072286 -0.163300 -0.047514
v 0.077910 -0.184447 -0.048488
v 0.112855 -0.417559 -0.020490
v 0.107990 -0.350236 -0.076308
v 0.105223 -0.333334 -0.081496
v 0.031889 -0.033519 -0.061881
v 0.009929 -0.011137 -0.077751
v 0.124467 -0.443827 -0.079444
v 0.124267 -0.415433 -0.068110
v 0.123359 -0.410343 -0.067957
v -0.118853 -0.188922 -0.012728
v -0.118365 -0.190952 -0.028990
v -0.122561 -0.211307 -0.018217
v -0.119444 -0.196685 -0.005339
v -0.118615 -0.199203 -0.029461
v -0.119269 -0.210510 -0.035567
v -0.122904 -0.227830 -0.035520
v -0.126552 -0.240937 -0.019454
v -0.126450 -0.240956 -0.035758
v -0.123202 -0.240788 -0.048793
v -0.115690 -0.218285 -0.046523
v -0.113299 -0.199241 -0.039656
v -0.112495 -0.190688 -0.040518
v -0.117227 -0.242044 -0.058825
v -0.105062 -0.215994 -0.055979
v -0.120724 -0.225683 -0.007660
v -0.120261 -0.214187 -0.003771
v -0.117936 -0.208001 -0.003336
v -0.118724 -0.242102 -0.002400
v -0.110925 -0.187789 0.008230
v -0.117758 -0.181640 -0.012036
v -0.114922 -0.180447 -0.027663
v -0.115843 -0.188864 -0.028549
v -0.113598 -0.174258 -0.010800
v -0.108102 -0.180734 -0.039477
v -0.107611 -0.188453 -0.042527
v -0.114234 -0.182043 0.002621
v -0.110312 -0.173214 0.004426
v -0.111044 -0.148366 -0.006399
v -0.108041 -0.152649 0.009906
v -0.109324 -0.154798 -0.017828
v -0.110136 -0.174819 -0.027218
v -0.105262 -0.174692 -0.035255
v -0.106971 -0.117927 -0.020360
v -0.110769 -0.087041 -0.002188
v -0.106224 -0.070133 -0.020297
v -0.107999 -0.030357 0.000375
v -0.103845 -0.028681 -0.022044
v -0.102956 -0.000893 0.000027
v -0.099024 0.002391 -0.021420
v -0.091586 0.036420 -0.019755
v -0.094124 0.039990 -0.001446
v -0.108932 -0.084455 0.013280
v -0.105132 -0.022819 0.014963
v -0.088086 0.062412 -0.001489
v -0.084552 0.073900 0.008777
v -0.094538 0.041121 0.015796
v -0.106446 -0.050154 0.017051
v -0.087434 0.033235 -0.037693
v -0.081567 0.064512 -0.025640
v -0.087866 0.009220 -0.049256
v -0.082043 0.077789 -0.005296
v -0.104432 -0.153806 -0.031094
v -0.093177 0.035568 0.012318
v -0.077853 0.033219 -0.060230
v -0.093756 -0.019588 -0.041817
v -0.081642 0.006112 -0.062942
v -0.099600 -0.116943 -0.035572
v -0.098177 -0.079539 -0.037461
v -0.074766 0.085406 -0.018798
v -0.095870 -0.054541 -0.039210
v -0.079348 -0.009483 -0.066483
v -0.061869 0.111148 -0.010890
v -0.063868 0.110887 -0.003090
v -0.058809 0.130345 -0.011327
v -0.066761 0.106592 0.009480
v -0.064336 0.125206 0.009333
v -0.063961 0.141529 0.000203
v -0.065692 0.145908 0.011582
v -0.062284 0.119842 0.024821
v -0.063657 0.137928 0.024630
v -0.065510 0.100258 0.023420
v -0.062577 0.154583 -0.011409
v -0.067539 0.154741 0.027068
v -0.070482 0.162026 0.023630
v -0.071604 0.175566 0.002455
v -0.074106 0.194441 0.024160
v -0.073511 0.199697 -0.001501
v -0.073665 0.214456 0.019809
v -0.074028 0.229114 -0.005139
v -0.068977 0.245130 0.020990
v -0.071703 0.213079 0.039939
v -0.071202 0.214526 -0.017975
v -0.071408 0.187672 0.041498
v -0.074391 0.232986 -0.018369
v -0.067199 0.241115 0.032784
v -0.066777 0.186534 -0.018557
v -0.067899 0.210720 0.054571
v -0.064102 0.232704 0.051424
v -0.066582 0.159875 0.044470
v -0.068144 0.156729 0.042774
v -0.071548 0.250893 0.012736
v -0.067737 0.190864 0.053879
v -0.066797 0.222738 -0.031212
v -0.056901 0.120434 0.037468
v -0.079010 0.075042 0.022257
v -0.055300 0.145029 0.046713
v -0.059918 0.093324 0.036855
v -0.111481 -0.194190 0.010306
v -0.101378 -0.099161 0.028621
v -0.059644 0.225084 0.063963
v -0.111131 -0.212588 0.010327
v -0.062271 0.204307 0.065488
v -0.061787 0.152113 0.042799
v -0.098892 -0.048070 0.030380
v -0.103127 -0.169732 0.017636
v -0.106996 -0.184793 0.015367
v -0.062018 0.158511 0.052822
v -0.058004 0.152195 0.060863
v -0.095474 0.016314 0.015865
v -0.095246 -0.018821 0.029292
v -0.072702 0.237173 -0.028236
v -0.066468 0.060650 -0.056691
v -0.065883 0.032573 -0.078662
v -0.071571 0.245295 -0.036994
v -0.067498 0.239067 0.056272
v -0.070088 0.247314 0.042317
v -0.070425 0.005578 -0.078847
v -0.059283 0.164166 -0.021755
v -0.070792 -0.009014 -0.077357
v -0.050252 0.129672 -0.022645
v -0.048997 0.110272 -0.027113
v -0.051074 0.158041 -0.028887
v -0.062989 0.230530 0.061051
v -0.063982 0.235995 0.065662
v -0.059727 0.229317 0.076482
v -0.071693 0.248390 0.035197
v -0.071497 0.255294 0.025370
v -0.071840 0.258796 0.016231
v -0.061416 0.231714 -0.040982
v -0.086511 0.028603 0.024657
v -0.083637 0.038049 0.027510
v -0.059480 0.180711 0.064847
v -0.084923 0.043269 0.028804
v -0.112383 -0.225284 0.006419
v -0.082992 -0.031055 -0.051098
v -0.053217 0.182833 -0.035096
v -0.051766 0.098406 -0.034707
v -0.074321 0.061072 0.034596
v -0.078278 0.236116 -0.008060
v -0.056108 0.053082 -0.073307
v -0.055826 0.081690 -0.047625
v -0.074646 -0.021425 -0.065921
v -0.064566 0.263804 0.020946
v -0.054189 0.220890 0.071198
v -0.054311 0.193564 0.072783
v -0.054545 0.157643 0.061204
v -0.052239 0.171706 0.068937
v -0.048533 0.215535 0.076521
v -0.049392 0.151929 0.067093
v -0.055541 0.252401 0.040982
v -0.043491 0.157821 0.067630
v -0.043730 0.211031 0.079104
v -0.039435 0.256059 0.043498
v -0.031342 0.248107 0.054898
v 0.125610 -0.375174 -0.007169
v 0.108789 -0.365733 -0.008174
v 0.112909 -0.381532 -0.011074
v 0.126151 -0.356380 -0.006241
v 0.113161 -0.361909 -0.007773
v 0.124311 -0.319319 -0.000720
v 0.102345 -0.315746 -0.001782
v 0.103677 -0.285458 0.004226
v 0.118140 -0.278469 0.006658
v 0.113576 -0.245629 0.010790
v 0.098220 -0.248634 0.009773
v 0.091640 -0.289261 -0.000510
v 0.084895 -0.249641 0.004911
v 0.106193 -0.364880 -0.012093
v 0.083728 -0.273749 -0.001531
v 0.115026 -0.389140 -0.008644
v 0.127708 -0.398434 -0.006582
v 0.117104 -0.405162 -0.011176
v 0.105328 -0.390110 -0.014229
v 0.126735 -0.410161 -0.005811
v 0.131731 -0.422425 -0.002416
v 0.120955 -0.430417 -0.008678
v 0.087230 -0.311290 -0.011229
v 0.097094 -0.343786 -0.013059
v 0.103293 -0.406644 -0.023536
v 0.112855 -0.417559 -0.020490
v 0.072107 -0.253148 -0.008142
v 0.099286 -0.366093 -0.017611
v 0.128818 -0.435966 -0.000954
v 0.137767 -0.435290 0.001668
v 0.134495 -0.447433 0.005189
v 0.099916 -0.376550 -0.023077
v 0.101931 -0.387773 -0.023554
v 0.127628 -0.445599 -0.006346
v 0.098862 -0.364999 -0.022029
v 0.103582 -0.414467 -0.030201
v 0.143314 -0.454464 0.007154
v 0.141202 -0.456310 0.007494
v 0.140312 -0.397361 -0.010479
v 0.135765 -0.374094 -0.010862
v 0.143821 -0.401769 -0.011353
v 0.152514 -0.454250 0.003135
v 0.150520 -0.417955 -0.009816
v 0.152109 -0.430983 -0.006994
v 0.133556 -0.354642 -0.010797
v 0.127881 -0.293261 -0.001322
v 0.150136 -0.498967 -0.065905
v 0.125412 -0.497776 -0.032618
v 0.101591 -0.498791 -0.051726
v 0.106469 -0.498751 -0.072434
v 0.159511 -0.498878 -0.045918
v 0.161646 -0.498301 -0.036648
v 0.109963 -0.498192 -0.026043
v 0.115339 -0.498555 -0.080284
v 0.124979 -0.498604 -0.082789
v 0.136636 -0.497591 -0.079243
v 0.102984 -0.498034 -0.064353
v -0.152105 -0.498734 -0.061607
v -0.104371 -0.498846 -0.064016
v -0.135036 -0.497848 -0.036399
v -0.118376 -0.498015 -0.031475
v -0.109157 -0.498252 -0.029443
v -0.144170 -0.498560 -0.073064
v -0.161087 -0.498590 -0.037882
v -0.115278 -0.498263 -0.079588
v -0.137036 -0.498220 -0.079652
v -0.125584 -0.497841 -0.083488
v -0.102817 -0.497986 -0.051061
v -0.109049 -0.495816 -0.074943
v 0.266878 0.174443 0.007959
v 0.225055 0.189680 0.004177
v 0.260222 0.171826 0.006878
v 0.229484 0.176970 0.002637
v 0.196805 0.186686 -0.000312
v 0.199279 0.200610 0.003848
v 0.248210 0.167179 0.002863
v 0.276491 0.154755 0.003482
v 0.294163 0.162116 0.012031
v 0.295304 0.154750 0.010333
v 0.312954 0.156359 0.016385
v 0.316620 0.146695 0.014351
v 0.322027 0.159311 0.019657
v 0.235760 0.167568 -0.000845
v 0.192472 0.180581 -0.005682
v 0.187421 0.185496 -0.006044
v 0.300349 0.147281 0.006107
v 0.178175 0.196643 0.002515
v 0.196293 0.194179 0.003273
v 0.167469 0.208097 0.005873
v 0.154798 0.205026 0.002744
v 0.148078 0.213309 0.006116
v 0.129576 0.215932 0.002868
v 0.130733 0.227132 0.008017
v 0.111389 0.233940 0.005232
v 0.110191 0.227314 0.001721
v 0.086675 0.241149 -0.004472
v 0.088047 0.233340 -0.008671
v 0.077205 0.238184 -0.008305
v 0.097660 0.248356 0.002126
v 0.084976 0.248941 -0.003303
v 0.154107 0.221075 0.007698
v 0.112137 0.248716 0.006351
v 0.104091 0.258841 0.007291
v 0.090922 0.258071 0.008779
v 0.089598 0.268870 0.011357
v 0.075882 0.243036 -0.002710
v 0.079946 0.250181 -0.001527
v 0.087148 0.253179 0.000203
v 0.091619 0.251735 -0.001356
v 0.137181 0.236798 0.007244
v 0.316566 0.140874 0.007139
v 0.103923 0.224196 -0.006758
v 0.078450 0.259227 0.013236
v 0.078108 0.252275 0.007931
v 0.325558 0.145643 0.021649
v 0.332154 0.138452 0.022320
v 0.346386 0.146969 0.034137
v 0.347178 0.134878 0.026012
v 0.353133 0.146737 0.033526
v 0.345858 0.128808 0.016555
v 0.136596 0.207789 -0.006374
v 0.092087 0.253011 0.002607
v 0.351966 0.128478 0.014548
v 0.341824 0.128745 0.010206
v 0.070719 0.257089 0.017507
v 0.070864 0.246597 0.014273
v 0.359211 0.122524 0.010054
v -0.188587 0.222237 -0.029763
v -0.199774 0.225657 -0.019408
v -0.174587 0.233241 -0.016476
v -0.170194 0.230795 -0.025799
v -0.165184 0.228767 -0.029856
v -0.143514 0.245157 -0.028167
v -0.142946 0.252495 -0.015909
v -0.125133 0.258961 -0.028228
v -0.114494 0.275881 -0.017822
v -0.094808 0.284299 -0.030186
v -0.096121 0.289850 -0.017983
v -0.079994 0.297465 -0.019949
v -0.077611 0.291455 -0.032046
v -0.049831 0.299344 -0.031757
v -0.062416 0.300386 -0.021370
v -0.048678 0.303964 -0.021170
v -0.042451 0.309373 -0.018870
v -0.032430 0.311488 -0.028637
v -0.032994 0.322821 -0.017250
v -0.024295 0.326109 -0.026650
v -0.027424 0.304678 -0.035404
v -0.014151 0.309683 -0.035962
v -0.050953 0.286323 -0.040906
v -0.094647 0.272969 -0.036461
v -0.076998 0.277281 -0.038800
v -0.123289 0.250003 -0.033732
v -0.157032 0.225149 -0.034152
v -0.166699 0.217310 -0.034901
v -0.019859 0.286242 -0.045939
v -0.043674 0.272797 -0.047678
v -0.181619 0.209222 -0.036423
v -0.141544 0.227937 -0.036415
v -0.107540 0.250850 -0.037620
v -0.000172 0.306872 -0.037931
v -0.024691 0.261296 -0.053196
v -0.044306 0.262054 -0.050120
v -0.059814 0.259099 -0.045512
v 0.022067 0.287063 -0.045157
v -0.012440 0.334429 -0.031253
v 0.000066 0.331329 -0.033483
v 0.019271 0.264376 -0.052482
v 0.031397 0.272506 -0.049371
v -0.072772 0.261184 -0.040994
v 0.017349 0.311337 -0.034788
v -0.049505 0.241473 -0.050000
v -0.037275 0.242515 -0.053638
v -0.021619 0.337952 -0.025761
v 0.054270 0.280937 -0.042698
v 0.029674 0.296715 -0.038901
v 0.013179 0.326773 -0.032098
v 0.077150 0.288156 -0.034636
v 0.076278 0.276956 -0.039661
v 0.010100 0.342549 -0.032359
v -0.010302 0.353228 -0.033938
v -0.000016 0.354160 -0.035870
v -0.061416 0.231714 -0.040982
v -0.048919 0.220089 -0.047890
v 0.096588 0.277078 -0.034200
v 0.089812 0.269995 -0.038938
v 0.015470 0.354416 -0.033153
v 0.112093 0.260310 -0.034859
v -0.108175 0.238161 -0.034856
v -0.082401 0.247592 -0.036566
v -0.071571 0.245295 -0.036994
v 0.029552 0.310903 -0.030207
v 0.055439 0.297870 -0.031441
v -0.023742 0.353707 -0.025203
v -0.165803 0.207724 -0.031864
v -0.136435 0.217015 -0.031238
v 0.082483 0.291590 -0.030510
v 0.024572 0.325917 -0.025820
v 0.020959 0.341421 -0.026913
v -0.107284 0.230816 -0.031575
v -0.081225 0.239883 -0.031565
v 0.023783 0.356563 -0.027685
v 0.125898 0.260508 -0.026900
v -0.183343 0.194485 -0.029637
v -0.053217 0.182833 -0.035096
v 0.144364 0.245739 -0.026480
v -0.159084 0.203102 -0.025442
v -0.193311 0.216058 -0.040353
v -0.191122 0.204267 -0.045622
v -0.209932 0.222337 -0.030494
v -0.204631 0.216776 -0.041738
v -0.215368 0.213320 -0.041548
v -0.230979 0.212328 -0.029739
v -0.234888 0.214346 -0.017736
v -0.256656 0.197363 -0.026519
v -0.000203 0.176331 -0.040883
v 0.018322 0.172004 -0.044143
v 0.016960 0.162689 -0.040475
v 0.000197 0.164549 -0.036276
v 0.000572 0.148349 -0.032440
v 0.017585 0.140709 -0.035252
v 0.001255 0.130636 -0.031809
v 0.016025 0.124833 -0.034320
v -0.000054 0.181825 -0.044766
v 0.016906 0.241381 -0.055311
v 0.024702 0.220539 -0.054791
v 0.000590 0.220296 -0.054029
v -0.000229 0.242889 -0.054387
v 0.030859 0.243777 -0.054788
v -0.022869 0.241223 -0.055737
v -0.024336 0.218442 -0.054946
v 0.000627 0.203897 -0.051307
v 0.021161 0.196913 -0.050526
v -0.018306 0.171871 -0.044208
v 0.033326 0.160484 -0.038999
v -0.033170 0.187692 -0.046000
v -0.035815 0.162322 -0.038959
v -0.017970 0.148836 -0.036846
v -0.035674 0.139888 -0.032999
v 0.031713 0.141045 -0.034349
v 0.031033 0.124991 -0.032748
v 0.039511 0.198913 -0.047065
v 0.042675 0.221529 -0.050910
v 0.048349 0.239580 -0.050531
v -0.039816 0.221242 -0.051792
v -0.032493 0.124453 -0.032795
v -0.014031 0.126645 -0.034298
v 0.000419 0.266798 -0.051222
v -0.016033 0.109068 -0.037102
v 0.045082 0.263014 -0.049797
v 0.041164 0.161585 -0.036457
v 0.001124 0.107494 -0.035857
v 0.017829 0.107087 -0.037173
v 0.032052 0.107613 -0.035644
v 0.065874 0.260632 -0.043683
v 0.073260 0.260246 -0.041398
v 0.105834 0.250756 -0.038129
v 0.093978 0.243073 -0.035546
v 0.129154 0.230948 -0.036615
v 0.136793 0.232012 -0.036059
v 0.157157 0.218166 -0.034557
v 0.073740 0.245008 -0.035576
v 0.049062 0.153129 -0.028567
v 0.047040 0.125474 -0.024897
v 0.053761 0.221554 -0.045027
v 0.144514 0.211914 -0.029975
v 0.162162 0.204105 -0.028674
v 0.124535 0.219996 -0.030098
v -0.031156 0.105910 -0.036811
v 0.149301 0.233927 -0.032590
v 0.168109 0.223745 -0.032080
v 0.172463 0.213212 -0.034727
v 0.187512 0.223369 -0.029573
v 0.053959 0.182998 -0.034389
v 0.061101 0.236494 -0.042423
v 0.182015 0.209431 -0.036836
v 0.048665 0.109604 -0.027456
v 0.092490 0.235295 -0.030352
v 0.000384 0.088687 -0.043556
v 0.183365 0.194123 -0.028168
v -0.015813 0.093591 -0.044043
v 0.055143 0.159284 -0.025530
v 0.018282 0.090221 -0.046297
v -0.048997 0.110272 -0.027113
v -0.051074 0.158041 -0.028887
v -0.050252 0.129672 -0.022645
v 0.069630 0.233382 -0.033110
v 0.064744 0.219341 -0.033712
v 0.060167 0.198376 -0.032283
v -0.001141 0.074720 -0.052735
v 0.031472 0.090981 -0.047219
v 0.042907 0.093609 -0.042453
v -0.031138 0.087011 -0.051048
v -0.018362 0.080714 -0.054529
v 0.054361 0.086662 -0.042638
v -0.044980 0.085220 -0.049604
v 0.008983 0.072153 -0.058022
v -0.000775 0.050109 -0.069532
v -0.019706 0.055041 -0.078043
v -0.016738 0.032234 -0.087997
v -0.044724 0.031898 -0.088791
v -0.045504 0.008791 -0.089667
v -0.016578 0.009121 -0.088340
v -0.044642 -0.008597 -0.087540
v -0.016970 -0.010137 -0.085130
v -0.042713 0.059694 -0.075794
v -0.070792 -0.009014 -0.077357
v -0.000052 0.012434 -0.077390
v -0.000528 0.033629 -0.077121
v -0.070425 0.005578 -0.078847
v -0.065883 0.032573 -0.078662
v 0.009784 0.011679 -0.082535
v 0.020993 0.031974 -0.087978
v 0.024933 0.014047 -0.088576
v 0.045684 0.033462 -0.087639
v 0.047033 0.010583 -0.088067
v 0.026720 -0.009758 -0.085203
v 0.046893 -0.008074 -0.084662
v 0.029819 0.057904 -0.076529
v 0.018061 0.051136 -0.079025
v 0.043083 0.060839 -0.074416
v 0.072024 -0.008678 -0.076959
v 0.071492 0.017180 -0.076673
v 0.068128 0.032929 -0.076415
v 0.056665 0.057382 -0.069651
v -0.056108 0.053082 -0.073307
v 0.009929 -0.011137 -0.077751
v -0.000245 -0.003338 -0.073887
v -0.051766 0.098406 -0.034707
v -0.013455 -0.013874 -0.081780
v -0.055826 0.081690 -0.047625
v 0.061818 0.080056 -0.042822
v 0.030004 -0.021425 -0.075278
v 0.050096 -0.024780 -0.069803
v 0.076005 -0.023018 -0.064009
v 0.055611 -0.038899 -0.057024
v 0.076338 -0.036442 -0.054749
v 0.056817 -0.067818 -0.053101
v 0.078812 -0.067724 -0.051410
v 0.065407 -0.127939 -0.049751
v 0.084685 -0.119809 -0.047020
v 0.089653 -0.157846 -0.043874
v 0.072286 -0.163300 -0.047514
v 0.090804 -0.176644 -0.045365
v 0.077910 -0.184447 -0.048488
v 0.097500 -0.186096 -0.049127
v 0.053782 -0.089759 -0.050237
v 0.082360 -0.193716 -0.053383
v 0.085684 -0.208111 -0.056524
v 0.100156 -0.200169 -0.051729
v 0.103703 -0.218515 -0.057589
v 0.100627 -0.242471 -0.068306
v 0.088666 -0.242679 -0.068780
v 0.111790 -0.241990 -0.063495
v 0.041669 -0.057101 -0.048831
v 0.037093 -0.041113 -0.052402
v 0.069602 -0.196329 -0.047437
v 0.097037 -0.077417 -0.037470
v 0.100260 -0.172956 -0.037660
v 0.092196 -0.028618 -0.042832
v 0.072019 -0.207037 -0.048297
v 0.072820 -0.219833 -0.051761
v 0.078321 -0.244933 -0.062866
v 0.044599 -0.096634 -0.043163
v -0.046001 -0.021378 -0.076851
v 0.031889 -0.033519 -0.061881
v -0.074646 -0.021425 -0.065921
v -0.000375 -0.010134 -0.070318
v -0.051002 -0.041187 -0.057042
v -0.026491 -0.030873 -0.063102
v 0.190055 0.214845 -0.040808
v -0.035310 -0.040948 -0.049798
v 0.089925 0.230393 -0.018694
v 0.092490 0.235295 -0.030352
v 0.121413 0.215123 -0.018342
v 0.124535 0.219996 -0.030098
v 0.151122 0.201639 -0.018192
v 0.144514 0.211914 -0.029975
v 0.162162 0.204105 -0.028674
v 0.183365 0.194123 -0.028168
v 0.184057 0.187087 -0.017212
v 0.075438 0.234876 -0.019602
v 0.073740 0.245008 -0.035576
v 0.136596 0.207789 -0.006374
v 0.187421 0.185496 -0.006044
v 0.103923 0.224196 -0.006758
v 0.088047 0.233340 -0.008671
v 0.077205 0.238184 -0.008305
v 0.191115 0.179828 -0.017289
v 0.192472 0.180581 -0.005682
v 0.188604 0.186983 -0.030698
v 0.189691 0.193748 -0.039219
v 0.182015 0.209431 -0.036836
v 0.193889 0.204255 -0.047200
v 0.043808 0.387256 0.036474
v 0.036600 0.362241 0.038283
v 0.046839 0.386197 0.026342
v 0.036919 0.353606 0.025308
v 0.045474 0.376789 0.016043
v 0.027699 0.342864 0.037430
v 0.033214 0.345146 0.018659
v 0.035826 0.370382 0.043424
v 0.023887 0.350877 0.049788
v 0.025609 0.337228 0.028272
v 0.009422 0.328431 0.050104
v 0.010826 0.326764 0.042955
v 0.051721 0.390440 0.026291
v 0.048085 0.396700 0.042458
v 0.059287 0.397515 0.017530
v 0.057328 0.415045 0.035664
v 0.048087 0.404628 0.048785
v 0.055491 0.373869 0.005643
v 0.064755 0.394833 -0.006244
v 0.058775 0.374351 -0.006605
v 0.052382 0.360909 -0.007685
v 0.065301 0.410104 0.007573
v 0.043339 0.351008 -0.004139
v 0.045197 0.359914 0.005286
v 0.042149 0.352733 0.000799
v 0.062450 0.423956 0.023586
v 0.049754 0.426148 0.053188
v 0.067187 0.430778 0.009017
v 0.058469 0.440336 0.035883
v 0.063231 0.447511 0.023548
v 0.046660 0.448756 0.058061
v 0.067890 0.429238 -0.002025
v 0.055997 0.458068 0.037447
v 0.051500 0.454122 0.045099
v 0.035822 0.386265 0.044834
v 0.035754 0.400324 0.051430
v 0.052821 0.380129 0.014405
v 0.034308 0.439803 0.068621
v 0.017155 0.355512 0.055894
v 0.064927 0.451510 0.010899
v 0.058113 0.465225 0.025244
v 0.058176 0.377543 -0.019834
v 0.040439 0.410945 0.055692
v 0.033595 0.406232 0.059490
v 0.032803 0.455409 0.067472
v 0.041289 0.462725 0.056929
v 0.043846 0.466754 0.047457
v 0.063033 0.402265 -0.019809
v 0.046387 0.475825 0.037487
v 0.057428 0.470984 0.010469
v 0.064200 0.428726 -0.018461
v 0.061868 0.459884 -0.001181
v 0.052623 0.475399 0.023702
v 0.061469 0.450475 -0.013999
v 0.030367 0.464177 0.064161
v 0.054315 0.467033 -0.013854
v 0.054294 0.447135 -0.029375
v 0.045771 0.484293 -0.001559
v 0.058866 0.420133 -0.030604
v 0.049013 0.436953 -0.049653
v 0.043722 0.465851 -0.042850
v 0.047553 0.469409 -0.022370
v 0.036323 0.484692 -0.033490
v 0.037422 0.487173 -0.019686
v 0.040626 0.483327 -0.014332
v 0.035031 0.457372 -0.056598
v 0.031839 0.467287 -0.055682
v 0.030345 0.483816 -0.043419
v 0.022733 0.483418 -0.053382
v 0.031672 0.440823 -0.066516
v 0.025224 0.457364 -0.066942
v 0.012741 0.470504 -0.067443
v 0.024684 0.427562 -0.072867
v 0.011140 0.443161 -0.075793
v 0.012478 0.485811 -0.056972
v -0.211360 0.170668 -0.018307
v -0.192678 0.181475 -0.005553
v -0.223013 0.167927 -0.006940
v -0.191133 0.180486 -0.017700
v -0.182606 0.188474 -0.004762
v -0.178955 0.189123 -0.016798
v -0.150899 0.201410 -0.006626
v -0.118586 0.216121 -0.017315
v -0.108992 0.220899 -0.006293
v -0.085701 0.232287 -0.018034
v -0.085581 0.235141 -0.007595
v -0.247652 0.161078 -0.016843
v -0.248709 0.159501 -0.005968
v -0.279812 0.150993 -0.004998
v -0.287747 0.151560 0.005037
v -0.313489 0.143055 -0.000669
v -0.141677 0.211173 0.003116
v -0.124570 0.218931 0.002766
v -0.078278 0.236116 -0.008060
v -0.319185 0.141622 0.009059
v -0.226313 0.171408 -0.000763
v -0.270236 0.159625 0.005580
v -0.074391 0.232986 -0.018369
v -0.304210 0.148985 0.010113
v -0.319958 0.148768 0.016227
v -0.167029 0.202230 0.003146
v -0.195229 0.185992 -0.001202
v -0.336472 0.136891 0.021075
v -0.343115 0.129657 0.010839
v -0.351707 0.128756 0.017372
v -0.360535 0.122542 0.010034
v -0.347284 0.132906 0.025205
v -0.347768 0.140906 0.032149
v -0.360854 0.126339 0.014538
v -0.384336 0.120126 0.014677
v -0.377768 0.117719 0.008340
v -0.388713 0.113514 0.013725
v -0.388308 0.112550 0.008581
v -0.326994 0.141743 -0.000826
v -0.188919 0.188421 -0.032685
v -0.183343 0.194485 -0.029637
v -0.350286 0.131062 0.002295
v -0.275406 0.155043 -0.012852
v -0.213432 0.177004 -0.032480
v -0.098308 0.230897 -0.026688
v -0.081225 0.239883 -0.031565
v -0.123210 0.217843 -0.024989
v -0.159084 0.203102 -0.025442
v -0.237246 0.169723 -0.028175
v -0.297602 0.151357 -0.010006
v -0.107284 0.230816 -0.031575
v -0.271211 0.160486 -0.021295
v -0.136435 0.217015 -0.031238
v -0.072702 0.237173 -0.028236
v -0.205800 0.192176 -0.047179
v -0.193848 0.193532 -0.041687
v -0.071571 0.245295 -0.036994
v -0.191122 0.204267 -0.045622
v -0.046520 0.395152 0.045066
v -0.055392 0.412723 0.037469
v -0.046906 0.385849 0.031497
v -0.052764 0.418897 0.046168
v -0.047049 0.409985 0.052794
v -0.060816 0.437892 0.033324
v -0.062165 0.405810 0.020904
v -0.057979 0.384360 0.015880
v -0.064892 0.397240 0.009613
v -0.058950 0.373834 0.006161
v -0.067629 0.425650 0.012473
v -0.045823 0.429044 0.059128
v -0.049826 0.442439 0.055804
v -0.052858 0.446330 0.046012
v -0.064312 0.447363 0.022217
v -0.056319 0.460885 0.037744
v -0.065242 0.391306 -0.001747
v -0.067718 0.412637 -0.002279
v -0.057381 0.365404 -0.003116
v -0.055003 0.368191 0.007650
v -0.066384 0.445672 0.009443
v -0.050035 0.458909 0.045900
v -0.047478 0.457012 0.054640
v -0.059466 0.464804 0.023655
v -0.067163 0.439108 -0.002668
v -0.038773 0.457279 0.065129
v -0.061840 0.462323 0.010178
v -0.049112 0.354072 -0.001710
v -0.032698 0.443460 0.071659
v -0.043148 0.353327 0.007734
v -0.060508 0.381207 -0.014385
v -0.064668 0.404896 -0.015830
v -0.051155 0.472955 0.036416
v -0.064517 0.424017 -0.018996
v -0.061084 0.461007 -0.002773
v -0.052728 0.476736 0.024203
v -0.059188 0.396123 -0.029048
v -0.062292 0.447198 -0.015614
v -0.054572 0.382329 -0.033390
v -0.058142 0.408409 -0.038791
v -0.050435 0.394868 -0.051681
v -0.058024 0.437011 -0.030276
v -0.056525 0.435278 -0.037707
v -0.051866 0.459400 -0.029877
v -0.051247 0.429460 -0.052816
v -0.047696 0.452949 -0.049982
v -0.050728 0.409781 -0.055032
v -0.055561 0.466060 -0.014422
v -0.052832 0.477709 0.010702
v -0.053310 0.475215 -0.002924
v -0.041178 0.477317 -0.038300
v -0.043695 0.477626 -0.025477
v -0.048548 0.383924 -0.048094
v -0.039648 0.468042 0.056322
v -0.042849 0.469321 0.047807
v -0.037019 0.472545 -0.051771
v -0.032429 0.489986 -0.033400
v -0.045311 0.483943 -0.004356
v -0.042755 0.451289 -0.057648
v -0.049195 0.371154 -0.033017
v -0.053300 0.371516 -0.018853
v -0.038103 0.429516 -0.067857
v -0.027845 0.486647 -0.046559
v -0.034354 0.454582 -0.065275
v -0.038813 0.490608 0.010792
v -0.035881 0.408526 -0.069207
v -0.026532 0.478036 -0.058119
v -0.028525 0.445016 -0.071987
v -0.014459 0.490855 -0.051915
v 0.347117 0.171011 0.009656
v 0.324735 0.168460 0.015929
v 0.339880 0.167865 0.021847
v 0.361656 0.172503 0.012776
v 0.370485 0.173828 0.024139
v 0.371953 0.177101 0.011990
v 0.359417 0.166276 0.035138
v 0.325874 0.172463 0.010017
v 0.306363 0.177036 0.006805
v 0.299006 0.173348 0.010263
v 0.346900 0.158932 0.035028
v 0.322027 0.159311 0.019657
v 0.263157 0.192358 0.001626
v 0.274924 0.192586 -0.002856
v 0.248195 0.205018 -0.005789
v 0.259667 0.187904 0.004272
v 0.230587 0.202331 0.001037
v 0.266878 0.174443 0.007959
v 0.225055 0.189680 0.004177
v 0.206239 0.214075 -0.000247
v 0.294163 0.162116 0.012031
v 0.312954 0.156359 0.016385
v 0.357147 0.154846 0.036500
v 0.199279 0.200610 0.003848
v 0.175534 0.217764 0.003916
v 0.167469 0.208097 0.005873
v 0.154107 0.221075 0.007698
v 0.151565 0.235643 0.003973
v 0.137181 0.236798 0.007244
v 0.346386 0.146969 0.034137
v 0.120417 0.255768 0.003770
v 0.112137 0.248716 0.006351
v 0.104091 0.258841 0.007291
v 0.117461 0.263515 0.001133
v 0.353133 0.146737 0.033526
v 0.089598 0.268870 0.011357
v 0.325558 0.145643 0.021649
v 0.144767 0.244267 0.000501
v 0.092862 0.280537 0.004542
v 0.067140 0.271549 0.014816
v 0.070719 0.257089 0.017507
v 0.076498 0.286247 0.003593
v 0.065724 0.286820 0.004187
v 0.370147 0.167323 0.027702
v 0.188604 0.186983 -0.030698
v 0.201146 0.180572 -0.032293
v 0.191115 0.179828 -0.017289
v 0.211171 0.171218 -0.018111
v 0.217955 0.174720 -0.031244
v 0.248918 0.160308 -0.016571
v 0.229380 0.166119 -0.006199
v 0.260186 0.155980 -0.006086
v 0.290884 0.147984 -0.003811
v 0.192472 0.180581 -0.005682
v 0.184057 0.187087 -0.017212
v 0.276491 0.154755 0.003482
v 0.300349 0.147281 0.006107
v 0.316566 0.140874 0.007139
v 0.235760 0.167568 -0.000845
v 0.141767 0.253564 -0.015379
v 0.112093 0.275890 -0.006125
v 0.144569 0.250621 -0.006124
v 0.106357 0.282377 -0.016920
v 0.163383 0.239989 -0.014703
v 0.091926 0.289245 -0.006078
v 0.094000 0.290763 -0.017793
v 0.179117 0.230100 -0.006449
v 0.181305 0.230873 -0.016250
v 0.081101 0.293831 -0.007693
v 0.080180 0.296939 -0.019784
v 0.194263 0.224347 -0.006281
v 0.092862 0.280537 0.004542
v 0.052441 0.297637 -0.007094
v 0.051694 0.303010 -0.020653
v 0.042407 0.305033 -0.007909
v 0.041733 0.309713 -0.018396
v 0.036268 0.311247 -0.025220
v 0.082483 0.291590 -0.030510
v 0.046680 0.303320 -0.027824
v 0.055439 0.297870 -0.031441
v 0.029552 0.310903 -0.030207
v 0.107895 0.276041 -0.027428
v 0.144364 0.245739 -0.026480
v 0.169938 0.230701 -0.026043
v 0.125898 0.260508 -0.026900
v 0.032335 0.324405 -0.014820
v 0.024572 0.325917 -0.025820
v 0.096588 0.277078 -0.034200
v 0.038214 0.311854 -0.008290
v 0.029770 0.318580 0.002614
v 0.045029 0.291826 0.004664
v 0.032751 0.299327 0.005091
v 0.065724 0.286820 0.004187
v 0.144767 0.244267 0.000501
v 0.117461 0.263515 0.001133
v 0.076498 0.286247 0.003593
v 0.184206 0.220953 -0.000302
v 0.206239 0.214075 -0.000247
v 0.040671 0.285541 0.011718
v 0.012790 0.299906 0.014126
v 0.051444 0.268253 0.024561
v 0.041909 0.280509 0.017063
v 0.032961 0.264297 0.039879
v 0.009418 0.286005 0.021959
v 0.034669 0.251704 0.050620
v 0.065751 0.256333 0.030355
v 0.068243 0.260766 0.022169
v 0.067140 0.271549 0.014816
v 0.045270 0.244567 0.055695
v 0.026730 0.253334 0.056529
v 0.019855 0.268798 0.035086
v 0.066685 0.238263 0.060232
v 0.068182 0.242019 0.052744
v 0.070531 0.247807 0.039170
v 0.048609 0.232576 0.071229
v 0.072758 0.251684 0.026760
v 0.175534 0.217764 0.003916
v 0.151565 0.235643 0.003973
v 0.209121 0.221864 -0.006762
v 0.248195 0.205018 -0.005789
v 0.025561 0.241662 0.060337
v 0.033893 0.236143 0.065868
v 0.008553 0.293182 0.018326
v 0.061272 0.233135 0.070544
v 0.055047 0.225930 0.081616
v 0.011762 0.261995 0.040407
v 0.020493 0.252776 0.053095
v 0.032309 0.222293 0.079866
v 0.001520 0.300880 0.016641
v 0.001353 0.296766 0.023977
v 0.062520 0.229366 0.071166
v 0.038545 0.215443 0.090772
v 0.047027 0.218469 0.087955
v 0.018313 0.228810 0.069115
v -0.002425 0.293207 0.026855
v -0.006081 0.298025 0.017380
v -0.010479 0.298231 0.015405
v 0.001378 0.258773 0.039402
v 0.011751 0.239107 0.059229
v 0.017325 0.243043 0.067757
v 0.010240 0.224240 0.074001
v 0.013309 0.216665 0.075416
v 0.012748 0.209331 0.079492
v 0.023472 0.495766 0.009961
v -0.000859 0.493920 0.006815
v 0.011334 0.493733 0.021608
v 0.017422 0.495244 0.002657
v 0.025230 0.493092 0.021877
v -0.001228 0.489775 0.025276
v 0.015639 0.489633 0.032454
v 0.001667 0.486386 0.037326
v 0.012644 0.498254 -0.005014
v -0.001135 0.498155 -0.019605
v 0.012021 0.499463 -0.017722
v 0.007513 0.498877 -0.034627
v -0.009830 0.499818 -0.032605
v -0.012674 0.497883 -0.000629
v -0.021040 0.498411 -0.016731
v -0.019640 0.496083 0.005366
v -0.009407 0.494912 0.010512
v -0.008888 0.492743 0.022182
v -0.022395 0.493864 0.021529
v -0.016349 0.488050 0.038407
v 0.027605 0.495442 -0.018371
v -0.038813 0.490608 0.010792
v 0.029188 0.493203 -0.004648
v -0.020542 0.483790 0.048501
v 0.000767 0.479780 0.054228
v 0.016468 0.479109 0.049679
v 0.031539 0.485512 0.035312
v -0.035876 0.485335 0.035145
v -0.039705 0.487820 0.024119
v -0.032272 0.481439 0.043456
v -0.034924 0.491832 -0.001184
v -0.013718 0.473061 0.064961
v 0.039204 0.487524 0.023117
v 0.040330 0.489322 0.010237
v 0.004977 0.470316 0.067561
v -0.029521 0.479281 0.050261
v 0.025624 0.494477 -0.030804
v -0.021768 0.496074 -0.034208
v -0.033666 0.492723 -0.017015
v -0.029249 0.467883 0.064539
v -0.001203 0.464400 0.073855
v 0.036045 0.473385 0.048028
v 0.030868 0.470412 0.057947
v 0.015617 0.461212 0.071801
v 0.046387 0.475825 0.037487
v -0.013736 0.463823 0.074036
v 0.030367 0.464177 0.064161
v -0.039648 0.468042 0.056322
v -0.051155 0.472955 0.036416
v -0.032429 0.489986 -0.033400
v -0.042849 0.469321 0.047807
v -0.052728 0.476736 0.024203
v 0.013382 0.493336 -0.046194
v -0.045311 0.483943 -0.004356
v -0.014459 0.490855 -0.051915
v -0.000477 0.490546 -0.054167
v 0.045771 0.484293 -0.001559
v 0.052623 0.475399 0.023702
v 0.043846 0.466754 0.047457
v 0.041289 0.462725 0.056929
v 0.040626 0.483327 -0.014332
v 0.037422 0.487173 -0.019686
v 0.057428 0.470984 0.010469
v 0.036323 0.484692 -0.033490
v 0.000023 0.452756 0.080323
v -0.016007 0.454362 0.078959
v -0.038773 0.457279 0.065129
v -0.027845 0.486647 -0.046559
v 0.032803 0.455409 0.067472
v 0.012478 0.485811 -0.056972
v 0.030345 0.483816 -0.043419
v 0.022733 0.483418 -0.053382
v -0.013593 0.476536 -0.065334
v -0.001208 0.476574 -0.066039
v -0.026532 0.478036 -0.058119
v 0.012741 0.470504 -0.067443
v 0.136122 -0.236681 -0.018201
v 0.139565 -0.236355 -0.036157
v 0.132682 -0.242371 -0.033954
v 0.130114 -0.242234 -0.021574
v 0.148540 -0.235840 -0.019234
v 0.149892 -0.235597 -0.037989
v 0.157117 -0.237108 -0.021416
v 0.157944 -0.237016 -0.037432
v -0.127735 -0.341735 -0.077039
v -0.111706 -0.342856 -0.077684
v -0.128799 -0.352930 -0.077533
v -0.108151 -0.349697 -0.076155
v -0.113759 -0.356396 -0.077363
v -0.100778 -0.344332 -0.074462
v -0.126512 -0.364574 -0.074388
v -0.108938 -0.368088 -0.073281
v -0.102018 -0.358015 -0.072505
v -0.127408 -0.375790 -0.076597
v -0.122975 -0.330688 -0.082666
v -0.108920 -0.334342 -0.082024
v -0.107889 -0.325568 -0.081943
v -0.100596 -0.335432 -0.078342
v -0.097172 -0.309655 -0.083478
v -0.106435 -0.304915 -0.085760
v -0.094084 -0.279531 -0.092265
v -0.104950 -0.275796 -0.091465
v -0.123644 -0.320179 -0.079782
v -0.092005 -0.263374 -0.098335
v -0.102225 -0.265452 -0.095466
v -0.117913 -0.294068 -0.084131
v -0.137971 -0.366121 -0.069996
v -0.113123 -0.266381 -0.088712
v -0.140067 -0.349250 -0.072950
v -0.109120 -0.373991 -0.074943
v -0.100825 -0.375762 -0.065938
v -0.092671 -0.328897 -0.074019
v -0.132733 -0.378784 -0.076115
v -0.119943 -0.381135 -0.080830
v -0.142729 -0.375959 -0.070628
v -0.085049 -0.293776 -0.078302
v -0.123175 -0.389147 -0.071762
v -0.136583 -0.387030 -0.066470
v -0.107905 -0.385973 -0.078883
v -0.104505 -0.380621 -0.079928
v -0.138111 -0.399482 -0.072551
v -0.127363 -0.401084 -0.075567
v -0.115716 -0.402350 -0.073411
v -0.110823 -0.391874 -0.070570
v -0.125008 -0.411373 -0.067299
v -0.103928 -0.409212 -0.064104
v -0.113664 -0.415794 -0.063186
v -0.125488 -0.419483 -0.068753
v -0.137304 -0.413384 -0.062824
v -0.137905 -0.406092 -0.063442
v -0.104284 -0.415461 -0.059725
v -0.110022 -0.419632 -0.059696
v -0.114996 -0.427925 -0.068304
v -0.126303 -0.441697 -0.078047
v -0.118115 -0.446800 -0.077306
v -0.125788 -0.475758 -0.083944
v -0.135872 -0.467801 -0.079463
v -0.137036 -0.498220 -0.079652
v -0.125584 -0.497841 -0.083488
v -0.115278 -0.498263 -0.079588
v -0.115109 -0.477905 -0.080265
v -0.137105 -0.444779 -0.074565
v -0.145788 -0.449663 -0.068256
v -0.145402 -0.419550 -0.057470
v -0.145476 -0.404494 -0.054774
v -0.144170 -0.498560 -0.073064
v -0.144748 -0.398393 -0.066957
v -0.143166 -0.385936 -0.060270
v -0.111105 -0.457418 -0.074305
v -0.109049 -0.495816 -0.074943
v -0.104034 -0.398992 -0.063505
v -0.102940 -0.388555 -0.068597
v -0.105269 -0.244549 -0.071258
v -0.092917 -0.253189 -0.079371
v -0.105252 -0.261279 -0.085643
v -0.089699 -0.244403 -0.071504
v -0.093064 -0.242174 -0.068888
v -0.081661 -0.249997 -0.074553
v -0.117037 -0.262594 -0.082178
v -0.117553 -0.245333 -0.066773
v -0.120286 -0.252689 -0.072009
v -0.107123 -0.241855 -0.065940
v -0.124728 -0.248083 -0.064565
v -0.089780 -0.258127 -0.092748
v -0.084544 -0.253270 -0.084415
v -0.117227 -0.242044 -0.058825
v -0.127627 -0.244538 -0.052977
v -0.123202 -0.240788 -0.048793
v -0.105062 -0.215994 -0.055979
v -0.087457 -0.219190 -0.060383
v -0.099931 -0.200647 -0.051805
v -0.084421 -0.201293 -0.054640
v -0.113299 -0.199241 -0.039656
v -0.122518 -0.268947 -0.080893
v -0.101179 -0.192396 -0.050126
v -0.083801 -0.187299 -0.052420
v -0.096747 -0.182803 -0.049315
v -0.107611 -0.188453 -0.042527
v -0.112495 -0.190688 -0.040518
v -0.108102 -0.180734 -0.039477
v -0.105262 -0.174692 -0.035255
v -0.092475 -0.177537 -0.045924
v -0.075320 -0.172435 -0.048072
v -0.104432 -0.153806 -0.031094
v -0.089271 -0.155275 -0.044427
v -0.122092 -0.276082 -0.082127
v -0.087573 -0.142672 -0.045064
v -0.099600 -0.116943 -0.035572
v -0.068577 -0.143692 -0.048475
v -0.131583 -0.318583 -0.074488
v -0.135166 -0.326345 -0.076272
v -0.145647 -0.324733 -0.062588
v -0.081643 -0.097410 -0.050135
v -0.098177 -0.079539 -0.037461
v -0.078180 -0.062925 -0.052022
v -0.095870 -0.054541 -0.039210
v -0.062166 -0.106766 -0.051763
v -0.076359 -0.034469 -0.055651
v -0.053447 -0.068095 -0.053373
v -0.082992 -0.031055 -0.051098
v -0.051002 -0.041187 -0.057042
v -0.093756 -0.019588 -0.041817
v -0.138786 -0.339534 -0.069143
v -0.149692 -0.348529 -0.061626
v -0.135465 -0.292010 -0.067413
v -0.140514 -0.318607 -0.062889
v -0.145145 -0.363810 -0.062307
v -0.148171 -0.372547 -0.063699
v -0.074646 -0.021425 -0.065921
v -0.079348 -0.009483 -0.066483
v -0.078060 -0.244093 -0.063389
v -0.068409 -0.196828 -0.047603
v -0.077010 -0.220998 -0.055192
v -0.069490 -0.205098 -0.046888
v -0.046194 -0.099847 -0.044209
v -0.037452 -0.061910 -0.045024
v -0.035310 -0.040948 -0.049798
v -0.064248 -0.191427 -0.038793
v -0.063859 -0.164731 -0.041258
v -0.050287 -0.135062 -0.038688
v -0.068574 -0.215328 -0.046406
v -0.041180 -0.106823 -0.038650
v -0.057917 -0.167496 -0.035873
v -0.027358 -0.060144 -0.036869
v -0.136833 -0.252224 -0.071909
v -0.150672 -0.256326 -0.069007
v -0.131822 -0.253351 -0.061291
v -0.124728 -0.248083 -0.064565
v -0.145084 -0.256272 -0.083200
v -0.134076 -0.252748 -0.080545
v -0.149132 -0.254653 -0.049436
v -0.136959 -0.251631 -0.043522
v -0.138503 -0.254175 -0.034424
v -0.124513 -0.254900 -0.083015
v -0.133454 -0.257529 -0.088854
v -0.127627 -0.244538 -0.052977
v -0.141014 -0.262316 -0.090887
v -0.120286 -0.252689 -0.072009
v -0.119084 -0.264286 -0.088529
v -0.117037 -0.262594 -0.082178
v 0.142689 -0.468537 0.023350
v 0.132782 -0.475536 0.033332
v 0.144639 -0.475367 0.053145
v 0.132299 -0.466216 0.013257
v 0.141202 -0.456310 0.007494
v 0.134918 -0.483311 0.050875
v 0.128623 -0.483121 0.038792
v 0.126914 -0.471064 0.012963
v 0.122273 -0.465179 -0.003044
v 0.121254 -0.482930 0.018601
v 0.145612 -0.483506 0.061789
v 0.132090 -0.454492 0.002954
v 0.127628 -0.445599 -0.006346
v 0.120141 -0.449791 -0.015449
v 0.156077 -0.482242 0.064171
v 0.154959 -0.474508 0.055722
v 0.134495 -0.447433 0.005189
v 0.153471 -0.469543 0.026660
v 0.153838 -0.465475 0.014887
v 0.152514 -0.454250 0.003135
v 0.165413 -0.475461 0.044534
v 0.164228 -0.470828 0.013016
v 0.164868 -0.478465 0.054329
v 0.163805 -0.464801 -0.002779
v 0.171405 -0.477031 0.016175
v 0.175459 -0.484962 0.032081
v 0.157706 -0.448465 -0.011008
v 0.167771 -0.487092 0.056279
v -0.138594 -0.235493 -0.036371
v -0.157142 -0.236384 -0.035284
v -0.139772 -0.235653 -0.017955
v -0.156849 -0.236220 -0.020516
v -0.355275 0.138017 0.014537
v -0.362524 0.161066 0.018481
v -0.377452 0.165384 0.014917
v -0.351429 0.147363 0.018935
v -0.387108 0.149938 0.010779
v -0.374869 0.135898 0.011504
v -0.392990 0.160817 0.013697
v -0.406938 0.149434 0.010878
v -0.383215 0.173836 0.013881
v -0.397394 0.137386 0.010838
v -0.391969 0.125017 0.011410
v -0.360854 0.126339 0.014538
v -0.417080 0.145139 0.012017
v -0.412126 0.137694 0.011276
v -0.423037 0.158017 0.014152
v -0.423513 0.138142 0.007826
v -0.384336 0.120126 0.014677
v -0.432194 0.149649 0.011092
v -0.399600 0.127729 0.013339
v -0.411893 0.124865 0.011121
v -0.424589 0.130714 0.012375
v -0.351707 0.128756 0.017372
v -0.394131 0.122632 0.010210
v -0.421224 0.124641 0.010044
v -0.435562 0.124648 0.013316
v -0.438319 0.144947 0.013377
v -0.441327 0.139116 0.011736
v -0.450085 0.143749 0.010008
v -0.430068 0.119364 0.009916
v -0.406523 0.116357 0.013997
v -0.414763 0.118383 0.013710
v -0.416597 0.107209 0.013810
v -0.424975 0.110316 0.009741
v -0.442518 0.127356 0.010696
v -0.441685 0.120939 0.010755
v -0.430576 0.154086 0.011450
v -0.445952 0.137289 0.008812
v -0.400686 0.112943 0.013845
v -0.388713 0.113514 0.013725
v -0.400150 0.101175 0.017340
v -0.426922 0.160502 0.016096
v -0.442447 0.159508 0.013538
v -0.442031 0.165111 0.013907
v -0.423018 0.162601 0.012802
v -0.399919 0.162800 0.011679
v -0.405047 0.096829 0.014331
v -0.399442 0.095920 0.014691
v -0.425619 0.134044 0.008642
v -0.424345 0.165080 0.008692
v -0.403798 0.114796 0.009700
v -0.402889 0.163921 0.007089
v 0.155876 -0.489690 -0.033358
v 0.133988 -0.491427 -0.031350
v 0.125412 -0.497776 -0.032618
v 0.161646 -0.498301 -0.036648
v 0.120424 -0.488202 -0.026065
v 0.109963 -0.498192 -0.026043
v 0.115734 -0.487372 -0.022589
v 0.164987 -0.491410 -0.031106
v 0.130812 -0.490025 -0.028303
v -0.141328 -0.469990 0.026304
v -0.154212 -0.472872 0.050672
v -0.144111 -0.475519 0.054382
v -0.153150 -0.468976 0.024886
v -0.131011 -0.472815 0.022829
v -0.154788 -0.477111 0.059566
v -0.141077 -0.464339 0.016099
v -0.128182 -0.467489 0.010215
v -0.151707 -0.456790 0.007247
v -0.131942 -0.478544 0.039490
v -0.140192 -0.454995 0.007233
v -0.122880 -0.482909 0.022681
v -0.131549 -0.453605 0.001865
v -0.155019 -0.483684 0.064789
v -0.164043 -0.475860 0.050348
v -0.166713 -0.471932 0.010491
v -0.162053 -0.484053 0.061894
v -0.159735 -0.468327 0.015372
v -0.136401 -0.445501 0.005304
v -0.150694 -0.435766 -0.003336
v -0.135574 -0.428935 -0.000613
v -0.150475 -0.421600 -0.008999
v -0.137459 -0.403715 -0.008080
v 0.000192 0.328637 0.025038
v 0.015285 0.331305 0.024537
v -0.001525 0.324057 0.041685
v 0.010826 0.326764 0.042955
v -0.001681 0.324644 0.050316
v -0.016729 0.332243 0.020103
v 0.003547 0.327546 0.019973
v 0.017712 0.332030 0.014811
v -0.011637 0.328110 0.045275
v -0.024789 0.336580 0.023396
v -0.029098 0.340723 0.004506
v 0.009422 0.328431 0.050104
v -0.131601 -0.487346 -0.033519
v -0.155644 -0.487153 -0.035867
v -0.135036 -0.497848 -0.036399
v -0.161087 -0.498590 -0.037882
v -0.118376 -0.498015 -0.031475
v -0.116941 -0.488191 -0.027655
v -0.110630 -0.490782 -0.025336
v -0.109157 -0.498252 -0.029443
v -0.164339 -0.492454 -0.034006
v -0.157142 -0.236384 -0.035284
v -0.159485 -0.247009 -0.036158
v -0.158681 -0.244127 -0.020381
v -0.156849 -0.236220 -0.020516
v -0.157973 -0.247801 -0.023043
v -0.143518 -0.248427 -0.036284
v -0.142772 -0.247744 -0.017997
v -0.157973 -0.247801 -0.023043
v -0.137446 -0.247715 -0.030246
v -0.159485 -0.247009 -0.036158
v -0.136953 -0.249055 -0.034449
v -0.134625 -0.241603 -0.021441
v -0.362521 0.162180 0.033644
v -0.351429 0.147363 0.018935
v -0.354731 0.149016 0.032977
v -0.349707 0.137982 0.028948
v -0.362524 0.161066 0.018481
v -0.371668 0.167508 0.019129
v -0.368708 0.168498 0.030823
v -0.376452 0.173554 0.019047
v -0.354375 0.152723 0.037578
v -0.351707 0.128756 0.017372
v -0.347284 0.132906 0.025205
v 0.129770 -0.253615 -0.075482
v 0.125793 -0.249422 -0.065031
v 0.131426 -0.251468 -0.066194
v 0.137944 -0.256356 -0.076347
v 0.146004 -0.257174 -0.083042
v 0.122198 -0.257172 -0.087162
v 0.127860 -0.260126 -0.091116
v 0.147324 -0.256405 -0.072155
v 0.119196 -0.256328 -0.074712
v 0.118370 -0.257651 -0.083144
v 0.111376 -0.263131 -0.091917
v 0.110646 -0.261224 -0.084061
v 0.098672 -0.261447 -0.085122
v 0.104897 -0.265438 -0.092518
v 0.142313 -0.263101 -0.089931
v 0.087837 -0.257973 -0.090879
v 0.100279 -0.264603 -0.096764
v 0.092430 -0.264701 -0.097910
v 0.091693 -0.256736 -0.083480
v 0.084184 -0.254414 -0.080736
v 0.085495 -0.247304 -0.075192
v 0.109222 -0.244002 -0.070515
v 0.088666 -0.242679 -0.068780
v 0.100627 -0.242471 -0.068306
v 0.111790 -0.241990 -0.063495
v 0.128199 -0.244152 -0.054271
v 0.121548 -0.240981 -0.051190
v 0.127052 -0.240800 -0.034475
v 0.132682 -0.242371 -0.033954
v 0.078321 -0.244933 -0.062866
v 0.130114 -0.242234 -0.021574
v 0.073815 -0.249430 -0.065188
v 0.136030 -0.261167 -0.062838
v 0.144817 -0.255821 -0.058079
v 0.135564 -0.256540 -0.056201
v 0.137209 -0.252981 -0.045433
v 0.149342 -0.253595 -0.051224
v 0.144835 -0.250348 -0.039371
v 0.137641 -0.249745 -0.037514
v 0.039506 0.359984 0.007744
v 0.027795 0.339030 0.007341
v 0.033828 0.351044 -0.003002
v 0.033214 0.345146 0.018659
v 0.036919 0.353606 0.025308
v 0.045474 0.376789 0.016043
v 0.025609 0.337228 0.028272
v 0.031475 0.341821 -0.002825
v 0.017712 0.332030 0.014811
v 0.015285 0.331305 0.024537
v 0.010826 0.326764 0.042955
v 0.029770 0.318580 0.002614
v 0.032383 0.327423 -0.005742
v 0.022847 0.313787 0.008643
v 0.038214 0.311854 -0.008290
v 0.011865 0.317675 0.014569
v 0.012790 0.299906 0.014126
v 0.003547 0.327546 0.019973
v 0.032751 0.299327 0.005091
v 0.042407 0.305033 -0.007909
v 0.000856 0.315993 0.017238
v 0.001520 0.300880 0.016641
v 0.153077 -0.276797 -0.066996
v 0.144822 -0.273276 -0.057178
v 0.138504 -0.269689 -0.060331
v 0.154271 -0.276880 -0.054389
v 0.135707 -0.270446 -0.065707
v 0.147211 -0.273504 -0.080225
v 0.150242 -0.272288 -0.047533
v 0.131767 -0.271486 -0.072985
v 0.132607 -0.273590 -0.083764
v 0.141857 -0.272681 -0.048480
v 0.138518 -0.271638 -0.056151
v 0.123137 -0.273801 -0.082687
v 0.145313 -0.271876 -0.085898
v 0.147330 -0.266505 -0.039646
v 0.150958 -0.266780 -0.039871
v 0.140567 -0.267450 -0.037966
v 0.118344 -0.268048 -0.091275
v 0.152956 -0.271482 -0.079356
v 0.158574 -0.271689 -0.064852
v 0.156819 -0.269316 -0.053284
v 0.032739 0.360049 -0.016663
v 0.033828 0.351044 -0.003002
v 0.029583 0.342469 -0.016107
v 0.031475 0.341821 -0.002825
v 0.032383 0.327423 -0.005742
v 0.032335 0.324405 -0.014820
v 0.038214 0.311854 -0.008290
v 0.027106 0.330420 -0.021321
v 0.024572 0.325917 -0.025820
v 0.020959 0.341421 -0.026913
v 0.023783 0.356563 -0.027685
v 0.029011 0.363458 -0.027701
v 0.015470 0.354416 -0.033153
v -0.016381 0.195937 0.087484
v -0.010015 0.193547 0.082709
v -0.007689 0.180536 0.089096
v -0.016377 0.191089 0.095371
v -0.009405 0.178927 0.096088
v -0.021895 0.200539 0.091979
v -0.015033 0.198002 0.079787
v -0.007252 0.187388 0.081225
v 0.000487 0.176330 0.092973
v 0.004063 0.180182 0.088086
v -0.003002 0.187637 0.080072
v 0.001064 0.183128 0.081015
v -0.010280 0.190817 0.078420
v -0.025654 0.201326 0.079454
v -0.035315 0.207338 0.080181
v -0.037840 0.211296 0.088008
v -0.043730 0.211031 0.079104
v -0.044092 0.216430 0.088759
v -0.048533 0.215535 0.076521
v -0.053148 0.222024 0.082757
v -0.054189 0.220890 0.071198
v -0.059727 0.229317 0.076482
v -0.059644 0.225084 0.063963
v 0.003349 0.177524 0.097050
v -0.037876 0.215199 0.091450
v -0.015941 0.195184 0.077792
v -0.005163 0.180641 0.075762
v -0.008419 0.191471 0.099744
v -0.031365 0.340630 -0.005683
v -0.029566 0.334277 -0.016317
v -0.034805 0.320522 -0.006730
v -0.029410 0.347671 -0.016535
v -0.032994 0.322821 -0.017250
v -0.034470 0.353157 -0.003744
v -0.032020 0.358081 -0.016232
v -0.021619 0.337952 -0.025761
v -0.023742 0.353707 -0.025203
v -0.024295 0.326109 -0.026650
v -0.029218 0.361277 -0.024298
v -0.018856 0.356354 -0.031599
v -0.042451 0.309373 -0.018870
v -0.040862 0.304537 -0.004742
v -0.049888 0.298945 -0.007514
v -0.048678 0.303964 -0.021170
v 0.366596 0.163102 0.018008
v 0.375533 0.172850 0.019161
v 0.370147 0.167323 0.027702
v 0.357147 0.154846 0.036500
v 0.357392 0.154296 0.017985
v 0.353133 0.146737 0.033526
v 0.351947 0.148008 0.018216
v 0.347178 0.134878 0.026012
v 0.351966 0.128478 0.014548
v 0.370485 0.173828 0.024139
v 0.377771 0.178480 0.019147
v 0.388607 0.181408 0.013990
v 0.381988 0.174318 0.011784
v 0.392603 0.185431 0.011028
v 0.392028 0.190461 0.019097
v 0.393122 0.193583 0.014164
v 0.379247 0.175654 0.008896
v 0.005426 0.015362 0.054238
v 0.003080 0.021909 0.064154
v 0.003164 -0.000753 0.061167
v 0.004930 0.037142 0.056686
v 0.002568 0.052554 0.063712
v 0.003167 -0.008971 0.056153
v 0.005015 0.006883 0.051168
v 0.006233 0.054769 0.058532
v 0.000413 0.085895 0.065492
v 0.005071 0.122679 0.061464
v 0.001532 0.154265 0.066664
v -0.000255 0.004791 0.063982
v 0.335233 0.136357 -0.001216
v 0.361856 0.125025 0.004582
v 0.359211 0.122524 0.010054
v 0.384278 0.115781 0.009754
v 0.341824 0.128745 0.010206
v 0.322368 0.140075 -0.001497
v 0.316566 0.140874 0.007139
v 0.290884 0.147984 -0.003811
v 0.381837 0.120212 0.005553
v 0.390935 0.117557 0.004765
v 0.393297 0.105057 0.010722
v 0.398789 0.094319 0.012799
v 0.403087 0.098654 0.009566
v 0.403888 0.094397 0.016180
v 0.397163 0.115882 0.007362
v 0.248918 0.160308 -0.016571
v 0.281068 0.153659 -0.012712
v 0.274671 0.158701 -0.019865
v 0.250137 0.165623 -0.025813
v 0.303282 0.151729 -0.011850
v 0.217955 0.174720 -0.031244
v 0.322310 0.146500 -0.008558
v 0.223331 0.184088 -0.041015
v 0.203528 0.188929 -0.043334
v 0.201146 0.180572 -0.032293
v 0.263087 0.170354 -0.030789
v 0.244492 0.178682 -0.036972
v 0.204551 0.197464 -0.050278
v 0.335834 0.146263 -0.008632
v 0.359718 0.133814 -0.001081
v 0.283653 0.165307 -0.023764
v 0.306761 0.158553 -0.015610
v 0.369990 0.128554 0.002985
v 0.189691 0.193748 -0.039219
v 0.188604 0.186983 -0.030698
v 0.350805 0.146878 -0.007209
v 0.193889 0.204255 -0.047200
v 0.229088 0.189875 -0.041938
v 0.368348 0.150407 -0.004273
v 0.388605 0.138155 0.002619
v 0.387973 0.126662 0.006082
v 0.391172 0.156797 -0.001500
v 0.407062 0.145457 0.002581
v 0.396119 0.125994 0.003782
v 0.397887 0.121540 0.004931
v 0.411334 0.116447 0.002162
v 0.416080 0.110038 0.003106
v 0.336775 0.159397 -0.009860
v 0.324245 0.162315 -0.010047
v 0.360618 0.159402 -0.006179
v 0.423078 0.112913 0.003878
v 0.421457 0.104160 0.008832
v 0.421323 0.129734 0.003363
v 0.411545 0.125245 0.004468
v 0.422895 0.124082 0.005309
v 0.439097 0.121820 0.004529
v 0.441063 0.126429 0.004963
v 0.230429 0.200133 -0.040956
v 0.210707 0.206773 -0.047774
v 0.253077 0.192320 -0.033879
v 0.420856 0.137909 0.005018
v 0.428355 0.149620 0.004864
v 0.438842 0.141183 0.005193
v 0.451390 0.144863 0.006897
v 0.450796 0.141801 0.009535
v 0.201737 0.214406 -0.045425
v 0.429906 0.120765 0.009022
v 0.215294 0.211348 -0.043056
v 0.190055 0.214845 -0.040808
v 0.438756 0.120078 0.010008
v 0.182015 0.209431 -0.036836
v 0.151340 -0.249110 -0.034065
v 0.138103 -0.250285 -0.034587
v 0.143011 -0.253008 -0.036305
v 0.135611 -0.247157 -0.028195
v 0.146780 -0.246111 -0.018397
v 0.157618 -0.245856 -0.022848
v 0.133064 -0.243637 -0.018710
v 0.160158 -0.244364 -0.037044
v 0.154738 -0.247026 -0.039733
v 0.144835 -0.250348 -0.039371
v 0.307315 0.176400 -0.009553
v 0.295139 0.185170 -0.004159
v 0.314434 0.176457 0.000297
v 0.280631 0.190670 -0.012526
v 0.326776 0.171223 -0.000729
v 0.325874 0.172463 0.010017
v 0.274924 0.192586 -0.002856
v 0.256844 0.203260 -0.015430
v 0.248187 0.204128 -0.025402
v 0.231025 0.216069 -0.016790
v 0.217470 0.219239 -0.030080
v 0.207417 0.225177 -0.018650
v 0.205019 0.223761 -0.029189
v 0.248195 0.205018 -0.005789
v 0.209121 0.221864 -0.006762
v 0.306363 0.177036 0.006805
v 0.194263 0.224347 -0.006281
v 0.181305 0.230873 -0.016250
v 0.347117 0.171011 0.009656
v 0.187512 0.223369 -0.029573
v 0.169938 0.230701 -0.026043
v 0.336055 0.168596 -0.002204
v 0.358760 0.169325 0.002359
v 0.361656 0.172503 0.012776
v 0.201737 0.214406 -0.045425
v 0.215294 0.211348 -0.043056
v 0.268185 0.189140 -0.026242
v 0.289246 0.178313 -0.020276
v 0.253077 0.192320 -0.033879
v 0.360774 0.163943 -0.003643
v 0.168109 0.223745 -0.032080
v 0.149301 0.233927 -0.032590
v 0.144364 0.245739 -0.026480
v 0.112093 0.260310 -0.034859
v 0.210707 0.206773 -0.047774
v 0.190055 0.214845 -0.040808
v 0.371953 0.177101 0.011990
v 0.379247 0.175654 0.008896
v 0.271650 0.181064 -0.027767
v -0.139772 -0.235653 -0.017955
v -0.158681 -0.244127 -0.020381
v -0.142772 -0.247744 -0.017997
v -0.156849 -0.236220 -0.020516
v -0.134625 -0.241603 -0.021441
v -0.157973 -0.247801 -0.023043
v 0.153969 -0.255970 -0.052858
v 0.156819 -0.269316 -0.053284
v 0.154400 -0.261961 -0.061339
v 0.158574 -0.271689 -0.064852
v 0.151828 -0.262280 -0.080889
v 0.147324 -0.256405 -0.072155
v 0.146004 -0.257174 -0.083042
v 0.152956 -0.271482 -0.079356
v 0.150391 -0.253053 -0.039422
v 0.142313 -0.263101 -0.089931
v 0.149342 -0.253595 -0.051224
v 0.144835 -0.250348 -0.039371
v 0.150958 -0.266780 -0.039871
v 0.154271 -0.276880 -0.054389
v 0.150242 -0.272288 -0.047533
v -0.424247 0.133361 0.004888
v -0.442094 0.125385 0.004602
v -0.425619 0.134044 0.008642
v -0.442518 0.127356 0.010696
v -0.423513 0.138142 0.007826
v -0.412917 0.139431 0.004530
v -0.143630 -0.484698 0.060799
v -0.155019 -0.483684 0.064789
v -0.154281 -0.497380 0.064938
v -0.142289 -0.499708 0.059899
v -0.134643 -0.485565 0.051222
v -0.126711 -0.499905 0.036499
v -0.127203 -0.488114 0.037266
v -0.122880 -0.482909 0.022681
v -0.121044 -0.499851 0.018985
v -0.119457 -0.482870 0.009484
v -0.131942 -0.478544 0.039490
v -0.116111 -0.496397 -0.012898
v -0.113526 -0.490908 -0.022733
v -0.118071 -0.477613 -0.003322
v -0.116785 -0.465479 -0.017921
v -0.112858 -0.477712 -0.026998
v -0.105682 -0.476480 -0.042618
v -0.109298 -0.443836 -0.040580
v -0.115509 -0.434444 -0.025389
v -0.103573 -0.465972 -0.053020
v -0.106998 -0.438659 -0.052097
v -0.102516 -0.485362 -0.053215
v -0.105431 -0.487005 -0.039100
v -0.110630 -0.490782 -0.025336
v -0.109157 -0.498252 -0.029443
v -0.109414 -0.423247 -0.039804
v -0.102817 -0.497986 -0.051061
v -0.107410 -0.420617 -0.048996
v -0.122753 -0.458930 -0.006497
v -0.126226 -0.446877 -0.006531
v -0.113014 -0.424519 -0.026939
v -0.118113 -0.427141 -0.013474
v -0.116494 -0.412413 -0.011698
v -0.121880 -0.432357 -0.007851
v -0.130139 -0.443097 0.002027
v -0.131549 -0.453605 0.001865
v -0.103655 -0.474838 -0.063590
v -0.128182 -0.467489 0.010215
v -0.110022 -0.419632 -0.059696
v -0.104371 -0.498846 -0.064016
v -0.144111 -0.475519 0.054382
v -0.130264 -0.427149 -0.002316
v -0.125325 -0.409716 -0.006730
v -0.116478 -0.407827 -0.012820
v -0.107258 -0.413780 -0.023902
v -0.124932 -0.396794 -0.007396
v -0.109049 -0.495816 -0.074943
v -0.111105 -0.457418 -0.074305
v -0.136401 -0.445501 0.005304
v -0.140192 -0.454995 0.007233
v -0.135574 -0.428935 -0.000613
v -0.109271 -0.398161 -0.013890
v -0.111166 -0.384763 -0.008943
v 0.017110 0.199653 0.078896
v 0.025638 0.202045 0.079341
v 0.019052 0.197764 0.088809
v 0.034740 0.207461 0.080286
v 0.011259 0.193451 0.080937
v 0.019583 0.198806 0.092826
v 0.037481 0.211022 0.088066
v 0.043304 0.210590 0.079071
v 0.047027 0.218469 0.087955
v 0.048520 0.215902 0.076499
v 0.054696 0.220505 0.071166
v 0.055047 0.225930 0.081616
v 0.062520 0.229366 0.071166
v 0.058912 0.223946 0.065548
v 0.064130 0.232037 0.051176
v 0.066685 0.238263 0.060232
v 0.015195 0.188714 0.092813
v 0.007323 0.182399 0.083217
v 0.009610 0.180366 0.095542
v 0.004063 0.180182 0.088086
v 0.000487 0.176330 0.092973
v 0.003349 0.177524 0.097050
v 0.038545 0.215443 0.090772
v 0.010376 0.186302 0.078703
v 0.009153 0.179990 0.077311
v 0.001064 0.183128 0.081015
v 0.011969 0.193410 0.098236
v 0.003273 0.190818 0.099733
v 0.150391 -0.253053 -0.039422
v 0.143011 -0.253008 -0.036305
v 0.147330 -0.266505 -0.039646
v 0.140567 -0.267450 -0.037966
v 0.138103 -0.250285 -0.034587
v 0.150958 -0.266780 -0.039871
v 0.144835 -0.250348 -0.039371
v 0.135611 -0.247157 -0.028195
v 0.133064 -0.243637 -0.018710
v 0.139496 -0.284090 -0.020481
v 0.129175 -0.245762 -0.008185
v 0.137310 -0.302901 -0.013759
v 0.143208 -0.322896 -0.023877
v 0.127881 -0.293261 -0.001322
v 0.136223 -0.326233 -0.012651
v 0.121391 -0.244472 0.002173
v 0.146975 -0.321114 -0.038112
v 0.141713 -0.277902 -0.033631
v 0.113576 -0.245629 0.010790
v 0.144973 -0.327731 -0.023605
v 0.133556 -0.354642 -0.010797
v 0.145630 -0.355266 -0.023683
v 0.143335 -0.362020 -0.019847
v 0.149524 -0.363549 -0.033323
v 0.145406 -0.378892 -0.022786
v 0.149794 -0.377933 -0.031483
v 0.153029 -0.350020 -0.042086
v 0.145090 -0.341607 -0.026551
v 0.149865 -0.326760 -0.036479
v 0.148555 -0.342334 -0.036233
v 0.135765 -0.374094 -0.010862
v 0.143821 -0.401769 -0.011353
v 0.149213 -0.407780 -0.019043
v 0.148656 -0.386626 -0.032415
v 0.151450 -0.382653 -0.036033
v 0.150689 -0.403351 -0.032625
v 0.154549 -0.426924 -0.022900
v 0.154112 -0.438738 -0.012422
v 0.157706 -0.448465 -0.011008
v 0.165549 -0.464991 -0.017949
v 0.157482 -0.432667 -0.033072
v 0.151474 -0.370694 -0.046678
v 0.150520 -0.417955 -0.009816
v 0.152109 -0.430983 -0.006994
v 0.152514 -0.454250 0.003135
v 0.149836 -0.361884 -0.049176
v 0.163805 -0.464801 -0.002779
v 0.141190 -0.277476 -0.048576
v 0.141857 -0.272681 -0.048480
v 0.148781 -0.393281 -0.045128
v 0.150894 -0.385143 -0.049666
v 0.143948 -0.300931 -0.049318
v 0.148593 -0.340799 -0.047426
v 0.150047 -0.326057 -0.049587
v 0.149983 -0.378278 -0.049595
v 0.149849 -0.409879 -0.046702
v 0.145897 -0.320055 -0.046392
v 0.175849 -0.484881 0.009567
v 0.171405 -0.477031 0.016175
v 0.175459 -0.484962 0.032081
v 0.177397 -0.498898 0.019984
v 0.174903 -0.500028 0.036721
v 0.167771 -0.487092 0.056279
v 0.174035 -0.487272 -0.002748
v 0.174678 -0.500011 0.001967
v 0.169583 -0.499912 0.052199
v 0.162692 -0.499029 0.061472
v 0.124311 -0.319319 -0.000720
v 0.157009 -0.492362 0.065150
v 0.156077 -0.482242 0.064171
v 0.413616 0.162693 0.005370
v 0.392464 0.166480 0.010279
v 0.417938 0.163836 0.011325
v 0.443271 0.166130 0.008834
v 0.443394 0.165506 0.013966
v 0.393139 0.166966 0.006195
v 0.402029 0.159787 0.001610
v 0.378425 0.170703 0.002308
v 0.422352 0.160901 0.004915
v 0.379247 0.175654 0.008896
v 0.360618 0.159402 -0.006179
v 0.360774 0.163943 -0.003643
v 0.336775 0.159397 -0.009860
v 0.336055 0.168596 -0.002204
v 0.324245 0.162315 -0.010047
v 0.326776 0.171223 -0.000729
v 0.358760 0.169325 0.002359
v 0.391172 0.156797 -0.001500
v 0.443935 0.161957 0.007480
v 0.307315 0.176400 -0.009553
v 0.312694 0.168639 -0.012196
v 0.306761 0.158553 -0.015610
v 0.289246 0.178313 -0.020276
v 0.283653 0.165307 -0.023764
v 0.407062 0.145457 0.002581
v 0.411985 0.150930 0.004253
v 0.428355 0.149620 0.004864
v 0.271650 0.181064 -0.027767
v 0.268185 0.189140 -0.026242
v 0.263087 0.170354 -0.030789
v 0.253077 0.192320 -0.033879
v 0.244492 0.178682 -0.036972
v 0.229088 0.189875 -0.041938
v 0.157009 -0.492362 0.065150
v 0.145612 -0.483506 0.061789
v 0.147523 -0.498836 0.062771
v 0.156077 -0.482242 0.064171
v 0.135450 -0.499871 0.052628
v 0.134918 -0.483311 0.050875
v 0.128623 -0.483121 0.038792
v 0.126736 -0.499868 0.036967
v 0.121254 -0.482930 0.018601
v 0.121247 -0.499851 0.021329
v 0.119091 -0.499337 0.008097
v 0.117914 -0.481291 -0.002858
v 0.122273 -0.465179 -0.003044
v 0.117814 -0.463509 -0.015950
v 0.120141 -0.449791 -0.015449
v 0.109635 -0.443879 -0.038578
v 0.108601 -0.475742 -0.034929
v 0.104186 -0.477687 -0.042691
v 0.110878 -0.487386 -0.025636
v 0.100894 -0.475816 -0.053005
v 0.109963 -0.498192 -0.026043
v 0.106355 -0.439261 -0.053259
v 0.120896 -0.437791 -0.015409
v 0.101591 -0.498791 -0.051726
v 0.114759 -0.477478 -0.024685
v 0.109616 -0.420756 -0.038431
v 0.113959 -0.424759 -0.025857
v 0.107403 -0.419604 -0.050494
v 0.115734 -0.487372 -0.022589
v 0.118580 -0.499293 -0.010187
v 0.127628 -0.445599 -0.006346
v 0.120955 -0.430417 -0.008678
v 0.112855 -0.417559 -0.020490
v 0.102039 -0.484225 -0.063819
v 0.104578 -0.462864 -0.066295
v 0.102984 -0.498034 -0.064353
v 0.110402 -0.423993 -0.061504
v -0.150645 -0.260428 -0.042676
v -0.157198 -0.269340 -0.053027
v -0.150045 -0.268347 -0.041564
v -0.153975 -0.273361 -0.050033
v -0.158580 -0.275174 -0.064978
v -0.157914 -0.269456 -0.067293
v -0.149132 -0.254653 -0.049436
v -0.150672 -0.256326 -0.069007
v -0.151455 -0.263546 -0.081005
v -0.145084 -0.256272 -0.083200
v -0.138503 -0.254175 -0.034424
v -0.142074 -0.266731 -0.037815
v -0.148744 -0.271923 -0.084262
v -0.141014 -0.262316 -0.090887
v -0.004675 0.007197 0.050807
v -0.001920 0.001070 0.048337
v -0.002817 -0.001530 0.059634
v -0.005670 0.020393 0.054772
v -0.003647 -0.006821 0.055296
v -0.000255 0.004791 0.063982
v -0.000457 -0.010898 0.057134
v -0.151831 -0.239755 -0.038144
v -0.138594 -0.235493 -0.036371
v -0.143518 -0.248427 -0.036284
v -0.159485 -0.247009 -0.036158
v -0.135677 -0.244446 -0.032428
v -0.136953 -0.249055 -0.034449
v -0.157142 -0.236384 -0.035284
v -0.134109 -0.244318 -0.032760
v -0.087531 0.253250 0.004418
v -0.090675 0.250048 -0.000864
v -0.086316 0.248384 -0.002184
v -0.078906 0.250053 -0.000522
v -0.079374 0.256242 0.010984
v -0.098767 0.261052 0.008029
v -0.078278 0.236116 -0.008060
v -0.071548 0.250893 0.012736
v -0.071840 0.258796 0.016231
v -0.074028 0.229114 -0.005139
v 0.417938 0.163836 0.011325
v 0.409117 0.160898 0.015248
v 0.419445 0.157738 0.013696
v 0.435618 0.163004 0.014819
v 0.443394 0.165506 0.013966
v 0.392464 0.166480 0.010279
v 0.394834 0.162654 0.013690
v 0.379959 0.168323 0.014786
v 0.381988 0.174318 0.011784
v 0.393139 0.166966 0.006195
v 0.423568 0.112411 0.010708
v 0.416305 0.113431 0.012907
v 0.421457 0.104160 0.008832
v 0.403813 0.102683 0.014268
v 0.395280 0.105371 0.016200
v 0.403888 0.094397 0.016180
v 0.394539 0.118336 0.014310
v 0.384459 0.117135 0.013898
v 0.373059 0.122743 0.013983
v 0.380907 0.133029 0.011108
v 0.351966 0.128478 0.014548
v 0.358958 0.145712 0.013130
v 0.387702 0.152498 0.010142
v 0.397781 0.141072 0.011002
v 0.396793 0.130491 0.012411
v 0.410327 0.127037 0.010696
v 0.408100 0.150376 0.011743
v 0.414120 0.144103 0.011448
v 0.414263 0.138687 0.011856
v 0.423330 0.125941 0.011360
v 0.437746 0.148449 0.013236
v 0.430260 0.140601 0.007558
v 0.430572 0.128222 0.012531
v 0.429356 0.135886 0.010072
v 0.438804 0.124241 0.012092
v 0.441970 0.141983 0.011946
v 0.391979 0.125120 0.010744
v 0.399060 0.122053 0.012067
v 0.402195 0.124343 0.013947
v 0.422537 0.152116 0.010872
v 0.434633 0.154779 0.010767
v 0.446026 0.145854 0.014414
v 0.429906 0.120765 0.009022
v 0.438756 0.120078 0.010008
v 0.366596 0.163102 0.018008
v 0.357392 0.154296 0.017985
v 0.359211 0.122524 0.010054
v 0.345858 0.128808 0.016555
v 0.351947 0.148008 0.018216
v 0.375533 0.172850 0.019161
v 0.398789 0.094319 0.012799
v 0.384278 0.115781 0.009754
v 0.393297 0.105057 0.010722
v 0.148540 -0.235840 -0.019234
v 0.133064 -0.243637 -0.018710
v 0.146780 -0.246111 -0.018397
v 0.136122 -0.236681 -0.018201
v 0.157117 -0.237108 -0.021416
v 0.157618 -0.245856 -0.022848
v 0.130114 -0.242234 -0.021574
v 0.038146 0.357944 -0.019305
v 0.043677 0.359205 -0.018505
v 0.036668 0.356663 -0.014015
v 0.041157 0.361531 -0.028035
v 0.043339 0.351008 -0.004139
v 0.033828 0.351044 -0.003002
v 0.032739 0.360049 -0.016663
v 0.029011 0.363458 -0.027701
v 0.029558 0.368596 -0.036288
v 0.043457 0.374931 -0.043825
v 0.032965 0.379408 -0.048071
v 0.036326 0.392313 -0.056766
v 0.051233 0.375220 -0.035262
v 0.049731 0.392482 -0.049842
v 0.025601 0.375958 -0.053385
v 0.015470 0.354416 -0.033153
v 0.052382 0.360909 -0.007685
v 0.052066 0.365061 -0.015696
v 0.053627 0.377976 -0.027720
v 0.026300 0.390875 -0.065451
v 0.058176 0.377543 -0.019834
v 0.032352 0.400019 -0.065032
v 0.029746 0.411159 -0.070032
v 0.010871 0.412793 -0.076879
v 0.050495 0.409076 -0.051735
v 0.038929 0.422158 -0.060475
v 0.024684 0.427562 -0.072867
v 0.063033 0.402265 -0.019809
v 0.057587 0.399076 -0.035020
v 0.031672 0.440823 -0.066516
v 0.058866 0.420133 -0.030604
v 0.064200 0.428726 -0.018461
v 0.049013 0.436953 -0.049653
v 0.035031 0.457372 -0.056598
v -0.058004 0.152195 0.060863
v -0.042515 0.149751 0.059934
v -0.049392 0.151929 0.067093
v -0.051847 0.150413 0.054063
v -0.038468 0.150146 0.070680
v -0.034203 0.148042 0.062244
v -0.061787 0.152113 0.042799
v -0.068144 0.156729 0.042774
v -0.067539 0.154741 0.027068
v 0.149892 -0.235597 -0.037989
v 0.154738 -0.247026 -0.039733
v 0.144835 -0.250348 -0.039371
v 0.137641 -0.249745 -0.037514
v 0.139565 -0.236355 -0.036157
v 0.132682 -0.242371 -0.033954
v 0.157944 -0.237016 -0.037432
v 0.160158 -0.244364 -0.037044
v -0.035918 0.358197 -0.011535
v -0.032020 0.358081 -0.016232
v -0.034470 0.353157 -0.003744
v -0.044523 0.361352 -0.015433
v -0.041431 0.350208 -0.001891
v -0.049112 0.354072 -0.001710
v -0.053300 0.371516 -0.018853
v -0.057381 0.365404 -0.003116
v -0.049195 0.371154 -0.033017
v -0.037917 0.357195 -0.020247
v -0.043779 0.367471 -0.035335
v -0.048548 0.383924 -0.048094
v -0.040206 0.386889 -0.055504
v -0.042191 0.350137 0.004132
v -0.031126 0.372261 -0.041256
v -0.030792 0.382180 -0.059595
v -0.012968 0.362723 -0.043923
v -0.015227 0.377247 -0.060883
v -0.018856 0.356354 -0.031599
v -0.010302 0.353228 -0.033938
v -0.023742 0.353707 -0.025203
v -0.029218 0.361277 -0.024298
v -0.032352 0.391270 -0.065484
v -0.014789 0.392768 -0.072426
v -0.003189 0.366347 -0.046249
v -0.000016 0.354160 -0.035870
v 0.001965 0.373638 -0.055674
v -0.001373 0.384928 -0.065085
v 0.014577 0.378756 -0.061949
v 0.013917 0.363853 -0.045386
v 0.015470 0.354416 -0.033153
v 0.012852 0.391420 -0.070636
v 0.000006 0.397438 -0.071922
v 0.025601 0.375958 -0.053385
v -0.026942 0.407781 -0.073941
v -0.015242 0.406822 -0.077544
v -0.050435 0.394868 -0.051681
v -0.035881 0.408526 -0.069207
v 0.026300 0.390875 -0.065451
v -0.050728 0.409781 -0.055032
v -0.000420 0.418143 -0.077353
v 0.010871 0.412793 -0.076879
v -0.017740 0.422970 -0.079582
v -0.038103 0.429516 -0.067857
v -0.028525 0.445016 -0.071987
v 0.011140 0.443161 -0.075793
v -0.015146 0.444271 -0.077204
v 0.024684 0.427562 -0.072867
v -0.000004 0.456009 -0.074263
v -0.015395 0.464020 -0.071253
v -0.034354 0.454582 -0.065275
v -0.026532 0.478036 -0.058119
v -0.013593 0.476536 -0.065334
v -0.001208 0.476574 -0.066039
v -0.388713 0.113514 0.013725
v -0.399442 0.095920 0.014691
v -0.395656 0.104303 0.007970
v -0.400951 0.096467 0.009362
v -0.388308 0.112550 0.008581
v -0.388253 0.118235 0.005185
v -0.405047 0.096829 0.014331
v 0.441063 0.126429 0.004963
v 0.420856 0.137909 0.005018
v 0.429356 0.135886 0.010072
v 0.414263 0.138687 0.011856
v 0.438804 0.124241 0.012092
v 0.399060 0.122053 0.012067
v 0.406012 0.116044 0.010134
v 0.416305 0.113431 0.012907
v 0.421457 0.104160 0.008832
v 0.402195 0.124343 0.013947
v 0.391979 0.125120 0.010744
v 0.396793 0.130491 0.012411
v 0.397887 0.121540 0.004931
v 0.387973 0.126662 0.006082
v 0.416080 0.110038 0.003106
v 0.157117 -0.237108 -0.021416
v 0.157618 -0.245856 -0.022848
v 0.160158 -0.244364 -0.037044
v 0.157944 -0.237016 -0.037432
v 0.394539 0.118336 0.014310
v 0.403813 0.102683 0.014268
v 0.397163 0.115882 0.007362
v 0.391979 0.125120 0.010744
v 0.403087 0.098654 0.009566
v 0.403888 0.094397 0.016180
v 0.390935 0.117557 0.004765
v 0.387973 0.126662 0.006082
v -0.135677 -0.244446 -0.032428
v -0.138594 -0.235493 -0.036371
v -0.134625 -0.241603 -0.021441
v -0.139772 -0.235653 -0.017955
v -0.137446 -0.247715 -0.030246
v 0.392028 0.190461 0.019097
v 0.387350 0.193096 0.016249
v 0.375688 0.178944 0.019009
v 0.377771 0.178480 0.019147
v 0.370485 0.173828 0.024139
v 0.371953 0.177101 0.011990
v 0.393122 0.193583 0.014164
v 0.387372 0.186743 0.009661
v 0.379247 0.175654 0.008896
v 0.442308 0.150064 0.008690
v 0.420771 0.151377 0.007658
v 0.437746 0.148449 0.013236
v 0.446026 0.145854 0.014414
v 0.451390 0.144863 0.006897
v 0.422537 0.152116 0.010872
v 0.428355 0.149620 0.004864
v 0.411985 0.150930 0.004253
v -0.371238 0.175588 0.014641
v -0.379530 0.181179 0.011679
v -0.378889 0.182083 0.017802
v -0.389229 0.196075 0.012378
v -0.373236 0.175582 0.020916
v -0.390716 0.195433 0.017524
v -0.363043 0.172403 0.011485
v -0.363689 0.171375 0.025700
v -0.342212 0.168653 0.022305
v -0.362070 0.166535 0.034539
v -0.349421 0.160173 0.035393
v -0.330800 0.163694 0.021580
v -0.328321 0.171449 0.009600
v -0.321652 0.168731 0.014129
v -0.306903 0.180007 -0.000811
v -0.368708 0.168498 0.030823
v -0.336923 0.156985 0.029244
v -0.320172 0.157864 0.018012
v -0.296013 0.181762 0.004582
v -0.290232 0.187797 -0.005330
v -0.300352 0.174481 0.009529
v -0.263739 0.192594 0.002832
v -0.269722 0.196706 -0.006035
v -0.249477 0.205355 -0.006195
v -0.229826 0.202797 0.001349
v -0.211692 0.221089 -0.007217
v -0.206507 0.214282 0.000117
v -0.187137 0.227021 -0.006946
v -0.390350 0.187862 0.017519
v -0.376452 0.173554 0.019047
v -0.187112 0.219649 -0.000657
v -0.151392 0.236870 0.002782
v -0.160227 0.240643 -0.006063
v -0.362521 0.162180 0.033644
v -0.234888 0.214346 -0.017736
v -0.210519 0.224159 -0.019184
v -0.199774 0.225657 -0.019408
v -0.174587 0.233241 -0.016476
v -0.127797 0.241408 0.006373
v -0.123002 0.234828 0.007041
v -0.109572 0.251851 0.005072
v -0.152785 0.222468 0.006884
v -0.137031 0.221106 0.006576
v -0.168408 0.210290 0.005413
v -0.174360 0.220345 0.002768
v -0.185606 0.206891 0.004430
v -0.127451 0.251955 0.002857
v -0.109185 0.268678 0.003053
v -0.202224 0.198019 0.003939
v -0.233170 0.187848 0.004818
v -0.270559 0.181636 0.007420
v -0.261043 0.172652 0.007831
v -0.278636 0.170120 0.010026
v -0.303890 0.165925 0.013075
v -0.302164 0.157778 0.013376
v -0.195435 0.193189 0.003410
v -0.167029 0.202230 0.003146
v -0.228985 0.176633 0.002512
v -0.109234 0.231695 0.003286
v -0.090675 0.250048 -0.000864
v -0.319958 0.148768 0.016227
v -0.270236 0.159625 0.005580
v -0.195229 0.185992 -0.001202
v -0.124570 0.218931 0.002766
v -0.141677 0.211173 0.003116
v -0.098767 0.261052 0.008029
v -0.088537 0.271563 0.010561
v -0.070004 0.264962 0.015698
v -0.079374 0.256242 0.010984
v -0.226313 0.171408 -0.000763
v -0.085581 0.235141 -0.007595
v -0.078278 0.236116 -0.008060
v -0.086316 0.248384 -0.002184
v -0.304210 0.148985 0.010113
v -0.287747 0.151560 0.005037
v -0.347768 0.140906 0.032149
v -0.354375 0.152723 0.037578
v -0.349707 0.137982 0.028948
v -0.347284 0.132906 0.025205
v 0.423078 0.112913 0.003878
v 0.413233 0.124222 0.007364
v 0.423568 0.112411 0.010708
v 0.410327 0.127037 0.010696
v 0.411545 0.125245 0.004468
v 0.421457 0.104160 0.008832
v 0.023552 0.400955 0.054698
v 0.016690 0.399329 0.052404
v 0.024170 0.391640 0.051747
v 0.013774 0.389860 0.049329
v 0.027216 0.384205 0.048694
v 0.035754 0.400324 0.051430
v 0.035822 0.386265 0.044834
v 0.006831 0.391013 0.054978
v 0.017155 0.355512 0.055894
v 0.011906 0.368580 0.057073
v 0.003189 0.360754 0.063704
v 0.007990 0.378302 0.058318
v 0.000414 0.388532 0.057946
v 0.001435 0.379165 0.062639
v 0.002279 0.396879 0.060415
v 0.009812 0.353330 0.063682
v 0.000657 0.354092 0.067202
v 0.018506 0.405064 0.060287
v 0.007189 0.370128 0.068834
v 0.002949 0.372543 0.069798
v 0.001292 0.365523 0.070288
v 0.000023 0.452756 0.080323
v -0.010682 0.436232 0.079245
v 0.001607 0.430566 0.080749
v -0.016007 0.454362 0.078959
v -0.032698 0.443460 0.071659
v -0.033961 0.424590 0.067449
v 0.002269 0.413625 0.075238
v -0.010298 0.411282 0.069344
v -0.019325 0.420576 0.069603
v -0.028518 0.404803 0.059119
v -0.035873 0.400395 0.056267
v -0.047049 0.409985 0.052794
v 0.001894 0.403960 0.069100
v -0.017340 0.404262 0.060730
v -0.046520 0.395152 0.045066
v -0.045823 0.429044 0.059128
v -0.035304 0.393184 0.048403
v 0.008514 0.418920 0.075759
v -0.007142 0.396275 0.058109
v -0.009096 0.388244 0.052150
v -0.013608 0.396436 0.051353
v -0.020089 0.399564 0.054367
v -0.031883 0.400529 0.052440
v -0.012996 0.389248 0.048235
v 0.010690 0.432150 0.078376
v -0.019309 0.386635 0.049930
v -0.038773 0.457279 0.065129
v 0.013728 0.447380 0.077716
v 0.019299 0.412430 0.065001
v 0.033595 0.406232 0.059490
v 0.023246 0.431394 0.071006
v 0.034308 0.439803 0.068621
v 0.032803 0.455409 0.067472
v 0.015617 0.461212 0.071801
v 0.040439 0.410945 0.055692
v -0.025296 0.387190 0.049893
v -0.038208 0.386735 0.044253
v -0.023765 0.372914 0.052887
v -0.031364 0.371588 0.047860
v -0.023538 0.353024 0.050494
v -0.016096 0.353187 0.055435
v -0.011619 0.371365 0.056176
v -0.007059 0.362509 0.059786
v -0.011446 0.341308 0.052936
v -0.011637 0.328110 0.045275
v -0.002286 0.343604 0.064820
v -0.007804 0.353906 0.064339
v -0.006385 0.369556 0.063678
v -0.009996 0.331172 0.050814
v -0.001177 0.337321 0.056270
v 0.000564 0.328605 0.055833
v -0.001681 0.324644 0.050316
v 0.033828 0.351044 -0.003002
v 0.042149 0.352733 0.000799
v 0.039506 0.359984 0.007744
v 0.043339 0.351008 -0.004139
v 0.045197 0.359914 0.005286
v 0.045474 0.376789 0.016043
v -0.118724 -0.242102 -0.002400
v -0.113482 -0.244235 0.009615
v -0.110850 -0.243069 0.004355
v -0.118482 -0.244092 0.006695
v -0.096759 -0.245982 0.009199
v -0.131024 -0.244156 -0.012711
v -0.126552 -0.240937 -0.019454
v -0.126450 -0.240956 -0.035758
v -0.134109 -0.244318 -0.032760
v -0.127627 -0.244538 -0.052977
v -0.123202 -0.240788 -0.048793
v 0.443271 0.166130 0.008834
v 0.443394 0.165506 0.013966
v 0.443935 0.161957 0.007480
v 0.434633 0.154779 0.010767
v -0.412639 0.150476 0.005310
v -0.425154 0.148679 0.004605
v -0.432194 0.149649 0.011092
v -0.438133 0.148592 0.007582
v -0.414715 0.150259 0.008000
v -0.406938 0.149434 0.010878
v -0.450085 0.143749 0.010008
v -0.448152 0.141758 0.006423
v -0.400680 0.146661 0.002110
v -0.396180 0.190081 0.012568
v -0.387558 0.185495 0.008816
v -0.389905 0.182439 0.012814
v -0.383215 0.173836 0.013881
v -0.379530 0.181179 0.011679
v -0.389229 0.196075 0.012378
v -0.401749 0.118893 0.005281
v -0.403798 0.114796 0.009700
v -0.417925 0.106007 0.008325
v -0.394131 0.122632 0.010210
v -0.397217 0.125300 0.004105
v -0.386882 0.126018 0.005672
v -0.416597 0.107209 0.013810
v -0.141014 -0.262316 -0.090887
v -0.126261 -0.267442 -0.088135
v -0.139902 -0.267931 -0.089844
v -0.119084 -0.264286 -0.088529
v -0.133454 -0.257529 -0.088854
v -0.148744 -0.271923 -0.084262
v -0.137596 -0.272697 -0.084200
v 0.430260 0.140601 0.007558
v 0.450796 0.141801 0.009535
v 0.441970 0.141983 0.011946
v 0.438842 0.141183 0.005193
v 0.420856 0.137909 0.005018
v 0.414263 0.138687 0.011856
v 0.446026 0.145854 0.014414
v 0.422895 0.124082 0.005309
v 0.429906 0.120765 0.009022
v 0.423330 0.125941 0.011360
v 0.410327 0.127037 0.010696
v 0.413233 0.124222 0.007364
v 0.411545 0.125245 0.004468
v -0.445952 0.137289 0.008812
v -0.423513 0.138142 0.007826
v -0.441327 0.139116 0.011736
v -0.435079 0.155568 0.009069
v -0.414715 0.150259 0.008000
v -0.430576 0.154086 0.011450
v -0.412639 0.150476 0.005310
v -0.442447 0.159508 0.013538
v -0.406938 0.149434 0.010878
v -0.444808 0.161231 0.006916
v 0.107360 -0.243955 0.005762
v 0.096084 -0.246067 0.006419
v 0.113576 -0.245629 0.010790
v 0.112635 -0.242786 0.003805
v 0.098220 -0.248634 0.009773
v 0.084895 -0.249641 0.004911
v 0.084891 -0.247336 0.001549
v 0.121391 -0.244472 0.002173
v 0.123233 -0.241452 -0.010238
v 0.072107 -0.253148 -0.008142
v 0.074986 -0.249392 -0.009406
v 0.067846 -0.252506 -0.019388
v 0.069186 -0.249363 -0.024815
v 0.129175 -0.245762 -0.008185
v 0.130114 -0.242234 -0.021574
v 0.133064 -0.243637 -0.018710
v -0.001177 0.337321 0.056270
v 0.003886 0.344560 0.064775
v -0.002286 0.343604 0.064820
v 0.010402 0.340054 0.053073
v 0.016296 0.348244 0.053350
v 0.009812 0.353330 0.063682
v 0.017155 0.355512 0.055894
v 0.023887 0.350877 0.049788
v 0.009422 0.328431 0.050104
v 0.000564 0.328605 0.055833
v 0.000657 0.354092 0.067202
v -0.001681 0.324644 0.050316
v -0.390350 0.187862 0.017519
v -0.389905 0.182439 0.012814
v -0.383215 0.173836 0.013881
v -0.396180 0.190081 0.012568
v -0.376452 0.173554 0.019047
v -0.377452 0.165384 0.014917
v -0.371668 0.167508 0.019129
v -0.362524 0.161066 0.018481
v -0.390716 0.195433 0.017524
v -0.141878 -0.270751 -0.044736
v -0.142074 -0.266731 -0.037815
v -0.150045 -0.268347 -0.041564
v -0.152404 -0.276250 -0.053244
v -0.153975 -0.273361 -0.050033
v -0.158580 -0.275174 -0.064978
v -0.151706 -0.276224 -0.069186
v -0.132147 -0.270773 -0.067732
v -0.141393 -0.270860 -0.061663
v -0.139281 -0.271180 -0.049258
v -0.145565 -0.272855 -0.081181
v -0.122518 -0.268947 -0.080893
v -0.137596 -0.272697 -0.084200
v -0.135840 -0.271326 -0.059593
v -0.126261 -0.267442 -0.088135
v -0.148744 -0.271923 -0.084262
v -0.119084 -0.264286 -0.088529
v -0.141104 -0.271315 -0.036607
v -0.117037 -0.262594 -0.082178
v 0.422628 0.154608 0.006300
v 0.422537 0.152116 0.010872
v 0.420771 0.151377 0.007658
v 0.434633 0.154779 0.010767
v 0.443935 0.161957 0.007480
v 0.422352 0.160901 0.004915
v 0.411985 0.150930 0.004253
v 0.003164 -0.000753 0.061167
v -0.002817 -0.001530 0.059634
v -0.000457 -0.010898 0.057134
v -0.000255 0.004791 0.063982
v 0.003167 -0.008971 0.056153
v -0.005228 0.326846 0.018868
v 0.003547 0.327546 0.019973
v -0.016729 0.332243 0.020103
v 0.000856 0.315993 0.017238
v -0.009380 0.313186 0.015129
v 0.001520 0.300880 0.016641
v -0.010479 0.298231 0.015405
v -0.022740 0.309829 0.009344
v -0.019954 0.331662 0.012622
v -0.035028 0.299030 0.003891
v -0.032236 0.314327 0.001429
v -0.029352 0.328987 0.002805
v -0.029098 0.340723 0.004506
v -0.040862 0.304537 -0.004742
v -0.049888 0.298945 -0.007514
v -0.020940 0.289491 0.017123
v -0.005234 0.282620 0.024822
v -0.002425 0.293207 0.026855
v -0.034805 0.320522 -0.006730
v -0.043043 0.285030 0.011906
v -0.052676 0.287674 0.006432
v -0.022354 0.276208 0.027915
v -0.013453 0.269018 0.035143
v -0.038401 0.275654 0.023345
v -0.064566 0.263804 0.020946
v -0.068664 0.283885 0.005984
v -0.070004 0.264962 0.015698
v -0.071840 0.258796 0.016231
v -0.079374 0.256242 0.010984
v -0.077446 0.283435 0.006002
v -0.088537 0.271563 0.010561
v -0.093795 0.281922 0.002931
v -0.109185 0.268678 0.003053
v -0.123985 0.262184 -0.002710
v -0.135411 0.257324 -0.006462
v -0.127451 0.251955 0.002857
v -0.160227 0.240643 -0.006063
v -0.151392 0.236870 0.002782
v 0.001378 0.258773 0.039402
v 0.009418 0.286005 0.021959
v 0.019855 0.268798 0.035086
v -0.039435 0.256059 0.043498
v -0.082379 0.293586 -0.006143
v -0.069543 0.293924 -0.005171
v -0.102822 0.283651 -0.006412
v -0.031535 0.260544 0.045319
v -0.031342 0.248107 0.054898
v -0.079628 -0.246086 -0.001212
v -0.092717 -0.244755 0.006438
v -0.083299 -0.247980 0.004277
v -0.096759 -0.245982 0.009199
v -0.101253 -0.243183 0.007514
v -0.088773 -0.270309 0.002998
v -0.107259 -0.281904 0.005291
v -0.093968 -0.296338 -0.000559
v -0.103650 -0.328165 -0.003531
v -0.110112 -0.254531 0.009707
v -0.124033 -0.317991 -0.000185
v -0.110538 -0.362093 -0.007716
v -0.124414 -0.357832 -0.005533
v -0.122869 -0.377168 -0.007720
v -0.111405 -0.378330 -0.011216
v -0.121734 -0.287116 0.003757
v -0.113482 -0.244235 0.009615
v -0.132193 -0.378451 -0.009591
v -0.111166 -0.384763 -0.008943
v -0.123612 -0.382137 -0.005925
v -0.132491 -0.382039 -0.008243
v -0.124932 -0.396794 -0.007396
v -0.137459 -0.403715 -0.008080
v -0.125325 -0.409716 -0.006730
v -0.130264 -0.427149 -0.002316
v -0.135574 -0.428935 -0.000613
v -0.134575 -0.350528 -0.010794
v -0.145869 -0.405984 -0.011937
v -0.118482 -0.244092 0.006695
v -0.126634 -0.287105 0.000661
v -0.150475 -0.421600 -0.008999
v -0.141573 -0.330830 -0.018585
v -0.145045 -0.341920 -0.024584
v -0.142596 -0.335497 -0.022019
v -0.142527 -0.320019 -0.022351
v -0.417925 0.106007 0.008325
v -0.416597 0.107209 0.013810
v -0.424975 0.110316 0.009741
v -0.001920 0.001070 0.048337
v 0.001648 -0.000753 0.050761
v -0.003647 -0.006821 0.055296
v -0.000457 -0.010898 0.057134
v 0.003167 -0.008971 0.056153
v 0.002450 0.000721 0.047613
v 0.005015 0.006883 0.051168
v -0.389229 0.196075 0.012378
v -0.396180 0.190081 0.012568
v -0.390716 0.195433 0.017524
v -0.442094 0.125385 0.004602
v -0.437972 0.119276 0.006631
v -0.441685 0.120939 0.010755
v -0.430068 0.119364 0.009916
v -0.421807 0.127533 0.003860
v -0.409973 0.126872 0.005288
v -0.421224 0.124641 0.010044
v -0.411893 0.124865 0.011121
v -0.046906 0.385849 0.031497
v -0.057979 0.384360 0.015880
v -0.047309 0.386220 0.027165
v -0.442031 0.165111 0.013907
v -0.444808 0.161231 0.006916
v -0.442447 0.159508 0.013538
v -0.442518 0.127356 0.010696
v -0.442094 0.125385 0.004602
v -0.441685 0.120939 0.010755
v 0.441063 0.126429 0.004963
v 0.438804 0.124241 0.012092
v 0.438756 0.120078 0.010008
v 0.439097 0.121820 0.004529
v 0.451390 0.144863 0.006897
v 0.446026 0.145854 0.014414
v 0.450796 0.141801 0.009535
v 0.106193 -0.364880 -0.012093
v 0.098862 -0.364999 -0.022029
v 0.099286 -0.366093 -0.017611
v 0.108789 -0.365733 -0.008174
v -0.379530 0.181179 0.011679
v -0.383573 0.172412 0.010989
v -0.383215 0.173836 0.013881
v -0.392373 0.166952 0.010501
v -0.392990 0.160817 0.013697
v -0.399919 0.162800 0.011679
v -0.423037 0.158017 0.014152
v -0.448152 0.141758 0.006423
v -0.445952 0.137289 0.008812
v -0.450085 0.143749 0.010008
v -0.134109 -0.244318 -0.032760
v -0.135677 -0.244446 -0.032428
v -0.137446 -0.247715 -0.030246
v -0.114494 0.275881 -0.017822
v -0.142946 0.252495 -0.015909
v -0.135411 0.257324 -0.006462
v -0.102822 0.283651 -0.006412
v -0.096121 0.289850 -0.017983
v -0.160227 0.240643 -0.006063
v -0.174587 0.233241 -0.016476
v -0.187137 0.227021 -0.006946
v -0.082379 0.293586 -0.006143
v -0.079994 0.297465 -0.019949
v -0.069543 0.293924 -0.005171
v -0.062416 0.300386 -0.021370
v -0.048678 0.303964 -0.021170
v -0.049888 0.298945 -0.007514
v -0.049496 0.239252 0.062420
v -0.063982 0.235995 0.065662
v -0.059727 0.229317 0.076482
v -0.055541 0.252401 0.040982
v -0.031342 0.248107 0.054898
v -0.044076 0.230558 0.073601
v -0.024753 0.239737 0.062069
v -0.048760 0.222519 0.085811
v -0.037876 0.215199 0.091450
v -0.031716 0.224775 0.076827
v -0.018830 0.230941 0.067768
v -0.021453 0.216506 0.080067
v -0.018446 0.201169 0.092569
v -0.013391 0.221911 0.071754
v -0.007490 0.200042 0.083667
v -0.003291 0.193659 0.093066
v -0.008419 0.191471 0.099744
v -0.010926 0.207643 0.078548
v -0.006915 0.207564 0.078084
v -0.002560 0.188737 0.096049
v -0.002288 0.195400 0.079903
v -0.001431 0.205637 0.072726
v -0.005398 0.219671 0.069672
v -0.001059 0.227388 0.062483
v -0.011620 0.235579 0.062631
v -0.011631 0.245931 0.053881
v 0.001378 0.258773 0.039402
v -0.021477 0.257387 0.047582
v -0.013453 0.269018 0.035143
v -0.022354 0.276208 0.027915
v -0.031535 0.260544 0.045319
v -0.026797 0.253575 0.056600
v -0.023207 0.249789 0.061422
v 0.007148 0.227416 0.065087
v 0.004226 0.201737 0.078351
v 0.011751 0.239107 0.059229
v -0.006426 0.184163 0.098649
v 0.003349 0.177524 0.097050
v -0.013267 0.229868 0.072446
v -0.007845 0.216921 0.075719
v -0.044092 0.216430 0.088759
v -0.016942 0.241233 0.067969
v 0.010997 0.195519 0.094227
v 0.011969 0.193410 0.098236
v 0.003273 0.190818 0.099733
v 0.020959 0.204040 0.092398
v 0.012748 0.209331 0.079492
v 0.032309 0.222293 0.079866
v 0.013309 0.216665 0.075416
v 0.038545 0.215443 0.090772
v 0.019583 0.198806 0.092826
v 0.010240 0.224240 0.074001
v -0.016377 0.191089 0.095371
v -0.021895 0.200539 0.091979
v -0.053148 0.222024 0.082757
v -0.009405 0.178927 0.096088
v -0.234888 0.214346 -0.017736
v -0.274961 0.192705 -0.016024
v -0.269722 0.196706 -0.006035
v -0.290232 0.187797 -0.005330
v -0.379530 0.181179 0.011679
v -0.375738 0.173825 0.009454
v -0.383573 0.172412 0.010989
v -0.371238 0.175588 0.014641
v -0.363043 0.172403 0.011485
v -0.348202 0.169680 0.001709
v -0.328321 0.171449 0.009600
v -0.325272 0.171783 0.001363
v -0.306903 0.180007 -0.000811
v -0.442062 0.164606 0.007260
v -0.444808 0.161231 0.006916
v -0.442031 0.165111 0.013907
v -0.424345 0.165080 0.008692
v -0.423789 0.161388 0.004669
v -0.402889 0.163921 0.007089
v -0.404234 0.159821 0.003193
v -0.388803 0.166849 0.001907
v -0.392373 0.166952 0.010501
v -0.373891 0.168635 -0.000189
v -0.354832 0.162821 -0.005336
v -0.324965 0.166318 -0.006420
v -0.295485 0.181774 -0.012797
v -0.287558 0.177857 -0.020948
v -0.256656 0.197363 -0.026519
v -0.400686 0.112943 0.013845
v -0.398719 0.112214 0.007188
v -0.405047 0.096829 0.014331
v -0.394131 0.122632 0.010210
v -0.386882 0.126018 0.005672
v -0.400951 0.096467 0.009362
v -0.388253 0.118235 0.005185
v -0.371598 0.124470 0.004627
v -0.395656 0.104303 0.007970
v -0.388131 0.138146 0.002611
v -0.370007 0.151746 -0.004745
v -0.380297 0.158676 -0.003504
v -0.400680 0.146661 0.002110
v -0.412917 0.139431 0.004530
v -0.425154 0.148679 0.004605
v -0.359484 0.135264 -0.000570
v -0.338514 0.147035 -0.006563
v -0.342821 0.156892 -0.008037
v -0.325406 0.153199 -0.008626
v -0.325219 0.157883 -0.009384
v -0.311957 0.168039 -0.012714
v -0.397217 0.125300 0.004105
v -0.409973 0.126872 0.005288
v -0.438059 0.140666 0.005493
v -0.409957 0.119047 0.004924
v -0.401749 0.118893 0.005281
v -0.417925 0.106007 0.008325
v -0.424975 0.110316 0.009741
v -0.412639 0.150476 0.005310
v -0.435079 0.155568 0.009069
v -0.421807 0.127533 0.003860
v -0.424247 0.133361 0.004888
v -0.442094 0.125385 0.004602
v -0.291502 0.163555 -0.020956
v -0.276141 0.167216 -0.026418
v -0.265600 0.183615 -0.029670
v -0.259535 0.171530 -0.031524
v -0.242113 0.180320 -0.037317
v -0.245808 0.195299 -0.034964
v -0.215641 0.204974 -0.047426
v -0.216231 0.190034 -0.045661
v -0.205802 0.205953 -0.050062
v -0.205800 0.192176 -0.047179
v -0.223512 0.182566 -0.040861
v -0.314730 0.149708 -0.008516
v -0.326994 0.141743 -0.000826
v -0.350286 0.131062 0.002295
v -0.377768 0.117719 0.008340
v -0.191122 0.204267 -0.045622
v -0.438133 0.148592 0.007582
v -0.448152 0.141758 0.006423
v -0.445952 0.137289 0.008812
v -0.271211 0.160486 -0.021295
v -0.297602 0.151357 -0.010006
v -0.388308 0.112550 0.008581
v -0.237246 0.169723 -0.028175
v -0.423513 0.138142 0.007826
v -0.193848 0.193532 -0.041687
v -0.313489 0.143055 -0.000669
v -0.213432 0.177004 -0.032480
v -0.215368 0.213320 -0.041548
v -0.193311 0.216058 -0.040353
v -0.204631 0.216776 -0.041738
v -0.411893 0.124865 0.011121
v -0.230979 0.212328 -0.029739
v -0.000004 0.456009 -0.074263
v 0.012741 0.470504 -0.067443
v 0.011140 0.443161 -0.075793
v -0.001208 0.476574 -0.066039
v -0.209932 0.222337 -0.030494
v -0.234888 0.214346 -0.017736
v -0.210519 0.224159 -0.019184
v -0.199774 0.225657 -0.019408
v 0.017325 0.243043 0.067757
v 0.011751 0.239107 0.059229
v 0.010240 0.224240 0.074001
v -0.402889 0.163921 0.007089
v -0.423018 0.162601 0.012802
v -0.399919 0.162800 0.011679
v -0.392373 0.166952 0.010501
v 0.135707 -0.270446 -0.065707
v 0.138518 -0.271638 -0.056151
v 0.130306 -0.278339 -0.073496
v 0.131767 -0.271486 -0.072985
v 0.124074 -0.346970 -0.076237
v 0.133736 -0.354281 -0.076063
v 0.107063 -0.356248 -0.076949
v 0.107990 -0.350236 -0.076308
v 0.130677 -0.341741 -0.074667
v 0.126509 -0.357699 -0.076981
v 0.128017 -0.371859 -0.074358
v 0.121771 -0.337474 -0.078636
v 0.107946 -0.371971 -0.073054
v 0.105223 -0.333334 -0.081496
v 0.120695 -0.329470 -0.083734
v 0.113012 -0.323435 -0.082549
v 0.097690 -0.304896 -0.085276
v 0.102359 -0.271896 -0.090494
v 0.093190 -0.280291 -0.091032
v 0.112489 -0.274892 -0.087325
v 0.121784 -0.321599 -0.080704
v 0.126530 -0.298779 -0.079201
v 0.123137 -0.273801 -0.082687
v 0.139843 -0.363692 -0.068648
v 0.140945 -0.382386 -0.071169
v 0.137234 -0.326485 -0.075212
v 0.132678 -0.319676 -0.073458
v 0.118344 -0.268048 -0.091275
v 0.104897 -0.265438 -0.092518
v 0.127860 -0.260126 -0.091116
v 0.142313 -0.263101 -0.089931
v 0.145313 -0.271876 -0.085898
v 0.111376 -0.263131 -0.091917
v 0.147695 -0.351402 -0.065754
v 0.137231 -0.339952 -0.070199
v 0.152956 -0.271482 -0.079356
v 0.093873 -0.272469 -0.096097
v 0.100279 -0.264603 -0.096764
v 0.092430 -0.264701 -0.097910
v 0.151828 -0.262280 -0.080889
v 0.145297 -0.361829 -0.063188
v 0.147688 -0.370773 -0.061658
v 0.139250 -0.319605 -0.065710
v 0.145883 -0.326054 -0.063708
v 0.143633 -0.339678 -0.062037
v 0.135295 -0.383263 -0.075872
v 0.120630 -0.381667 -0.080535
v 0.122460 -0.391626 -0.073140
v 0.108405 -0.386347 -0.079198
v 0.107531 -0.380879 -0.080483
v 0.144567 -0.386445 -0.063690
v 0.135888 -0.388045 -0.068389
v 0.134851 -0.400364 -0.072194
v 0.143524 -0.398551 -0.066667
v 0.125578 -0.389739 -0.073065
v 0.125427 -0.402434 -0.073962
v 0.123359 -0.410343 -0.067957
v 0.109685 -0.394759 -0.069239
v 0.109546 -0.405117 -0.070964
v 0.133796 -0.407812 -0.064499
v 0.124267 -0.415433 -0.068110
v 0.135679 -0.416779 -0.064762
v 0.141126 -0.403576 -0.059268
v 0.143436 -0.417871 -0.058721
v 0.124467 -0.443827 -0.079444
v 0.136771 -0.437519 -0.072422
v 0.136879 -0.461677 -0.078095
v 0.123770 -0.479310 -0.083842
v 0.136636 -0.497591 -0.079243
v 0.124979 -0.498604 -0.082789
v 0.140615 -0.476290 -0.076309
v 0.150136 -0.498967 -0.065905
v 0.149974 -0.450749 -0.063095
v 0.150988 -0.481861 -0.064859
v 0.115339 -0.498555 -0.080284
v 0.146016 -0.400667 -0.052772
v 0.114066 -0.471296 -0.080287
v 0.149849 -0.409879 -0.046702
v 0.158000 -0.469523 -0.050295
v 0.155825 -0.439536 -0.047721
v 0.159511 -0.498878 -0.045918
v 0.148781 -0.393281 -0.045128
v 0.150894 -0.385143 -0.049666
v 0.149983 -0.378278 -0.049595
v 0.143948 -0.300931 -0.049318
v 0.164987 -0.491410 -0.031106
v 0.165940 -0.487380 -0.029018
v 0.168869 -0.499596 -0.019083
v 0.145897 -0.320055 -0.046392
v 0.162338 -0.457649 -0.033344
v 0.174035 -0.487272 -0.002748
v 0.149836 -0.361884 -0.049176
v 0.165549 -0.464991 -0.017949
v 0.150047 -0.326057 -0.049587
v 0.148593 -0.340799 -0.047426
v 0.174678 -0.500011 0.001967
v 0.151474 -0.370694 -0.046678
v 0.141190 -0.277476 -0.048576
v 0.141857 -0.272681 -0.048480
v 0.157482 -0.432667 -0.033072
v 0.153029 -0.350020 -0.042086
v 0.161646 -0.498301 -0.036648
v 0.175849 -0.484881 0.009567
v 0.395280 0.105371 0.016200
v 0.384278 0.115781 0.009754
v 0.393297 0.105057 0.010722
v 0.384459 0.117135 0.013898
v 0.387372 0.186743 0.009661
v 0.392603 0.185431 0.011028
v 0.379247 0.175654 0.008896
v 0.393122 0.193583 0.014164
v -0.034470 0.353157 -0.003744
v -0.035685 0.352710 0.005082
v -0.041431 0.350208 -0.001891
v 0.393139 0.166966 0.006195
v 0.379247 0.175654 0.008896
v 0.381988 0.174318 0.011784
v 0.055362 0.148137 0.049743
v 0.049820 0.151338 0.067005
v 0.044168 0.148476 0.057924
v 0.051596 0.135864 0.047910
v 0.058937 0.135235 0.037202
v 0.059745 0.152644 0.059019
v 0.045181 0.123056 0.051485
v 0.029887 0.126712 0.059358
v 0.028868 0.089369 0.057936
v 0.017448 0.129962 0.061378
v 0.006233 0.054769 0.058532
v 0.042061 0.150388 0.060548
v 0.038760 0.150064 0.071170
v 0.056362 0.158170 0.059239
v 0.051779 0.111372 0.044480
v 0.005071 0.122679 0.061464
v 0.029134 0.057303 0.055732
v 0.015560 0.035090 0.055742
v 0.004930 0.037142 0.056686
v 0.043480 0.021441 0.046272
v 0.005426 0.015362 0.054238
v 0.030614 0.017646 0.049263
v 0.048357 0.056924 0.049447
v 0.061826 0.151313 0.043273
v 0.024492 0.152266 0.065611
v 0.046978 0.157832 0.066041
v 0.034586 0.154332 0.073773
v 0.036180 0.148629 0.062451
v 0.006253 0.159438 0.065246
v 0.056559 0.183456 0.068758
v 0.044639 0.177238 0.074463
v 0.045162 0.191579 0.077400
v 0.061649 0.201192 0.066816
v 0.032325 0.184522 0.077827
v 0.048520 0.215902 0.076499
v 0.043304 0.210590 0.079071
v 0.046203 0.081297 0.050080
v 0.005015 0.006883 0.051168
v 0.019330 -0.002677 0.044716
v 0.002450 0.000721 0.047613
v -0.001318 -0.007075 0.040713
v -0.001920 0.001070 0.048337
v -0.015079 -0.004873 0.043146
v -0.020796 -0.024435 0.034335
v -0.028473 -0.019477 0.039322
v -0.000739 -0.021527 0.021946
v -0.027425 -0.038451 0.035604
v -0.020398 0.007525 0.047274
v -0.004675 0.007197 0.050807
v -0.005670 0.020393 0.054772
v -0.036209 -0.006302 0.043201
v -0.023220 0.025330 0.052321
v 0.005088 -0.013822 0.036707
v -0.016994 0.039839 0.056283
v -0.005893 0.047469 0.057589
v -0.036198 0.053888 0.053701
v -0.002195 0.036623 0.063546
v -0.026169 0.085375 0.058256
v -0.005923 0.064430 0.059350
v -0.042134 0.076628 0.052405
v -0.064239 0.042128 0.041544
v -0.029546 0.122131 0.058734
v -0.045450 0.085706 0.050230
v -0.038064 0.131224 0.056463
v -0.034203 0.148042 0.062244
v -0.042515 0.149751 0.059934
v -0.051847 0.150413 0.054063
v -0.055300 0.145029 0.046713
v -0.061787 0.152113 0.042799
v -0.048482 0.121195 0.048099
v -0.063158 0.057827 0.042393
v -0.084923 0.043269 0.028804
v -0.065335 0.032284 0.038653
v -0.083637 0.038049 0.027510
v -0.086511 0.028603 0.024657
v -0.065538 0.021447 0.038194
v -0.046747 0.012428 0.043935
v -0.049667 -0.006078 0.044099
v -0.069149 0.009767 0.038046
v -0.074321 0.061072 0.034596
v 0.061124 0.038476 0.042424
v 0.063178 0.030725 0.039599
v 0.065758 0.010154 0.039965
v 0.052995 -0.012109 0.044998
v 0.078943 -0.031923 0.042004
v 0.084805 0.027315 0.026089
v 0.081000 0.045456 0.030920
v 0.064674 -0.076886 0.045317
v 0.084100 0.038971 0.026341
v 0.083937 -0.070373 0.042172
v 0.085392 -0.103519 0.040460
v 0.068749 -0.112029 0.042379
v 0.076731 -0.143483 0.036612
v 0.069867 -0.165980 0.030869
v 0.059769 -0.131746 0.035708
v 0.057358 -0.171540 0.022178
v 0.051413 -0.145146 0.026388
v 0.071016 -0.193214 0.024816
v 0.042759 -0.103126 0.032587
v 0.033109 -0.068322 0.034428
v 0.063016 -0.195908 0.017761
v 0.092156 -0.138293 0.033013
v 0.070896 -0.215938 0.014998
v 0.093107 -0.168685 0.027540
v 0.103260 -0.165360 0.017451
v 0.102898 -0.194969 0.020158
v 0.100130 -0.092991 0.030440
v 0.056781 -0.077266 0.044006
v 0.088689 0.008843 0.027017
v 0.077553 -0.217932 0.017962
v 0.086497 -0.195962 0.026783
v 0.084891 -0.247336 0.001549
v 0.074986 -0.249392 -0.009406
v 0.096084 -0.246067 0.006419
v 0.001532 0.154265 0.066664
v 0.001704 0.175102 0.070462
v -0.005357 0.169798 0.068607
v -0.005163 0.180641 0.075762
v 0.009153 0.179990 0.077311
v 0.016422 0.165212 0.075534
v 0.015784 0.174014 0.073705
v 0.015949 0.185101 0.076179
v 0.001064 0.183128 0.081015
v -0.001318 0.146192 0.066075
v 0.000413 0.085895 0.065492
v -0.004683 0.152323 0.064244
v -0.014835 0.157499 0.066289
v 0.010376 0.186302 0.078703
v 0.017110 0.199653 0.078896
v 0.025638 0.202045 0.079341
v -0.015856 0.165574 0.074742
v -0.012360 0.178293 0.074244
v -0.003002 0.187637 0.080072
v -0.010280 0.190817 0.078420
v -0.015941 0.195184 0.077792
v -0.032627 0.173350 0.074901
v -0.037907 0.191263 0.078870
v -0.025654 0.201326 0.079454
v -0.035315 0.207338 0.080181
v -0.043730 0.211031 0.079104
v -0.054311 0.193564 0.072783
v -0.043550 0.173893 0.073991
v 0.021958 0.166240 0.072163
v 0.024282 0.159264 0.074607
v -0.005077 0.126463 0.061660
v -0.059918 0.093324 0.036855
v -0.002223 0.079945 0.062754
v 0.094991 -0.024607 0.030559
v -0.095246 -0.018821 0.029292
v 0.041516 0.003101 0.045629
v -0.023275 0.159697 0.073719
v -0.024632 0.155488 0.065101
v -0.028325 0.156631 0.074232
v -0.030803 0.152785 0.071350
v -0.038468 0.150146 0.070680
v -0.049392 0.151929 0.067093
v -0.043491 0.157821 0.067630
v -0.033771 0.150889 0.065987
v -0.077318 -0.028646 0.042190
v 0.064237 0.055016 0.041347
v -0.022795 0.132635 0.060705
v -0.051123 0.093874 0.045513
v 0.034740 0.207461 0.080286
v 0.020308 0.157973 0.068947
v -0.052239 0.171706 0.068937
v -0.056901 0.120434 0.037468
v 0.068663 0.070966 0.036174
v -0.048124 0.028494 0.045386
v 0.054027 0.086378 0.043615
v 0.092471 -0.218525 0.019940
v 0.112635 -0.242786 0.003805
v 0.106253 -0.225751 0.012251
v 0.113283 -0.213099 0.008255
v -0.061985 -0.064951 0.045761
v -0.082026 -0.060260 0.042400
v -0.084965 -0.090392 0.041267
v -0.067133 -0.106103 0.043283
v -0.087199 -0.121216 0.037726
v -0.070280 -0.130956 0.039402
v -0.047186 -0.113473 0.033502
v -0.066495 -0.167396 0.028700
v -0.054732 -0.154918 0.025806
v -0.075360 -0.166409 0.031810
v -0.080188 -0.197813 0.026763
v -0.065345 -0.198744 0.019932
v -0.101378 -0.099161 0.028621
v -0.093258 -0.168131 0.027334
v -0.094686 -0.191522 0.024489
v -0.089695 -0.198803 0.025646
v -0.100856 -0.194444 0.022087
v -0.110925 -0.187789 0.008230
v -0.111481 -0.194190 0.010306
v -0.106996 -0.184793 0.015367
v -0.101423 -0.206025 0.018728
v -0.103127 -0.169732 0.017636
v -0.042952 -0.059001 0.040495
v -0.033028 -0.067799 0.034453
v 0.099145 -0.054684 0.031051
v -0.078041 -0.219371 0.018975
v -0.069804 -0.214249 0.015423
v -0.090733 -0.221493 0.018903
v -0.079713 -0.237798 0.006302
v -0.092717 -0.244755 0.006438
v -0.079628 -0.246086 -0.001212
v -0.101253 -0.243183 0.007514
v -0.104365 -0.227454 0.012389
v -0.110850 -0.243069 0.004355
v -0.096759 -0.245982 0.009199
v -0.118724 -0.242102 -0.002400
v -0.112383 -0.225284 0.006419
v 0.034229 -0.039007 0.039477
v 0.022527 -0.025511 0.035759
v -0.028027 0.161771 0.070752
v -0.036490 -0.021707 0.041067
v 0.026892 -0.017133 0.040677
v 0.102463 -0.210383 0.018337
v -0.098892 -0.048070 0.030380
v -0.111131 -0.212588 0.010327
v 0.033508 0.159263 0.070324
v 0.032972 0.152208 0.064664
v 0.067985 0.157237 0.042213
v 0.066440 0.152366 0.028772
v 0.113611 -0.196881 0.007704
v 0.049360 -0.016570 0.045281
v -0.101669 -0.212922 0.018496
v 0.030929 0.151878 0.070334
v 0.002568 0.052554 0.063712
v 0.003080 0.021909 0.064154
v -0.000255 0.004791 0.063982
v 0.032325 0.184522 0.077827
v 0.021958 0.166240 0.072163
v 0.033508 0.159263 0.070324
v 0.015784 0.174014 0.073705
v 0.015949 0.185101 0.076179
v 0.025638 0.202045 0.079341
v 0.034740 0.207461 0.080286
v 0.033508 0.159263 0.070324
v 0.024282 0.159264 0.074607
v 0.034586 0.154332 0.073773
v 0.030929 0.151878 0.070334
v 0.024492 0.152266 0.065611
v 0.020308 0.157973 0.068947
v -0.034203 0.148042 0.062244
v -0.033771 0.150889 0.065987
v -0.038468 0.150146 0.070680
v -0.024632 0.155488 0.065101
v -0.022795 0.132635 0.060705
v -0.028027 0.161771 0.070752
v -0.043550 0.173893 0.073991
v -0.043491 0.157821 0.067630
v -0.052239 0.171706 0.068937
v -0.036209 -0.006302 0.043201
v -0.049667 -0.006078 0.044099
v -0.036490 -0.021707 0.041067
v -0.046747 0.012428 0.043935
v -0.048124 0.028494 0.045386
v -0.036490 -0.021707 0.041067
v -0.042952 -0.059001 0.040495
v -0.027425 -0.038451 0.035604
v -0.033028 -0.067799 0.034453
v -0.005077 0.126463 0.061660
v -0.022795 0.132635 0.060705
v -0.005923 0.064430 0.059350
v -0.002223 0.079945 0.062754
v -0.002195 0.036623 0.063546
v -0.005670 0.020393 0.054772
v -0.000255 0.004791 0.063982
v -0.048482 0.121195 0.048099
v -0.059918 0.093324 0.036855
v -0.051123 0.093874 0.045513
v -0.056901 0.120434 0.037468
v 0.022527 -0.025511 0.035759
v 0.026892 -0.017133 0.040677
v 0.005088 -0.013822 0.036707
v 0.007775 -0.029881 0.017539
v -0.000739 -0.021527 0.021946
v -0.038771 0.357931 0.010321
v -0.043148 0.353327 0.007734
v -0.042191 0.350137 0.004132
v -0.049112 0.354072 -0.001710
v -0.045028 0.374580 0.014660
v -0.035685 0.352710 0.005082
v -0.041431 0.350208 -0.001891
v -0.033316 0.345687 0.021750
v -0.055003 0.368191 0.007650
v -0.057979 0.384360 0.015880
v -0.047309 0.386220 0.027165
v -0.036654 0.356391 0.029895
v -0.034042 0.364040 0.042596
v -0.046906 0.385849 0.031497
v -0.038208 0.386735 0.044253
v -0.031364 0.371588 0.047860
v -0.023538 0.353024 0.050494
v -0.046520 0.395152 0.045066
v -0.027895 0.345792 0.038776
v -0.011637 0.328110 0.045275
v -0.024789 0.336580 0.023396
v -0.029098 0.340723 0.004506
v -0.035685 0.352710 0.005082
v -0.034470 0.353157 -0.003744
v -0.029098 0.340723 0.004506
v -0.031365 0.340630 -0.005683
v -0.029352 0.328987 0.002805
v -0.034805 0.320522 -0.006730
v -0.032236 0.314327 0.001429
v -0.141573 -0.330830 -0.018585
v -0.149589 -0.325637 -0.030010
v -0.145045 -0.341920 -0.024584
v -0.142527 -0.320019 -0.022351
v -0.148715 -0.341101 -0.037505
v -0.152732 -0.348434 -0.036707
v -0.146610 -0.350487 -0.022922
v -0.138468 -0.342865 -0.017015
v -0.134575 -0.350528 -0.010794
v -0.143955 -0.361175 -0.021501
v -0.142775 -0.377034 -0.018447
v -0.132193 -0.378451 -0.009591
v -0.151696 -0.369072 -0.033472
v -0.151190 -0.380408 -0.036247
v -0.146960 -0.384362 -0.023811
v -0.150737 -0.393669 -0.039424
v -0.152143 -0.389170 -0.049617
v -0.149400 -0.402043 -0.047080
v -0.148751 -0.393714 -0.060286
v -0.136732 -0.338254 -0.014012
v -0.136432 -0.310972 -0.010648
v -0.124033 -0.317991 -0.000185
v -0.126634 -0.287105 0.000661
v -0.132640 -0.266473 -0.008354
v -0.140961 -0.314517 -0.017740
v -0.118482 -0.244092 0.006695
v -0.142724 -0.294424 -0.024635
v -0.135501 -0.252793 -0.020968
v -0.141104 -0.271315 -0.036607
v -0.148217 -0.321354 -0.037948
v -0.139281 -0.271180 -0.049258
v -0.138503 -0.254175 -0.034424
v -0.137446 -0.247715 -0.030246
v -0.134109 -0.244318 -0.032760
v -0.146247 -0.318878 -0.049462
v -0.135465 -0.292010 -0.067413
v -0.140514 -0.318607 -0.062889
v -0.131024 -0.244156 -0.012711
v -0.149731 -0.409753 -0.018832
v -0.150152 -0.379344 -0.046356
v -0.153050 -0.370582 -0.050895
v -0.135840 -0.271326 -0.059593
v -0.132147 -0.270773 -0.067732
v -0.122518 -0.268947 -0.080893
v -0.142074 -0.266731 -0.037815
v -0.148721 -0.361992 -0.032592
v -0.147525 -0.386475 -0.053970
v -0.150568 -0.325846 -0.048579
v -0.151946 -0.407671 -0.033918
v -0.153539 -0.348320 -0.050298
v -0.141868 -0.381580 -0.014672
v -0.145476 -0.404494 -0.054774
v -0.144748 -0.398393 -0.066957
v -0.137172 -0.319398 -0.014147
v -0.136953 -0.249055 -0.034449
v -0.136959 -0.251631 -0.043522
v -0.145697 -0.322716 -0.027091
v -0.145647 -0.324733 -0.062588
v -0.145869 -0.405984 -0.011937
v -0.150475 -0.421600 -0.008999
v -0.153624 -0.439284 -0.009412
v -0.150694 -0.435766 -0.003336
v -0.151707 -0.456790 0.007247
v -0.158118 -0.449072 -0.011124
v -0.162753 -0.462871 -0.002511
v -0.159735 -0.468327 0.015372
v -0.166713 -0.471932 0.010491
v -0.167771 -0.470862 -0.008066
v -0.171763 -0.477472 0.015380
v -0.173118 -0.485983 -0.003749
v -0.176374 -0.484960 0.020358
v -0.174309 -0.483869 0.036775
v -0.164043 -0.475860 0.050348
v -0.177169 -0.499981 0.020268
v -0.175222 -0.499899 0.036620
v -0.174325 -0.499753 -0.000123
v -0.168777 -0.499218 -0.017371
v -0.165208 -0.491778 -0.029287
v -0.157859 -0.482445 -0.049284
v -0.159251 -0.463625 -0.045794
v -0.151676 -0.460149 -0.061736
v -0.152105 -0.498734 -0.061607
v -0.144170 -0.498560 -0.073064
v -0.145788 -0.449663 -0.068256
v -0.164339 -0.492454 -0.034006
v -0.161087 -0.498590 -0.037882
v -0.155281 -0.442514 -0.050411
v -0.164936 -0.463713 -0.021619
v -0.169304 -0.484176 0.052357
v -0.147855 -0.340386 -0.050297
v -0.138786 -0.339534 -0.069143
v -0.150844 -0.415010 -0.046767
v -0.160508 -0.449089 -0.020212
v -0.169797 -0.499742 0.052292
v -0.162399 -0.499267 0.061794
v -0.149509 -0.363004 -0.049706
v -0.143166 -0.385936 -0.060270
v -0.132491 -0.382039 -0.008243
v -0.145402 -0.419550 -0.057470
v -0.162053 -0.484053 0.061894
v -0.159834 -0.444731 -0.034181
v -0.148171 -0.372547 -0.063699
v -0.142729 -0.375959 -0.070628
v -0.155019 -0.483684 0.064789
v -0.154281 -0.497380 0.064938
v -0.145145 -0.363810 -0.062307
v -0.149692 -0.348529 -0.061626
v -0.136732 -0.338254 -0.014012
v -0.137172 -0.319398 -0.014147
v -0.142596 -0.335497 -0.022019
v -0.142527 -0.320019 -0.022351
v -0.138468 -0.342865 -0.017015
v -0.140961 -0.314517 -0.017740
v -0.145697 -0.322716 -0.027091
v -0.145045 -0.341920 -0.024584
v -0.150568 -0.325846 -0.048579
v -0.149589 -0.325637 -0.030010
v -0.148217 -0.321354 -0.037948
v -0.145697 -0.322716 -0.027091
v -0.150844 -0.415010 -0.046767
v -0.155281 -0.442514 -0.050411
v -0.159834 -0.444731 -0.034181
v -0.145402 -0.419550 -0.057470
v -0.145788 -0.449663 -0.068256
v -0.134109 -0.244318 -0.032760
v -0.136959 -0.251631 -0.043522
v -0.136953 -0.249055 -0.034449
v -0.127627 -0.244538 -0.052977
v -0.131822 -0.253351 -0.061291
v -0.142074 -0.266731 -0.037815
v -0.141878 -0.270751 -0.044736
v -0.141104 -0.271315 -0.036607
vn -0.8078 -0.2263 0.5443
vn -0.8158 -0.0670 0.5745
vn -0.8379 0.0155 0.5456
vn -0.8091 -0.0147 0.5875
vn 0.0460 -0.8000 0.5982
vn -0.1359 -0.8092 0.5715
vn 0.0981 -0.6638 0.7414
vn 0.0529 -0.6526 0.7559
vn 0.7947 0.3001 0.5276
vn 0.1855 -0.6590 0.7289
vn 0.5180 0.8142 0.2623
vn 0.9873 0.1587 -0.0044
vn 0.6437 -0.6474 0.4080
vn 0.1947 0.8462 0.4960
vn 0.1930 0.6036 -0.7736
vn 0.9201 -0.3861 -0.0655
vn 0.2397 -0.4520 0.8592
vn 0.9554 -0.1408 0.2595
vn 0.6751 0.6177 0.4035
vn 0.2080 0.3285 0.9213
vn 0.1128 0.2033 -0.9726
vn 0.4443 0.7841 -0.4333
vn -0.0776 0.9895 0.1222
vn -0.1208 0.6355 0.7626
vn -0.0340 -0.2168 0.9756
vn -0.0740 -0.2593 0.9630
vn -0.0964 -0.5089 0.8554
vn -0.1331 -0.4424 0.8869
vn -0.1009 0.9881 -0.1164
vn 0.0744 0.9227 -0.3782
vn -0.1691 0.3204 0.9321
vn 0.0968 -0.4037 0.9097
vn 0.0842 -0.4485 0.8898
vn 0.2709 0.8949 -0.3546
vn 0.0389 0.9287 0.3689
vn -0.1203 -0.1239 0.9850
vn 0.1703 0.3254 0.9301
vn 0.0877 0.9331 -0.3487
vn 0.1902 0.9791 0.0720
vn 0.7534 0.6576 -0.0058
vn 0.7706 -0.5659 -0.2932
vn -0.0099 0.5124 0.8587
vn 0.9697 -0.2284 -0.0864
vn 0.1032 -0.4005 0.9105
vn -0.0566 -0.1011 0.9933
vn -0.0575 -0.0796 0.9952
vn 0.7389 0.6691 0.0794
vn 0.3142 0.2852 0.9055
vn 0.2433 -0.2739 0.9305
vn 0.7145 0.6767 -0.1776
vn 0.2558 0.4044 0.8781
vn 0.0445 -0.3196 0.9465
vn -0.3435 -0.5313 0.7744
vn -0.2414 -0.3966 0.8857
vn 0.2782 0.2720 0.9212
vn -0.3471 -0.6261 0.6982
vn 0.1103 0.9582 -0.2640
vn 0.0496 0.7427 0.6678
vn -0.0409 0.0740 0.9964
vn -0.0628 -0.0778 0.9950
vn 0.0977 0.6188 -0.7795
vn 0.2077 0.9667 0.1493
vn 0.0004 0.6657 0.7462
vn -0.0157 -0.0621 0.9979
vn 0.1541 0.1163 0.9812
vn 0.2173 0.4120 0.8849
vn 0.9907 -0.0220 -0.1342
vn -0.1345 -0.2413 0.9611
vn -0.1060 -0.3050 0.9464
vn -0.4252 -0.1506 0.8925
vn 0.8516 0.5042 0.1436
vn 0.2641 0.1539 0.9521
vn 0.2804 0.2183 0.9347
vn -0.5033 -0.3962 0.7679
vn -0.0776 0.0066 0.9970
vn -0.2244 -0.0998 0.9694
vn 0.8844 0.4295 0.1824
vn 0.9826 -0.1177 0.1434
vn 0.4442 0.5171 -0.7316
vn 0.7809 -0.5036 0.3696
vn -0.0572 0.1408 0.9884
vn 0.1293 0.8247 0.5505
vn 0.7672 0.3292 -0.5504
vn 0.6055 0.7723 0.1920
vn 0.3236 0.7335 0.5978
vn -0.0592 0.1373 0.9888
vn -0.1120 -0.2017 0.9730
vn -0.2941 0.4107 0.8630
vn -0.0513 0.0652 0.9966
vn 0.3417 0.7303 -0.5915
vn 0.5146 0.8522 -0.0943
vn 0.3626 0.3162 0.8767
vn -0.0447 -0.3014 0.9525
vn 0.4105 0.5408 0.7342
vn -0.0313 -0.0787 0.9964
vn 0.1706 0.3418 -0.9242
vn 0.1500 -0.2101 0.9661
vn 0.7418 0.0821 0.6655
vn 0.1000 0.0145 0.9949
vn 0.0353 0.2439 0.9692
vn 0.0961 0.6544 0.7500
vn 0.6527 -0.2576 0.7125
vn -0.0751 0.8236 -0.5622
vn -0.2318 -0.4839 0.8439
vn 0.3680 -0.4346 0.8220
vn -0.6261 0.7686 0.1314
vn 0.6964 0.3166 0.6440
vn -0.0533 0.7346 -0.6764
vn -0.3873 0.9009 0.1959
vn 0.4963 0.3970 0.7720
vn 0.1124 0.0361 0.9930
vn 0.0830 0.2090 0.9744
vn 0.3817 -0.4012 0.8326
vn 0.5706 -0.0155 0.8211
vn -0.1783 -0.7218 0.6687
vn -0.1937 0.9804 0.0362
vn 0.6910 -0.7222 0.0306
vn -0.2039 0.8907 0.4063
vn -0.0378 0.9587 -0.2819
vn 0.4626 -0.3709 0.8052
vn 0.5466 -0.1540 0.8231
vn -0.1367 0.9758 0.1707
vn 0.8922 -0.4509 0.0252
vn -0.0879 0.1350 0.9869
vn 0.0709 -0.3742 0.9246
vn 0.0106 0.9778 -0.2091
vn 0.9037 -0.0782 0.4211
vn 0.1264 -0.8427 0.5233
vn 0.9136 -0.3932 -0.1034
vn 0.0562 -0.5543 0.8304
vn -0.3889 0.6531 0.6498
vn -0.3200 -0.5428 0.7765
vn 0.1982 0.9077 -0.3697
vn -0.0487 0.9737 0.2224
vn -0.3918 0.6512 0.6500
vn -0.4650 -0.3507 0.8128
vn 0.0659 0.9919 -0.1089
vn 0.0657 0.8203 0.5681
vn -0.3126 0.4363 0.8437
vn -0.5139 -0.0077 0.8578
vn -0.5257 -0.0407 0.8497
vn 0.3841 0.9203 -0.0739
vn 0.4597 0.5762 -0.6757
vn 0.3579 0.8957 -0.2639
vn 0.1999 0.9664 0.1618
vn 0.0972 0.8153 0.5708
vn -0.4286 0.4469 0.7853
vn -0.2411 -0.2866 0.9272
vn -0.2849 -0.2997 0.9105
vn -0.0216 0.7064 0.7075
vn -0.1561 0.2189 0.9632
vn -0.1732 0.2049 0.9633
vn 0.4666 0.5573 -0.6868
vn 0.4507 0.8292 -0.3306
vn 0.3258 0.8878 0.3250
vn -0.2923 -0.2576 0.9210
vn 0.4280 0.6752 -0.6007
vn 0.4769 0.8336 -0.2788
vn -0.0642 0.1821 0.9812
vn 0.3453 0.8876 0.3049
vn 0.2077 0.7837 0.5854
vn 0.1020 0.5645 0.8191
vn 0.0457 0.4834 0.8742
vn -0.1544 -0.0153 0.9879
vn -0.2151 -0.2509 0.9438
vn 0.3454 0.9383 0.0179
vn -0.0617 0.2328 0.9706
vn 0.4567 0.8846 0.0942
vn -0.1732 -0.3484 0.9212
vn -0.3045 -0.4566 0.8359
vn 0.3248 0.0072 -0.9457
vn 0.4721 0.8137 -0.3391
vn 0.3965 0.8977 0.1920
vn 0.2460 0.6896 0.6811
vn -0.3125 -0.8502 0.4237
vn -0.2555 -0.5416 0.8009
vn 0.4241 0.8784 0.2204
vn 0.0112 0.2697 0.9629
vn -0.1235 -0.0938 0.9879
vn 0.1178 0.4373 0.8916
vn 0.1860 0.6509 0.7360
vn 0.0095 0.2370 0.9715
vn -0.1632 -0.1745 0.9710
vn 0.4578 0.8488 -0.2645
vn 0.4361 0.8467 -0.3049
vn 0.4396 0.7328 -0.5193
vn 0.3709 0.8779 0.3029
vn -0.2635 -0.4848 0.8340
vn 0.2278 0.5737 0.7867
vn 0.2256 0.5553 0.8005
vn 0.3379 0.9181 0.2074
vn 0.3662 0.9176 -0.1547
vn -0.1375 -0.1662 0.9765
vn 0.3359 0.0310 -0.9414
vn 0.3221 0.9258 -0.1977
vn 0.0539 0.2183 0.9744
vn -0.2150 -0.4622 0.8603
vn 0.2737 0.8007 -0.5328
vn 0.2582 0.8136 -0.5210
vn 0.0920 0.2459 0.9649
vn -0.1240 -0.2637 0.9566
vn 0.1676 0.9556 0.2423
vn -0.0085 0.8672 -0.4979
vn -0.0193 0.9915 -0.1288
vn 0.1270 0.6083 0.7835
vn 0.5575 -0.3270 0.7631
vn 0.1547 0.8899 -0.4291
vn 0.2297 0.9239 0.3062
vn 0.2049 0.6623 0.7207
vn -0.4420 -0.3948 0.8055
vn 0.3495 0.9247 0.1509
vn 0.2302 0.6278 0.7436
vn 0.1774 0.5746 0.7990
vn 0.1563 0.2125 0.9646
vn -0.0966 -0.4350 0.8952
vn -0.0506 -0.0656 0.9966
vn 0.2967 0.8845 -0.3599
vn -0.0066 -0.2870 0.9579
vn 0.1111 0.6346 -0.7648
vn 0.0919 0.1233 0.9881
vn 0.9893 0.0008 -0.1459
vn 0.9888 -0.0052 -0.1489
vn 0.9923 0.1227 0.0176
vn 0.9889 0.0091 0.1480
vn 0.9625 -0.0501 -0.2666
vn 0.3997 0.6540 0.6423
vn 0.2667 0.4214 0.8668
vn 0.8761 0.4818 0.0169
vn 0.7592 0.6388 0.1250
vn 0.9498 0.0595 0.3070
vn 0.9453 0.0302 0.3247
vn 0.3741 0.8117 -0.4485
vn 0.9556 -0.0103 -0.2944
vn 0.4584 0.8721 0.1711
vn 0.8293 0.5517 0.0884
vn 0.9537 0.2361 -0.1863
vn 0.4642 0.6204 0.6321
vn 0.1808 0.0480 0.9824
vn -0.1308 -0.3895 0.9117
vn 0.5522 0.7837 0.2843
vn 0.8628 0.5052 -0.0199
vn 0.6283 0.7728 0.0900
vn 0.7990 0.5610 0.2165
vn 0.8774 0.3655 0.3109
vn 0.9826 0.0959 -0.1592
vn 0.9431 0.1605 -0.2913
vn -0.1098 -0.4500 0.8863
vn 0.6201 0.3655 0.6942
vn 0.7966 -0.0782 0.5994
vn 0.9528 0.0726 -0.2947
vn 0.9286 -0.0278 -0.3699
vn 0.9350 -0.2950 -0.1969
vn 0.9752 0.1908 -0.1124
vn 0.9145 0.3920 0.1002
vn 0.5103 0.8582 0.0555
vn 0.4020 0.6668 0.6275
vn -0.0344 -0.1738 0.9842
vn 0.4790 0.8243 0.3018
vn 0.4790 0.8250 0.2999
vn 0.2779 0.9518 0.1294
vn 0.3897 0.8741 0.2898
vn 0.3678 0.7097 0.6009
vn 0.5914 0.1315 0.7956
vn 0.6090 0.0840 0.7887
vn 0.9052 -0.0167 -0.4246
vn 0.9463 0.0951 -0.3088
vn 0.9619 0.1891 -0.1975
vn 0.9555 0.2905 0.0510
vn 0.9508 0.2892 0.1109
vn 0.9835 0.0272 0.1788
vn 0.9036 0.3008 0.3050
vn 0.8160 0.3664 0.4472
vn 0.7211 0.5071 0.4721
vn 0.2083 0.2763 0.9382
vn 0.7263 0.5361 0.4303
vn 0.2485 0.9568 0.1508
vn 0.0713 -0.4345 0.8979
vn 0.9314 0.0542 -0.3600
vn 0.8947 0.4290 -0.1247
vn 0.7097 -0.6446 -0.2841
vn 0.6936 -0.7169 -0.0704
vn 0.9172 -0.3394 0.2088
vn 0.8805 0.0554 -0.4708
vn 0.9724 0.2108 -0.0995
vn 0.9252 0.3741 0.0637
vn 0.7015 -0.3287 0.6323
vn 0.9587 0.2002 -0.2023
vn 0.1725 0.9849 0.0146
vn 0.1521 0.9881 0.0238
vn 0.5262 0.8433 0.1089
vn 0.9366 0.3281 -0.1231
vn 0.8931 0.1925 0.4066
vn -0.2267 0.7033 0.6738
vn -0.2297 0.0727 0.9705
vn -0.2618 0.0292 0.9647
vn 0.6807 0.7203 -0.1334
vn 0.7081 0.6983 -0.1045
vn 0.4055 0.9000 -0.1599
vn 0.8805 0.3903 -0.2689
vn 0.9225 0.3128 -0.2261
vn 0.9683 -0.1349 -0.2103
vn 0.9635 0.1099 -0.2441
vn 0.9652 -0.0960 -0.2434
vn 0.8634 0.1901 -0.4673
vn 0.4328 0.8980 -0.0797
vn 0.4357 0.8965 -0.0799
vn 0.9892 0.1318 -0.0645
vn 0.9178 0.0250 0.3963
vn 0.9571 0.1976 0.2120
vn 0.9668 -0.2555 -0.0078
vn 0.9803 0.1935 0.0396
vn 0.9801 -0.1980 0.0140
vn 0.9447 0.3280 0.0037
vn 0.9752 -0.1919 0.1100
vn 0.8425 -0.5349 0.0633
vn 0.3865 -0.1032 0.9165
vn 0.0596 -0.0301 0.9978
vn 0.8835 0.4636 0.0666
vn 0.9914 0.0347 0.1262
vn 0.9912 0.1212 -0.0537
vn 0.9930 0.0727 -0.0930
vn 0.9608 0.2251 -0.1618
vn 0.9058 0.2974 0.3018
vn 0.9089 0.1198 0.3995
vn 0.9277 0.0015 0.3734
vn 0.8598 -0.1643 0.4835
vn 0.9655 0.1144 0.2340
vn 0.9767 0.1488 0.1547
vn 0.9632 0.2209 0.1531
vn 0.9564 0.2305 0.1791
vn 0.2514 0.0357 0.9672
vn 0.3793 -0.1282 0.9163
vn 0.9396 0.2070 0.2725
vn 0.8692 0.3888 0.3056
vn 0.9928 0.1191 -0.0093
vn 0.9782 0.1777 0.1071
vn 0.2267 0.7814 0.5813
vn -0.0120 0.9452 0.3262
vn -0.1245 0.9770 0.1733
vn -0.2386 0.6934 0.6799
vn 0.7544 0.0617 -0.6535
vn 0.7055 0.4244 -0.5676
vn 0.9105 0.0231 -0.4129
vn 0.7044 0.2294 -0.6717
vn -0.3187 0.9430 -0.0959
vn 0.9328 0.1978 -0.3014
vn 0.9002 0.1237 -0.4176
vn 0.9442 -0.2550 -0.2082
vn 0.7854 0.2325 -0.5736
vn -0.0763 0.9620 -0.2620
vn 0.7132 0.6621 -0.2300
vn 0.7440 0.6312 -0.2193
vn 0.9418 -0.1896 -0.2778
vn 0.9342 -0.1402 -0.3279
vn 0.8706 0.0391 -0.4905
vn 0.9556 -0.2865 -0.0688
vn 0.9018 0.0979 -0.4208
vn -0.0931 0.9507 -0.2958
vn 0.8852 0.4638 0.0372
vn 0.8141 0.5799 -0.0319
vn 0.9964 -0.0840 -0.0081
vn 0.9953 -0.0969 0.0086
vn 0.2583 -0.1534 0.9538
vn 0.1126 -0.3386 0.9342
vn 0.1014 -0.2950 0.9501
vn 0.4745 -0.7848 -0.3986
vn 0.3085 0.6201 0.7213
vn 0.0122 -0.5176 0.8555
vn 0.9372 -0.0735 0.3408
vn 0.7938 0.5045 0.3397
vn 0.9344 -0.0664 0.3500
vn 0.9038 -0.0671 0.4227
vn 0.9097 0.0397 0.4133
vn 0.8869 0.0749 0.4557
vn 0.8881 -0.1623 0.4301
vn 0.8652 0.1749 0.4700
vn 0.5787 0.3111 0.7539
vn 0.4476 0.2411 0.8611
vn -0.3517 -0.8186 0.4541
vn 0.3953 0.3724 0.8397
vn 0.2342 0.2790 0.9313
vn 0.1291 0.7243 0.6773
vn 0.3894 -0.2845 0.8760
vn 0.0228 0.9748 0.2219
vn 0.0387 0.9964 -0.0751
vn -0.1360 0.9392 0.3152
vn 0.6699 0.5265 -0.5234
vn 0.6771 0.1711 -0.7157
vn 0.6952 0.0633 -0.7161
vn 0.7239 0.1339 -0.6768
vn 0.8695 -0.1108 -0.4813
vn 0.9489 -0.1532 -0.2759
vn -0.1782 0.8013 -0.5711
vn 0.7038 -0.6726 -0.2287
vn 0.7727 0.1009 -0.6267
vn -0.1330 0.9469 -0.2927
vn 0.9046 -0.1177 -0.4098
vn 0.9449 0.0467 -0.3240
vn -0.0198 0.9259 -0.3772
vn 0.9722 -0.1390 0.1885
vn 0.9915 0.1183 -0.0547
vn 0.2501 -0.1523 0.9562
vn 0.9949 0.0958 -0.0321
vn 0.9918 0.1240 -0.0312
vn 0.9730 0.0967 0.2096
vn 0.9622 0.0690 0.2633
vn -0.0719 0.9974 0.0077
vn 0.8965 0.3431 0.2802
vn -0.0671 0.9977 0.0052
vn 0.7630 0.3104 0.5670
vn 0.9970 0.0240 -0.0734
vn 0.0899 -0.1120 0.9896
vn -0.0079 0.0826 0.9966
vn 0.7262 0.1360 0.6739
vn 0.7746 -0.0151 0.6323
vn 0.8000 0.2230 0.5571
vn 0.3356 0.0811 0.9385
vn 0.4415 0.2466 0.8627
vn -0.0321 -0.1755 0.9840
vn 0.3677 0.3526 0.8605
vn -0.4074 0.7043 0.5814
vn -0.6414 -0.0308 0.7666
vn 0.5088 0.2168 -0.8331
vn 0.6293 0.5599 -0.5390
vn 0.9617 0.1209 -0.2461
vn 0.9271 0.0868 -0.3646
vn 0.9404 0.0695 0.3328
vn 0.9429 0.2104 0.2581
vn 0.9018 0.0487 0.4295
vn 0.8669 0.0754 0.4927
vn 0.8509 -0.0147 0.5251
vn 0.7788 -0.0322 0.6265
vn 0.7300 0.0155 0.6833
vn 0.7082 0.0781 0.7016
vn 0.6128 0.7876 0.0650
vn 0.3727 0.5841 0.7211
vn 0.2342 0.3714 0.8984
vn 0.0292 0.0603 0.9978
vn -0.2126 -0.3899 0.8960
vn -0.2185 -0.5149 0.8290
vn 0.0066 0.2769 0.9609
vn -0.0388 0.2236 0.9739
vn -0.2372 0.6389 0.7318
vn -0.2064 0.8856 0.4161
vn -0.3965 0.8888 0.2297
vn -0.6375 0.6726 0.3758
vn -0.7129 0.0512 0.6994
vn 0.0886 0.8547 -0.5116
vn 0.0562 0.9444 -0.3240
vn 0.3318 0.8978 0.2898
vn 0.2815 0.9227 -0.2634
vn 0.5344 0.4371 -0.7234
vn 0.8780 -0.1534 -0.4534
vn 0.8213 0.4906 0.2911
vn 0.8990 -0.3155 -0.3038
vn 0.8826 0.1048 -0.4584
vn 0.6682 -0.5782 -0.4681
vn 0.9107 0.3661 -0.1913
vn 0.8005 0.5219 -0.2948
vn 0.7566 0.6155 -0.2209
vn 0.7951 0.5451 -0.2661
vn -0.6290 0.7649 -0.1389
vn -0.6239 0.2194 0.7500
vn 0.9683 0.1356 0.2097
vn 0.9694 0.1455 0.1979
vn 0.1943 0.9451 0.2626
vn 0.9212 0.1304 0.3667
vn 0.7938 -0.0081 0.6081
vn 0.7019 -0.0194 0.7120
vn 0.2890 0.0722 0.9546
vn 0.2726 0.2088 0.9392
vn 0.0050 0.3047 0.9524
vn -0.2887 0.1640 0.9433
vn -0.2881 0.3375 0.8962
vn 0.4248 0.4817 -0.7664
vn 0.4784 -0.2358 -0.8459
vn 0.7616 0.0464 -0.6464
vn 0.2810 0.9229 -0.2634
vn 0.3791 0.8790 0.2892
vn 0.7506 0.5115 -0.4183
vn 0.2783 0.9495 -0.1446
vn 0.2647 0.9633 0.0443
vn 0.8016 0.0641 0.5944
vn 0.8174 0.0605 0.5728
vn 0.6830 -0.0768 0.7264
vn 0.5381 -0.0980 0.8372
vn 0.3465 -0.0562 0.9364
vn 0.5138 0.0555 0.8561
vn 0.3362 0.0540 0.9402
vn -0.3935 0.0928 0.9146
vn 0.4584 0.5891 0.6655
vn 0.4684 0.6446 0.6043
vn 0.3089 0.4100 0.8582
vn 0.0018 0.0785 0.9969
vn -0.7261 0.6168 0.3038
vn -0.6806 0.6356 0.3646
vn -0.2552 0.9587 -0.1254
vn -0.2538 0.9588 -0.1275
vn 0.7556 -0.1131 -0.6452
vn 0.7938 0.0230 -0.6078
vn 0.5604 -0.0621 -0.8259
vn -0.2531 0.8608 -0.4417
vn 0.4114 0.7789 -0.4734
vn 0.3755 0.9172 -0.1335
vn 0.6827 0.7262 -0.0813
vn 0.7228 0.5636 0.3999
vn 0.5094 0.8226 0.2525
vn 0.5008 0.8210 0.2741
vn -0.6041 0.2129 0.7680
vn 0.5763 -0.0601 0.8150
vn -0.1649 -0.0662 0.9841
vn -0.6190 0.6619 0.4228
vn -0.7995 0.5223 0.2967
vn 0.3217 0.8725 -0.3678
vn 0.2910 0.9068 -0.3051
vn 0.2213 -0.4697 0.8547
vn 0.9717 0.2352 0.0214
vn 0.6009 0.6823 -0.4164
vn 0.9835 0.1305 -0.1252
vn 0.9843 0.0678 0.1633
vn 0.9418 0.1102 0.3177
vn 0.6220 0.7716 0.1332
vn -0.4461 0.0956 0.8899
vn -0.4813 0.0133 0.8764
vn -0.1524 0.0112 0.9882
vn 0.0856 0.2522 0.9639
vn -0.2617 -0.3807 0.8869
vn 0.7365 0.0496 0.6747
vn 0.6228 -0.0119 0.7823
vn -0.7307 0.5443 0.4120
vn -0.0989 0.7241 -0.6825
vn -0.3784 0.8900 -0.2543
vn -0.4076 0.9074 -0.1024
vn 0.0278 0.5176 -0.8552
vn -0.0533 0.6410 -0.7657
vn 0.9088 0.2874 -0.3024
vn 0.8915 0.2407 -0.3838
vn 0.9669 0.1927 -0.1675
vn 0.3701 -0.3857 0.8452
vn 0.6011 0.7202 -0.3463
vn 0.9668 0.1896 -0.1712
vn -0.9215 -0.2578 0.2904
vn 0.9817 0.1599 0.1036
vn 0.9811 0.0991 0.1663
vn -0.3729 0.1866 0.9089
vn -0.2889 -0.1859 0.9391
vn 0.9787 0.1694 0.1156
vn -0.0527 -0.1497 0.9873
vn -0.1410 0.0575 0.9883
vn -0.0857 -0.0467 0.9952
vn 0.9319 0.1552 0.3280
vn 0.2294 0.9374 0.2621
vn 0.2384 0.9103 0.3384
vn -0.0738 -0.1880 0.9794
vn -0.2900 -0.4066 0.8663
vn -0.3816 0.8895 -0.2514
vn 0.7298 0.3187 -0.6049
vn 0.6560 0.2995 -0.6928
vn 0.8233 0.2814 -0.4930
vn -0.8596 -0.1222 0.4961
vn 0.9154 -0.0682 -0.3967
vn 0.8700 0.4068 -0.2785
vn -0.5275 0.1260 0.8401
vn -0.5315 0.0131 0.8469
vn 0.9590 0.2813 -0.0351
vn 0.9082 0.4171 -0.0338
vn 0.9851 0.1152 0.1275
vn -0.1826 -0.2234 0.9575
vn -0.5046 0.1322 0.8532
vn -0.0713 -0.1448 0.9869
vn -0.0783 -0.1907 0.9785
vn 0.7402 0.3939 0.5450
vn 0.9371 0.0577 0.3442
vn 0.8659 -0.0220 0.4997
vn 0.7985 -0.1062 0.5925
vn 0.8654 -0.0005 0.5011
vn -0.0620 0.9215 0.3834
vn 0.7058 0.5240 -0.4767
vn -0.7075 -0.4733 0.5248
vn 0.9772 0.0848 -0.1949
vn 0.7387 0.6518 -0.1715
vn 0.9808 0.1056 -0.1642
vn -0.4744 -0.1971 0.8579
vn 0.4961 0.5892 0.6377
vn 0.9695 0.0679 0.2356
vn 0.9728 0.0930 0.2121
vn 0.8948 0.3433 0.2854
vn 0.2645 0.3997 0.8777
vn 0.2260 0.0895 0.9700
vn 0.6522 -0.1263 0.7475
vn 0.8940 0.1453 0.4238
vn -0.0991 -0.1378 0.9855
vn 0.6831 0.0110 0.7302
vn -0.2185 0.7700 -0.5995
vn 0.0028 0.9718 -0.2356
vn 0.0906 0.9481 -0.3049
vn 0.6085 0.3458 -0.7142
vn 0.6223 0.5772 -0.5288
vn -0.7018 -0.1556 0.6952
vn 0.9707 0.0319 -0.2381
vn 0.9765 0.0137 -0.2153
vn 0.9871 0.0356 -0.1563
vn 0.9819 0.0619 -0.1789
vn -0.4458 -0.2172 0.8684
vn -0.5181 0.6974 0.4952
vn -0.2611 -0.2930 0.9198
vn -0.2783 -0.0585 0.9587
vn 0.9980 -0.0001 0.0635
vn 0.9948 0.0412 0.0927
vn 0.9961 0.0547 0.0697
vn 0.9875 -0.0318 0.1544
vn 0.8583 0.1238 0.4981
vn -0.1372 0.8765 0.4614
vn -0.0353 -0.1540 0.9874
vn 0.9161 -0.0573 0.3968
vn 0.8094 0.0437 0.5857
vn 0.6579 -0.1314 0.7415
vn 0.7619 0.0962 0.6405
vn 0.7469 -0.0988 0.6576
vn -0.6899 0.5354 -0.4872
vn 0.5916 0.2531 -0.7654
vn 0.4992 0.5079 -0.7021
vn 0.8567 0.0621 -0.5120
vn 0.7564 0.1751 -0.6302
vn 0.8506 0.0439 -0.5240
vn 0.5383 0.7542 -0.3760
vn -0.3625 0.8959 0.2568
vn 0.5410 0.8162 0.2031
vn 0.9744 0.1837 -0.1298
vn 0.9739 0.1515 -0.1692
vn -0.4302 -0.3608 0.8275
vn 0.3822 0.3840 0.8405
vn 0.3668 0.1585 0.9167
vn 0.9789 0.1996 0.0433
vn 0.9888 0.0874 0.1211
vn 0.2206 -0.4064 0.8867
vn -0.1852 0.7199 0.6690
vn 0.6942 0.0571 0.7175
vn 0.8648 0.0985 0.4924
vn 0.8783 0.0234 0.4775
vn 0.8705 0.0145 0.4920
vn 0.8720 -0.0497 0.4871
vn 0.3719 0.8999 -0.2276
vn 0.5073 -0.4741 -0.7197
vn 0.3814 0.9088 -0.1694
vn 0.2195 0.9536 -0.2061
vn -0.9055 0.3843 -0.1801
vn -0.9704 0.2409 0.0189
vn 0.8746 0.0336 -0.4836
vn 0.8873 0.0226 -0.4606
vn 0.8823 0.0148 -0.4704
vn 0.5111 0.7533 -0.4139
vn 0.5402 0.8171 0.2015
vn 0.9662 0.2090 -0.1509
vn -0.4342 -0.2175 0.8742
vn 0.4671 0.7035 0.5357
vn -0.4763 -0.4798 0.7368
vn -0.4567 -0.6708 0.5844
vn -0.4074 -0.1958 0.8920
vn -0.3133 -0.1715 0.9340
vn 0.9768 0.2071 0.0550
vn 0.3297 -0.3173 0.8892
vn 0.7898 0.1926 0.5823
vn 0.3599 -0.2654 0.8944
vn 0.8002 0.2102 0.5617
vn 0.3781 -0.1192 0.9181
vn 0.8335 0.1239 0.5384
vn 0.7178 -0.1016 0.6888
vn 0.7300 -0.0900 0.6775
vn 0.0868 0.7475 -0.6586
vn 0.4571 0.8073 -0.3732
vn 0.0073 0.8348 -0.5505
vn 0.3799 0.5617 -0.7350
vn 0.8994 -0.1484 -0.4111
vn 0.9337 0.1424 -0.3285
vn 0.8827 0.1000 -0.4592
vn 0.9447 0.1619 -0.2850
vn 0.9485 0.2132 -0.2342
vn -0.8494 -0.2640 0.4570
vn 0.9659 0.2070 -0.1555
vn -0.6316 -0.2334 0.7394
vn 0.1260 -0.4995 0.8571
vn 0.9756 0.2157 0.0401
vn -0.3024 0.6541 0.6933
vn -0.3082 -0.1862 0.9329
vn 0.1221 -0.2162 0.9687
vn 0.9982 0.0406 -0.0441
vn 0.3115 -0.1993 0.9291
vn 0.3781 -0.1171 0.9183
vn 0.5887 0.0023 0.8083
vn 0.1970 0.9451 -0.2607
vn -0.9831 0.0109 0.1827
vn 0.9272 0.1483 -0.3439
vn 0.6323 -0.0097 -0.7747
vn 0.9131 0.2152 -0.3462
vn 0.9397 0.2300 -0.2530
vn -0.8519 -0.2834 0.4404
vn 0.9471 0.2632 -0.1839
vn -0.5940 -0.2527 0.7637
vn -0.3701 0.2579 0.8925
vn -0.3925 -0.2195 0.8932
vn -0.3216 0.7807 0.5357
vn 0.9531 0.3024 -0.0124
vn 0.9632 0.2622 -0.0593
vn -0.3248 -0.1823 0.9280
vn 0.7286 -0.2732 0.6281
vn 0.8283 0.0381 0.5590
vn 0.7873 0.1949 0.5849
vn 0.5509 0.0897 0.8298
vn 0.5381 0.0736 0.8397
vn 0.5706 -0.0173 0.8211
vn 0.5893 -0.0580 0.8059
vn 0.8779 0.0877 -0.4708
vn 0.7628 -0.1619 -0.6260
vn 0.9314 0.2654 -0.2490
vn 0.3748 0.9044 0.2039
vn 0.3603 0.9148 0.1823
vn 0.9377 0.2737 -0.2138
vn -0.1905 -0.4906 0.8503
vn 0.2309 0.7623 0.6047
vn -0.5018 -0.2005 0.8414
vn 0.2813 -0.7154 0.6396
vn 0.3157 -0.1835 0.9309
vn 0.8761 0.3360 0.3459
vn -0.1350 -0.4509 0.8823
vn 0.7372 -0.1175 0.6654
vn 0.2756 -0.1620 0.9475
vn 0.5131 0.1854 0.8380
vn 0.2724 -0.1505 0.9503
vn -0.4053 0.8247 -0.3946
vn 0.8345 -0.0467 -0.5491
vn 0.7581 -0.3578 -0.5452
vn 0.8534 0.1266 -0.5057
vn 0.9038 0.2274 -0.3624
vn 0.1776 0.0886 -0.9801
vn 0.9274 0.3314 -0.1733
vn -0.0262 -0.7582 0.6515
vn 0.2320 0.7609 0.6060
vn 0.2523 -0.2960 0.9212
vn 0.1401 -0.1170 0.9832
vn -0.6292 0.6337 0.4500
vn 0.9363 0.3452 -0.0648
vn -0.6266 0.6424 0.4413
vn 0.8113 0.2793 0.5137
vn -0.1371 -0.3205 0.9373
vn 0.7714 0.1782 0.6109
vn 0.3469 -0.1099 0.9314
vn 0.7985 0.0231 -0.6015
vn 0.8036 0.0059 -0.5952
vn -0.5109 0.7387 -0.4395
vn 0.6685 -0.4110 -0.6198
vn 0.8687 0.3538 -0.3466
vn 0.8692 0.3091 -0.3859
vn 0.8972 0.3949 -0.1977
vn 0.1412 0.5424 0.8281
vn 0.1883 0.4555 0.8701
vn -0.1732 -0.3054 0.9363
vn 0.5313 0.0139 0.8471
vn 0.4907 0.1949 0.8493
vn 0.1752 -0.0431 0.9836
vn 0.1472 -0.0654 0.9869
vn 0.1803 -0.1329 0.9746
vn -0.5943 0.7479 -0.2955
vn 0.2113 -0.0207 -0.9772
vn 0.8127 0.3735 -0.4472
vn -0.6580 0.7106 0.2490
vn -0.7042 0.6419 0.3035
vn 0.7622 -0.6437 0.0692
vn 0.9173 -0.1667 0.3616
vn 0.7319 -0.6214 0.2797
vn 0.7920 -0.5068 0.3403
vn 0.1742 0.2217 0.9594
vn 0.5231 -0.4655 0.7139
vn 0.7614 -0.4165 0.4968
vn 0.5198 -0.2451 0.8184
vn 0.8393 0.4367 0.3238
vn -0.4664 -0.3488 0.8129
vn -0.1341 -0.2065 0.9692
vn -0.1614 -0.2206 0.9619
vn 0.6620 0.1698 0.7300
vn 0.5879 -0.2599 0.7660
vn 0.5373 0.0823 0.8394
vn 0.4927 0.1467 0.8577
vn 0.1368 0.0295 0.9902
vn 0.1531 0.0242 0.9879
vn 0.8463 0.1889 -0.4981
vn 0.7688 0.4103 -0.4906
vn 0.8298 0.4060 -0.3829
vn -0.8321 0.5499 -0.0724
vn 0.7937 0.4098 -0.4495
vn 0.1734 0.6351 -0.7527
vn 0.2206 0.8909 -0.3969
vn 0.7399 -0.6250 -0.2490
vn -0.7675 0.6185 0.1686
vn 0.9447 -0.1532 -0.2901
vn 0.9846 -0.1574 -0.0760
vn 0.1847 0.9171 0.3533
vn 0.1328 0.9623 0.2372
vn 0.9963 0.0827 0.0224
vn 0.9789 -0.0762 -0.1897
vn 0.9750 -0.1066 -0.1952
vn 0.9941 -0.0053 0.1079
vn 0.9305 -0.1882 0.3144
vn 0.8895 0.4558 -0.0317
vn 0.0756 0.5743 0.8151
vn 0.9999 0.0014 -0.0135
vn 0.9956 -0.0868 -0.0355
vn 0.9915 0.0300 0.1263
vn 0.9894 0.0757 0.1236
vn 0.9956 -0.0872 -0.0348
vn 0.8391 0.4613 0.2881
vn -0.5613 -0.3257 0.7608
vn 0.9951 0.0786 0.0600
vn 0.6419 0.5753 0.5069
vn 0.7329 0.3284 0.5958
vn 0.6339 0.6986 0.3319
vn 0.9944 -0.0710 0.0788
vn 0.9937 0.0083 0.1122
vn 0.5684 0.1069 0.8158
vn -0.1248 -0.2095 0.9698
vn 0.6218 -0.3666 -0.6921
vn 0.8656 -0.3761 -0.3306
vn 0.8248 -0.2656 -0.4991
vn 0.8547 0.4931 -0.1620
vn 0.9608 -0.1362 -0.2416
vn 0.8547 0.4929 -0.1627
vn 0.1166 0.7819 0.6124
vn 0.0751 0.8132 0.5771
vn 0.9678 -0.2302 -0.1023
vn -0.7024 -0.3609 0.6135
vn 0.9218 0.2784 0.2699
vn 0.9753 -0.1954 -0.1027
vn 0.9262 -0.3760 -0.0263
vn 0.9882 -0.1501 -0.0291
vn 0.9576 0.1099 0.2663
vn 0.9701 0.1738 0.1693
vn 0.8854 -0.4535 -0.1024
vn 0.7385 0.3162 0.5955
vn 0.9697 0.1777 0.1678
vn 0.9336 -0.3577 0.0224
vn 0.5360 -0.1600 0.8289
vn -0.2484 -0.2070 0.9463
vn 0.5511 0.7289 0.4062
vn 0.9646 -0.1443 0.2206
vn 0.7760 0.5796 0.2490
vn 0.5457 0.1177 0.8297
vn 0.5111 -0.0403 0.8586
vn 0.1953 0.1084 0.9747
vn 0.9079 0.2750 0.3165
vn 0.9566 0.1833 0.2264
vn 0.9814 0.0089 0.1920
vn 0.9533 -0.1242 0.2752
vn 0.9580 0.0952 0.2706
vn 0.4181 0.0186 -0.9082
vn 0.6269 0.5316 -0.5696
vn 0.8536 -0.2186 -0.4728
vn 0.7218 0.4967 -0.4820
vn 0.2049 0.9093 -0.3622
vn 0.8470 -0.1772 -0.5012
vn 0.9076 -0.1825 -0.3781
vn 0.9610 0.1660 -0.2210
vn 0.9754 -0.0319 -0.2180
vn 0.9841 -0.0697 -0.1631
vn 0.9035 -0.2354 -0.3582
vn 0.9656 0.1945 -0.1729
vn -0.8259 -0.4493 0.3405
vn 0.9920 -0.0999 0.0771
vn 0.9330 0.3596 0.0130
vn 0.9745 0.1946 -0.1119
vn 0.9934 0.1039 0.0488
vn 0.9933 -0.0952 0.0660
vn 0.9979 -0.0566 0.0318
vn 0.9816 0.1754 0.0759
vn 0.3507 0.5566 0.7531
vn 0.9970 0.0714 -0.0311
vn 0.9826 0.0925 0.1610
vn 0.9592 -0.1058 0.2623
vn 0.9547 -0.0312 0.2958
vn 0.3534 0.5515 0.7556
vn 0.9895 -0.0540 0.1339
vn 0.9825 0.1221 0.1407
vn 0.9722 0.1515 0.1783
vn 0.4073 0.7454 0.5277
vn -0.4712 -0.2582 0.8434
vn -0.4939 -0.2085 0.8442
vn 0.9255 -0.2599 0.2756
vn 0.8441 0.2796 0.4575
vn -0.3380 -0.1598 0.9275
vn 0.9281 -0.3672 -0.0610
vn 0.0587 0.0155 0.9982
vn 0.9267 -0.3757 -0.0032
vn 0.8770 -0.1361 0.4609
vn 0.8927 0.0409 0.4488
vn 0.6986 -0.6993 0.1514
vn 0.9145 -0.4040 0.0197
vn 0.8864 0.0841 0.4551
vn 0.7514 0.3418 0.5644
vn 0.5181 0.6016 -0.6080
vn 0.6839 -0.1972 -0.7024
vn 0.6217 0.5610 -0.5467
vn 0.9207 -0.0207 -0.3898
vn 0.4292 0.8641 -0.2628
vn 0.9563 -0.1877 -0.2242
vn 0.9546 -0.2768 -0.1100
vn 0.9225 -0.1732 -0.3449
vn 0.9113 -0.1085 -0.3972
vn 0.9439 0.0135 -0.3299
vn 0.9368 0.0786 -0.3410
vn 0.9493 0.1798 -0.2580
vn 0.9359 -0.2541 0.2439
vn 0.9305 -0.2724 0.2447
vn 0.2101 0.8174 0.5364
vn 0.9281 0.3595 0.0971
vn 0.9272 -0.1854 0.3255
vn 0.9451 0.2532 0.2068
vn 0.9238 0.2381 0.2999
vn 0.9100 0.0912 0.4043
vn 0.9383 -0.0306 0.3444
vn -0.5173 -0.2472 0.8193
vn 0.9459 -0.0706 0.3167
vn 0.9232 -0.0238 0.3835
vn 0.8955 0.1331 0.4246
vn 0.8855 0.1132 0.4507
vn 0.7431 -0.3491 0.5709
vn 0.6207 0.2271 0.7504
vn 0.2974 0.0542 0.9532
vn 0.7728 -0.3191 0.5486
vn 0.4559 0.0172 0.8899
vn 0.4516 -0.0270 0.8918
vn -0.1617 -0.0405 0.9860
vn 0.3587 0.8036 0.4748
vn 0.8353 -0.5497 -0.0062
vn 0.8197 0.3178 0.4765
vn 0.8177 -0.1746 0.5485
vn 0.7639 -0.2326 0.6019
vn 0.6858 0.3956 0.6109
vn 0.8434 0.1305 0.5211
vn 0.5686 0.3180 0.7587
vn 0.7099 0.3370 0.6185
vn 0.6980 -0.1871 -0.6912
vn 0.9404 0.0141 -0.3397
vn 0.9234 -0.2682 -0.2744
vn 0.8537 0.1670 -0.4932
vn 0.8701 0.2015 -0.4498
vn 0.7104 -0.4252 -0.5609
vn 0.8148 0.3560 -0.4575
vn 0.8730 0.3798 -0.3060
vn 0.8984 -0.4160 -0.1411
vn 0.8745 -0.4334 0.2175
vn 0.9310 -0.2760 0.2388
vn 0.8194 0.5373 -0.1996
vn 0.1770 0.6625 0.7278
vn 0.8604 0.4871 0.1499
vn 0.9462 -0.1754 0.2718
vn 0.9312 -0.0452 0.3616
vn 0.8271 -0.0719 0.5574
vn 0.8200 -0.0795 0.5668
vn 0.7927 0.0887 0.6031
vn 0.7665 0.0468 0.6405
vn 0.2942 0.0472 0.9546
vn 0.5797 0.1306 0.8043
vn 0.0667 0.0090 0.9977
vn 0.1420 0.8490 0.5090
vn -0.0159 0.8986 0.4385
vn 0.5680 -0.2939 0.7688
vn 0.7546 0.1266 0.6439
vn 0.9121 0.0785 -0.4024
vn 0.9252 0.0232 -0.3787
vn 0.8961 -0.0908 -0.4346
vn 0.9287 0.1722 -0.3283
vn 0.8982 -0.2355 -0.3713
vn 0.9455 -0.2497 -0.2089
vn 0.8216 0.5390 -0.1857
vn 0.7490 -0.5538 0.3638
vn 0.5794 -0.4448 0.6830
vn 0.3131 0.6609 0.6820
vn 0.4666 -0.6463 0.6038
vn 0.8300 -0.3511 0.4333
vn 0.8020 0.4856 0.3478
vn 0.8741 -0.2986 0.3831
vn 0.8241 -0.4406 0.3560
vn -0.5364 -0.2302 0.8120
vn 0.8079 0.4364 0.3960
vn 0.8436 0.0707 0.5322
vn -0.4161 -0.1389 0.8986
vn 0.8950 0.1794 0.4085
vn 0.8858 0.0213 0.4636
vn 0.9064 -0.0446 0.4200
vn 0.8632 -0.1645 0.4773
vn 0.2544 0.7822 0.5688
vn 0.6328 -0.1028 0.7675
vn 0.3285 -0.1289 0.9357
vn 0.0074 -0.0359 0.9993
vn 0.5594 -0.2878 0.7774
vn 0.1094 0.7981 0.5925
vn 0.5414 0.3504 0.7643
vn 0.5301 -0.2830 0.7993
vn -0.0077 0.8401 0.5424
vn 0.6301 0.0523 0.7748
vn 0.5688 -0.0735 0.8192
vn 0.5030 -0.1910 0.8429
vn 0.3943 0.6397 -0.6598
vn 0.6709 -0.4436 -0.5943
vn 0.4585 -0.2109 -0.8633
vn 0.8993 0.2493 -0.3594
vn 0.5408 -0.2455 -0.8045
vn 0.9089 0.3475 -0.2304
vn 0.5936 -0.5856 -0.5519
vn 0.7077 0.5828 -0.3993
vn 0.5548 0.7835 0.2799
vn 0.7255 0.5997 -0.3376
vn 0.4399 0.6635 0.6052
vn 0.7400 -0.5556 0.3791
vn 0.7303 0.6815 0.0463
vn 0.3357 -0.5102 0.7918
vn 0.7307 0.6817 0.0378
vn -0.8465 -0.2644 0.4621
vn 0.6579 0.7358 0.1602
vn 0.6396 0.7208 0.2671
vn 0.6340 -0.7263 0.2656
vn 0.7247 -0.5718 0.3844
vn -0.4482 -0.1707 0.8775
vn 0.7358 0.3970 0.5487
vn 0.7295 0.3302 0.5990
vn 0.4034 -0.2170 0.8889
vn 0.7233 -0.0055 0.6905
vn 0.6253 0.0293 0.7798
vn 0.6936 -0.1508 0.7044
vn 0.4679 -0.0319 0.8832
vn -0.1710 0.7784 0.6041
vn 0.4981 -0.2166 -0.8396
vn 0.7967 -0.6035 -0.0324
vn 0.7533 -0.5648 -0.3370
vn 0.5095 0.8316 -0.2211
vn 0.5187 0.7892 -0.3286
vn 0.5784 0.7581 0.3012
vn 0.4282 0.6662 0.6105
vn 0.7478 -0.5499 0.3722
vn 0.0436 0.7324 0.6795
vn -0.8632 -0.2764 0.4224
vn 0.9218 -0.2438 0.3013
vn 0.3174 0.6947 0.6455
vn 0.4164 0.6221 0.6631
vn -0.2855 -0.0550 0.9568
vn 0.5229 0.5599 0.6427
vn 0.3619 -0.5967 0.7162
vn 0.2731 -0.6001 0.7519
vn 0.3400 -0.4755 0.8113
vn 0.8154 0.4197 0.3987
vn 0.8198 0.3518 0.4518
vn 0.5254 -0.2524 0.8126
vn 0.5951 -0.2051 0.7770
vn 0.6756 -0.0659 0.7344
vn -0.0332 0.7877 0.6151
vn 0.2476 -0.3604 0.8993
vn 0.4364 0.3161 0.8424
vn 0.3653 -0.1974 0.9097
vn -0.1715 0.7871 0.5925
vn 0.0367 0.6238 0.7807
vn 0.7480 -0.6201 0.2365
vn 0.1364 0.6921 -0.7088
vn 0.7235 0.2809 -0.6306
vn 0.8573 0.4557 -0.2396
vn 0.4209 0.8626 -0.2805
vn 0.8500 0.5066 -0.1447
vn 0.8335 0.5225 0.1796
vn 0.9399 -0.3410 0.0146
vn 0.9458 -0.2924 0.1417
vn 0.9321 -0.2906 0.2163
vn 0.3770 0.6788 0.6302
vn 0.8580 -0.2134 0.4672
vn 0.7254 -0.0607 0.6857
vn -0.1975 -0.0960 0.9756
vn -0.1964 -0.1193 0.9732
vn 0.7078 -0.2972 0.6408
vn 0.5587 0.6981 0.4478
vn 0.4179 0.0133 0.9084
vn 0.3091 -0.0626 0.9490
vn 0.4077 -0.2089 0.8889
vn 0.4017 -0.5558 0.7278
vn 0.6304 0.3004 0.7158
vn 0.5955 0.1160 0.7949
vn 0.3010 0.5899 0.7493
vn 0.0769 -0.0799 0.9938
vn 0.4328 -0.5441 0.7188
vn 0.7130 0.5159 -0.4748
vn 0.4391 -0.1497 -0.8859
vn 0.7046 0.5576 -0.4389
vn 0.8474 0.4958 0.1901
vn 0.4942 0.8290 -0.2618
vn 0.8031 0.5109 0.3068
vn 0.4889 0.8608 -0.1415
vn 0.3719 0.5670 0.7350
vn 0.9184 -0.3956 -0.0084
vn 0.4536 0.7886 0.4152
vn 0.3951 0.7307 0.5568
vn 0.5594 0.5805 0.5916
vn 0.2427 -0.0600 0.9682
vn 0.5828 0.6430 0.4969
vn 0.3060 -0.1265 0.9436
vn 0.4485 -0.0462 0.8926
vn 0.4046 -0.0209 0.9143
vn 0.4983 0.5916 0.6338
vn 0.5864 -0.2242 0.7784
vn 0.0807 0.6543 0.7519
vn 0.0480 0.7423 0.6683
vn 0.4730 -0.2548 0.8434
vn 0.5384 0.4245 0.7279
vn 0.0958 -0.2793 0.9554
vn -0.0809 0.7131 0.6964
vn 0.1441 -0.2036 0.9684
vn 0.1836 -0.1239 0.9752
vn 0.6974 0.0396 -0.7156
vn 0.8322 0.1509 -0.5336
vn 0.7727 -0.1006 -0.6268
vn 0.6672 0.2786 -0.6908
vn 0.6696 0.4806 -0.5662
vn 0.5611 0.7238 -0.4017
vn 0.6439 0.7481 -0.1606
vn 0.6486 0.7465 0.1482
vn 0.6734 0.7380 0.0427
vn 0.9643 -0.1792 -0.1950
vn 0.9576 -0.2471 -0.1485
vn 0.9220 0.3660 -0.1265
vn 0.9545 -0.0003 0.2982
vn 0.8330 0.2296 0.5034
vn 0.7435 0.1973 0.6389
vn 0.3573 0.9337 -0.0240
vn 0.8720 -0.4863 -0.0562
vn 0.9332 -0.2328 0.2739
vn 0.8637 -0.4798 -0.1543
vn 0.3502 0.9230 0.1594
vn 0.3538 0.9224 0.1548
vn 0.3204 0.8815 0.3469
vn 0.8389 -0.5122 0.1842
vn 0.8636 -0.4096 0.2939
vn 0.0587 0.8027 0.5934
vn 0.0269 -0.2559 0.9663
vn 0.0195 -0.2286 0.9733
vn 0.2499 -0.1523 0.9562
vn 0.2608 -0.1302 0.9566
vn 0.3819 -0.2501 0.8897
vn -0.0199 -0.2855 0.9582
vn 0.3828 0.4165 0.8246
vn -0.1919 0.7084 0.6792
vn 0.3407 0.5877 0.7338
vn -0.0424 -0.1021 0.9939
vn -0.3767 0.6720 0.6376
vn 0.5367 -0.5307 0.6561
vn 0.0474 0.0690 0.9965
vn -0.0901 0.6630 -0.7432
vn 0.6176 -0.6603 -0.4273
vn 0.5344 0.3955 -0.7470
vn 0.7903 -0.1606 -0.5913
vn 0.8125 0.0827 -0.5771
vn 0.8193 0.1026 -0.5641
vn 0.9877 0.1466 -0.0539
vn 0.9392 0.0114 0.3432
vn 0.5662 0.1908 0.8019
vn 0.2826 0.4601 0.8417
vn 0.2209 0.7351 0.6409
vn -0.8494 -0.2684 0.4544
vn 0.2202 0.6726 0.7065
vn 0.1533 0.8897 0.4300
vn 0.8046 -0.5699 0.1671
vn -0.5151 -0.2183 0.8289
vn -0.4392 -0.1362 0.8880
vn 0.7708 -0.2861 0.5691
vn 0.7841 -0.3817 0.4894
vn 0.3238 -0.4006 0.8572
vn 0.4384 -0.1818 0.8802
vn 0.3887 0.0937 0.9166
vn 0.5925 -0.0711 0.8024
vn 0.6179 -0.1250 0.7762
vn -0.3156 0.8425 0.4366
vn 0.6109 0.1897 0.7686
vn 0.0861 -0.5437 0.8348
vn 0.2092 -0.3345 0.9189
vn 0.0954 -0.4604 0.8826
vn 0.1998 -0.1929 0.9607
vn -0.1210 0.6055 0.7866
vn -0.0789 -0.2539 0.9640
vn -0.1053 -0.2151 0.9709
vn -0.1037 -0.1249 0.9867
vn -0.2030 0.6293 -0.7502
vn 0.6926 0.4691 -0.5479
vn 0.5909 -0.6822 -0.4305
vn 0.4923 0.7469 -0.4470
vn 0.6145 -0.6936 -0.3759
vn 0.5706 -0.4342 -0.6971
vn 0.3480 0.2514 -0.9032
vn 0.7777 -0.1758 -0.6036
vn 0.7713 0.1125 -0.6265
vn 0.2874 0.9500 0.1218
vn 0.2827 0.9397 0.1927
vn 0.0841 0.9865 -0.1402
vn 0.6411 -0.1135 0.7590
vn 0.6778 -0.0571 0.7330
vn 0.3544 0.5627 0.7469
vn 0.2723 0.3805 0.8838
vn -0.8179 -0.2263 0.5290
vn 0.2689 0.7428 0.6131
vn 0.7216 -0.4577 0.5194
vn -0.0697 0.7836 0.6173
vn 0.2877 0.8657 0.4096
vn 0.2257 0.6786 0.6990
vn -0.3322 0.8173 0.4708
vn 0.1495 -0.0417 0.9879
vn 0.6753 0.1668 0.7185
vn 0.4348 0.1078 0.8941
vn -0.3402 0.5397 0.7701
vn -0.3320 0.4775 0.8135
vn 0.0002 -0.1836 0.9830
vn -0.4608 0.6790 0.5715
vn -0.2728 0.6186 -0.7369
vn 0.4918 0.4385 -0.7522
vn 0.3978 -0.5883 -0.7041
vn 0.4965 0.7651 -0.4099
vn 0.2522 0.9644 0.0794
vn 0.4757 0.0028 0.8796
vn 0.4131 0.0597 0.9087
vn 0.0410 0.9762 0.2131
vn 0.0368 0.9395 0.3406
vn 0.7101 -0.6603 0.2444
vn 0.1279 0.8491 0.5126
vn -0.0520 0.6529 0.7556
vn -0.2353 -0.3077 0.9219
vn -0.1359 -0.4235 0.8957
vn 0.4890 -0.3036 0.8177
vn 0.4116 0.0834 0.9076
vn 0.4934 -0.3387 0.8011
vn 0.2063 -0.1793 0.9619
vn 0.1052 0.7712 0.6279
vn 0.1012 -0.2163 0.9711
vn 0.3514 0.4146 0.8394
vn 0.6755 0.1164 0.7281
vn -0.0828 -0.1605 0.9836
vn -0.2594 -0.6219 0.7389
vn 0.5024 -0.0629 0.8624
vn 0.4137 0.4207 0.8074
vn 0.6225 -0.1002 0.7762
vn 0.3113 0.2609 -0.9138
vn 0.3680 0.7476 -0.5529
vn 0.2837 0.9130 -0.2933
vn 0.2550 0.9616 -0.1014
vn -0.0744 0.9972 -0.0096
vn 0.4154 -0.1843 0.8908
vn -0.6684 -0.3883 0.6344
vn -0.0470 -0.5426 0.8387
vn -0.2203 -0.3677 0.9035
vn 0.7087 -0.6435 0.2891
vn -0.1777 -0.2541 0.9507
vn 0.1795 0.3225 0.9294
vn 0.2119 -0.3418 0.9156
vn 0.2034 -0.3200 0.9253
vn 0.1284 -0.0669 0.9895
vn 0.1296 -0.0787 0.9884
vn -0.7703 0.5953 0.2288
vn 0.1083 -0.0537 0.9927
vn 0.5450 -0.3541 0.7600
vn 0.3342 0.3316 0.8822
vn 0.4797 -0.2455 0.8424
vn 0.4654 0.1160 0.8775
vn 0.3579 0.3096 0.8809
vn 0.4794 0.2118 0.8516
vn 0.5865 -0.3067 0.7496
vn 0.3684 -0.1989 0.9081
vn -0.4691 0.6714 0.5737
vn 0.6570 -0.7064 -0.2633
vn -0.5111 0.7035 0.4938
vn 0.9169 -0.3987 -0.0179
vn 0.6843 -0.2984 0.6654
vn -0.0634 0.3802 -0.9227
vn 0.0138 0.9337 0.3578
vn -0.0861 0.9928 0.0835
vn 0.3849 -0.1721 0.9068
vn -0.0162 0.8529 0.5219
vn -0.0045 -0.6615 0.7499
vn 0.5354 -0.4056 0.7408
vn -0.4115 0.5790 0.7039
vn 0.0439 -0.5129 0.8573
vn 0.6951 0.1912 0.6930
vn 0.5220 -0.2521 0.8148
vn 0.3180 -0.2597 0.9118
vn 0.0671 -0.1088 0.9918
vn 0.0669 -0.1099 0.9917
vn 0.3748 0.7137 0.5918
vn 0.5214 0.1334 0.8428
vn 0.7347 -0.2998 0.6086
vn 0.0320 -0.0426 0.9986
vn 0.0683 -0.1043 0.9922
vn 0.4258 -0.5199 0.7405
vn -0.7395 0.5108 0.4385
vn -0.2724 -0.3743 0.8864
vn 0.5655 0.3671 0.7385
vn 0.6032 0.2040 0.7710
vn -0.3591 0.2687 0.8938
vn 0.3496 -0.2658 0.8984
vn 0.3132 -0.2113 0.9259
vn 0.7687 -0.5927 -0.2405
vn 0.7118 -0.2632 0.6512
vn 0.2167 -0.0130 0.9762
vn 0.2664 -0.2804 0.9222
vn -0.1649 0.8991 0.4054
vn -0.1115 0.5591 0.8216
vn -0.4263 -0.7219 0.5451
vn -0.1175 0.9483 0.2949
vn -0.2957 0.7815 0.5494
vn -0.2623 0.6130 0.7453
vn 0.1456 0.9188 0.3669
vn -0.4083 0.5323 0.7416
vn 0.6357 0.2499 0.7303
vn 0.1884 0.8280 0.5282
vn 0.8933 0.3193 0.3163
vn 0.4628 0.6825 0.5657
vn 0.7608 -0.5298 0.3749
vn 0.5582 0.4960 0.6652
vn 0.6843 -0.3853 0.6191
vn 0.6632 -0.4962 0.5603
vn 0.5083 0.6831 0.5244
vn 0.5856 -0.5670 0.5794
vn 0.3026 0.3395 0.8906
vn -0.6123 0.6118 0.5008
vn 0.8871 -0.2339 0.3979
vn 0.2330 -0.2370 0.9432
vn 0.3093 -0.1864 0.9325
vn 0.1687 0.8015 -0.5738
vn 0.0523 0.9107 -0.4097
vn -0.0978 0.9952 -0.0085
vn -0.1126 0.9886 0.0996
vn -0.1739 0.9721 0.1576
vn 0.2395 -0.0278 0.9705
vn 0.2323 0.4058 0.8839
vn -0.2381 0.9487 0.2082
vn 0.6364 0.6665 0.3882
vn 0.6807 0.3945 0.6172
vn 0.2399 -0.2441 0.9396
vn 0.4728 0.1932 0.8597
vn -0.2467 0.5865 0.7715
vn 0.5009 -0.3465 0.7931
vn 0.3172 0.2680 0.9097
vn 0.2652 0.0046 0.9642
vn 0.9877 -0.0812 0.1336
vn 0.9914 -0.0842 0.0997
vn 0.5367 0.4240 0.7296
vn 0.9725 -0.0040 0.2328
vn 0.9682 -0.0291 0.2484
vn -0.2766 0.4133 0.8676
vn 0.7279 -0.0171 0.6854
vn 0.8118 0.0213 0.5835
vn 0.8337 -0.1181 0.5394
vn 0.9602 0.0201 0.2788
vn 0.4274 -0.5187 0.7405
vn 0.3665 -0.5089 0.7789
vn 0.3631 0.3213 0.8746
vn 0.3477 -0.1191 0.9300
vn 0.4443 -0.1642 0.8807
vn 0.3912 -0.1066 0.9141
vn 0.2083 0.6023 0.7706
vn 0.2291 0.0139 0.9733
vn 0.1968 0.4918 0.8482
vn 0.2834 -0.2307 0.9308
vn 0.1747 -0.2984 0.9383
vn 0.1992 0.0330 0.9794
vn 0.2542 -0.0088 0.9671
vn 0.8889 -0.2559 0.3800
vn -0.1377 0.9832 0.1195
vn -0.1515 0.8592 0.4886
vn -0.1615 0.8405 0.5172
vn -0.1061 -0.2056 0.9729
vn -0.2709 0.8422 0.4661
vn 0.0431 0.5298 0.8470
vn 0.9133 -0.4050 0.0430
vn -0.2172 -0.2319 0.9482
vn -0.2001 -0.2994 0.9329
vn -0.6232 -0.0818 0.7778
vn -0.0955 0.0181 0.9953
vn -0.0786 0.0131 0.9968
vn -0.0925 0.0080 0.9957
vn 0.5197 -0.1098 0.8473
vn -0.5762 0.5357 0.6173
vn 0.0432 -0.2328 0.9716
vn -0.1236 -0.1770 0.9764
vn 0.0651 -0.0954 0.9933
vn 0.7539 -0.0236 0.6565
vn -0.1635 -0.0142 0.9864
vn -0.1046 -0.7522 0.6505
vn -0.3618 0.5553 0.7489
vn -0.5340 -0.3177 0.7835
vn 0.3192 0.2499 0.9141
vn -0.4800 -0.1762 0.8594
vn -0.1115 -0.3847 0.9163
vn 0.2270 0.9620 0.1518
vn 0.2051 0.9541 0.2183
vn -0.1379 -0.2223 0.9652
vn -0.1892 -0.0471 0.9808
vn -0.1081 0.0263 0.9938
vn -0.2312 0.7699 0.5948
vn -0.3349 0.7814 0.5266
vn 0.1383 0.5443 0.8274
vn 0.3243 0.5439 0.7739
vn -0.8864 -0.0493 0.4604
vn -0.8898 -0.0545 0.4532
vn 0.0413 0.8209 0.5696
vn 0.0102 0.7236 0.6901
vn -0.2873 -0.5055 0.8136
vn -0.5804 0.1922 0.7913
vn -0.2438 0.4701 0.8483
vn -0.2826 0.5280 0.8009
vn -0.3155 -0.1251 0.9406
vn -0.7180 -0.1945 0.6683
vn 0.1931 -0.5428 0.8173
vn 0.6715 -0.3546 -0.6507
vn 0.6519 -0.7343 -0.1890
vn 0.6779 -0.7332 -0.0535
vn -0.0461 0.9103 -0.4115
vn 0.0040 0.9193 -0.3936
vn 0.0638 0.9944 0.0845
vn 0.7113 -0.6722 -0.2053
vn 0.7128 -0.6693 -0.2095
vn 0.0884 0.9938 0.0680
vn 0.1971 0.9601 0.1982
vn 0.2991 0.9405 0.1615
vn 0.6761 -0.6936 0.2486
vn 0.2845 0.9385 0.1956
vn 0.2260 0.6345 0.7391
vn 0.2326 0.6144 0.7539
vn 0.0760 0.9273 0.3665
vn -0.3832 -0.2415 0.8915
vn -0.4518 -0.1346 0.8819
vn -0.4536 -0.6261 0.6342
vn -0.6113 0.5582 0.5610
vn -0.3329 -0.5791 0.7441
vn 0.6096 0.3292 0.7211
vn 0.0732 -0.2389 0.9683
vn -0.3432 -0.3510 0.8712
vn -0.0097 0.4848 0.8746
vn 0.8735 0.1991 0.4442
vn 0.7159 0.3356 0.6122
vn -0.0858 -0.0095 0.9963
vn -0.1167 0.0107 0.9931
vn 0.7134 0.3612 0.6005
vn -0.3177 -0.2520 0.9141
vn -0.0095 -0.5224 0.8527
vn 0.7373 0.3654 0.5682
vn 0.1046 0.5876 0.8024
vn 0.7151 0.6838 0.1449
vn 0.3994 0.8315 0.3863
vn 0.3626 0.7668 0.5296
vn 0.6172 0.4728 0.6289
vn 0.5404 0.0214 0.8411
vn 0.5556 0.0230 -0.8311
vn 0.5500 0.0162 -0.8350
vn 0.5666 -0.1467 -0.8108
vn 0.5834 -0.1645 -0.7953
vn 0.4606 0.4047 -0.7900
vn -0.0454 0.9974 0.0563
vn -0.4068 0.0467 0.9123
vn -0.2296 0.4450 0.8656
vn 0.4448 -0.7029 0.5550
vn 0.1062 0.9411 0.3210
vn 0.0898 -0.4307 0.8980
vn -0.1852 -0.3811 0.9058
vn 0.1085 0.8989 0.4245
vn -0.1864 -0.1835 0.9652
vn -0.2136 -0.2976 0.9305
vn -0.2153 -0.2959 0.9307
vn 0.0123 0.8400 0.5424
vn -0.5056 0.0895 0.8581
vn -0.0460 -0.1032 0.9936
vn -0.0456 -0.1038 0.9936
vn 0.4555 0.5750 0.6797
vn 0.3961 0.4968 0.7722
vn -0.0220 0.7007 0.7132
vn -0.3371 -0.3517 0.8733
vn 0.7723 0.4842 0.4112
vn -0.4649 0.1732 0.8682
vn -0.0285 0.4667 0.8840
vn 0.7455 0.4390 0.5015
vn -0.2375 0.1031 0.9659
vn 0.5786 -0.4564 0.6759
vn -0.3633 -0.2343 0.9017
vn 0.5239 -0.7793 -0.3437
vn -0.2831 0.9521 -0.1156
vn 0.9691 -0.2437 -0.0386
vn 0.9534 -0.3008 0.0225
vn -0.4122 -0.0836 0.9073
vn -0.3631 -0.1417 0.9209
vn 0.0747 0.9861 0.1481
vn 0.0211 0.9831 0.1818
vn 0.8922 -0.2262 0.3909
vn -0.0988 0.6338 0.7671
vn -0.1019 0.6397 0.7619
vn 0.4798 -0.6059 0.6346
vn 0.0642 0.9504 0.3044
vn 0.3565 -0.2839 0.8901
vn 0.2394 -0.3691 0.8980
vn -0.2340 0.8598 0.4537
vn -0.9002 -0.2088 0.3822
vn -0.2458 0.2798 0.9281
vn -0.2218 0.2575 0.9405
vn -0.5098 -0.3636 0.7797
vn -0.1236 -0.0678 0.9900
vn 0.5803 0.5261 0.6217
vn -0.0875 -0.0977 0.9914
vn -0.0664 -0.0362 0.9971
vn -0.0996 -0.0444 0.9940
vn 0.8252 0.4170 0.3810
vn 0.1118 0.4429 0.8896
vn -0.4203 -0.4301 0.7990
vn 0.5938 0.6166 0.5170
vn -0.4625 -0.2144 0.8603
vn 0.8916 -0.2594 -0.3710
vn 0.8850 -0.2331 -0.4031
vn 0.9682 -0.2489 -0.0254
vn -0.0223 0.9643 0.2637
vn -0.4238 0.0251 0.9054
vn 0.9609 -0.2435 0.1322
vn 0.0230 0.7228 0.6907
vn 0.2568 -0.4583 0.8509
vn -0.5484 -0.1061 0.8294
vn 0.5347 0.7108 0.4570
vn 0.7677 0.6339 0.0939
vn 0.0723 -0.2405 0.9680
vn -0.2416 -0.4087 0.8801
vn 0.3854 0.5569 0.7358
vn -0.3457 0.1314 0.9291
vn -0.3871 0.3394 0.8573
vn 0.4116 -0.6337 0.6550
vn -0.3502 -0.0882 0.9325
vn 0.4822 0.4432 0.7557
vn -0.1905 -0.5255 0.8292
vn 0.5442 0.5916 0.5949
vn -0.2038 0.2232 0.9532
vn -0.4448 0.6933 -0.5670
vn -0.4190 0.8094 -0.4115
vn 0.9523 -0.3012 -0.0484
vn -0.1561 0.9812 0.1133
vn -0.3385 0.5546 0.7602
vn 0.0719 0.7222 0.6879
vn 0.0209 -0.2711 0.9623
vn -0.2973 0.9176 0.2638
vn 0.0233 -0.3069 0.9515
vn -0.3447 0.8456 0.4076
vn 0.0130 0.2066 0.9783
vn 0.1678 0.8686 0.4662
vn -0.1767 -0.2681 0.9471
vn -0.0362 -0.3263 0.9446
vn 0.2284 0.8411 0.4903
vn -0.2434 -0.1569 0.9571
vn -0.2667 0.7507 0.6044
vn -0.1476 -0.4864 0.8612
vn -0.0786 -0.1944 0.9778
vn -0.3724 -0.1783 0.9108
vn 0.2456 0.6025 0.7594
vn 0.0778 -0.1891 0.9789
vn 0.1036 -0.2988 0.9487
vn 0.0764 -0.1654 -0.9833
vn 0.0917 0.6178 -0.7810
vn -0.4818 0.7946 -0.3694
vn -0.4006 0.8983 -0.1803
vn -0.4991 0.8614 -0.0944
vn -0.4110 0.9114 0.0187
vn -0.3131 0.9422 0.1191
vn -0.5565 0.2300 0.7984
vn 0.9490 -0.2841 0.1366
vn 0.9471 -0.3016 0.1096
vn 0.8138 -0.2095 0.5421
vn -0.1893 0.9055 0.3797
vn 0.7912 -0.1740 0.5862
vn -0.1995 0.8512 0.4855
vn 0.4718 -0.1444 0.8698
vn -0.1968 0.7781 0.5965
vn -0.4002 0.1468 0.9046
vn -0.5454 -0.0471 0.8369
vn -0.5355 -0.1069 0.8377
vn -0.5698 0.2279 0.7896
vn -0.1907 -0.0808 0.9783
vn -0.3547 0.4971 0.7919
vn 0.2210 0.6308 0.7438
vn -0.2546 0.5522 0.7939
vn 0.0824 -0.1924 0.9778
vn 0.5165 -0.7987 0.3088
vn 0.0749 -0.1483 0.9861
vn 0.4115 0.6230 0.6653
vn -0.6208 0.5932 -0.5125
vn 0.9517 -0.3047 -0.0376
vn -0.2719 0.9623 0.0100
vn -0.2964 0.5967 0.7457
vn -0.2499 0.9641 0.0897
vn -0.3009 0.9373 0.1759
vn -0.2966 0.6210 0.7255
vn -0.2153 0.7106 0.6698
vn -0.2739 0.9135 0.3010
vn 0.2550 -0.1724 0.9515
vn 0.2470 -0.1374 0.9592
vn -0.3303 -0.3318 0.8836
vn -0.3578 -0.3859 0.8503
vn -0.2912 -0.3033 0.9073
vn -0.4368 0.6989 0.5663
vn -0.1053 -0.4103 0.9058
vn -0.2463 -0.4328 0.8672
vn -0.4444 -0.1982 0.8736
vn -0.0627 -0.1450 0.9874
vn 0.4243 -0.7437 0.5166
vn -0.1361 -0.1977 0.9708
vn -0.4282 0.4289 0.7954
vn -0.4928 0.1852 0.8502
vn 0.0222 -0.0848 0.9962
vn 0.3692 0.6985 0.6130
vn -0.1453 -0.1230 0.9817
vn 0.8803 -0.2452 -0.4062
vn 0.8900 -0.2769 -0.3624
vn -0.7771 0.3588 0.5171
vn 0.8013 -0.2634 0.5372
vn 0.4376 -0.1185 0.8913
vn -0.7445 -0.1835 0.6419
vn -0.1531 -0.1141 0.9816
vn -0.4662 0.5353 0.7043
vn -0.5334 0.7200 0.4440
vn 0.5725 -0.5833 0.5762
vn -0.2847 -0.1749 0.9425
vn -0.3309 -0.0751 0.9407
vn -0.3234 -0.0420 0.9453
vn -0.0019 0.6497 0.7602
vn -0.5278 0.5118 0.6779
vn 0.1209 0.6680 0.7343
vn 0.1617 -0.6566 0.7367
vn 0.2076 0.7760 0.5956
vn -0.4974 0.7993 -0.3372
vn 0.3110 -0.9156 -0.2548
vn -0.1943 -0.8585 0.4747
vn 0.9606 -0.2717 -0.0590
vn 0.1505 -0.6544 0.7410
vn -0.2702 0.5902 0.7607
vn 0.9614 -0.2723 0.0404
vn 0.9608 -0.2627 0.0886
vn -0.4968 0.6348 0.5918
vn 0.3976 -0.0829 0.9138
vn -0.3252 -0.4037 0.8551
vn -0.1060 -0.0984 0.9895
vn -0.2624 0.6941 0.6704
vn -0.5080 0.0208 0.8611
vn -0.3284 -0.0320 0.9440
vn -0.5226 -0.3233 0.7889
vn -0.6135 -0.2132 0.7604
vn -0.3061 -0.2458 0.9197
vn -0.6785 -0.0206 0.7343
vn -0.0067 0.7878 0.6159
vn -0.0932 -0.3667 0.9257
vn -0.2977 0.5470 0.7824
vn -0.1509 -0.0561 0.9869
vn -0.4143 -0.6042 0.6807
vn -0.5704 0.7738 -0.2755
vn -0.5681 0.7569 0.3229
vn -0.5254 0.5105 0.6808
vn -0.5806 0.8072 -0.1061
vn -0.2098 -0.3197 0.9240
vn 0.3065 -0.6708 0.6754
vn -0.5680 0.7383 0.3636
vn 0.4156 -0.1475 0.8975
vn -0.5041 0.6772 0.5361
vn -0.5040 0.6458 0.5735
vn 0.0666 -0.0017 0.9978
vn -0.5653 -0.3969 0.7231
vn -0.6224 -0.0062 0.7827
vn -0.6801 0.0468 0.7317
vn -0.3640 0.2837 0.8872
vn -0.3157 -0.0258 0.9485
vn 0.2145 0.7759 0.5932
vn -0.3642 0.1646 0.9167
vn 0.4986 -0.1333 -0.8565
vn 0.5972 -0.1915 -0.7789
vn 0.8860 -0.2852 -0.3656
vn -0.7110 -0.6774 -0.1887
vn -0.6834 0.7027 0.1977
vn -0.7344 0.6328 -0.2454
vn 0.9592 -0.2747 -0.0674
vn -0.6778 -0.6305 0.3782
vn -0.6766 0.7356 -0.0334
vn -0.4019 -0.3157 0.8596
vn -0.6762 0.7345 0.0582
vn -0.6434 0.7568 0.1153
vn 0.8316 -0.2723 0.4841
vn -0.6163 0.7264 0.3042
vn 0.7992 -0.2472 0.5478
vn 0.3912 -0.1470 0.9085
vn 0.0637 -0.1381 0.9884
vn 0.2847 -0.0640 0.9565
vn -0.6474 -0.0095 0.7621
vn -0.3425 -0.1432 0.9285
vn -0.5551 -0.1109 0.8243
vn -0.5257 -0.2769 0.8044
vn -0.4085 -0.3372 0.8482
vn -0.4664 0.3950 0.7915
vn -0.4880 -0.0201 0.8726
vn -0.3599 -0.1169 0.9256
vn -0.3618 -0.1413 0.9215
vn -0.2293 0.9010 -0.3682
vn 0.8858 -0.2625 -0.3827
vn 0.9689 -0.2421 0.0518
vn -0.7416 0.6640 -0.0955
vn -0.2808 -0.4759 0.8334
vn -0.1799 0.7237 0.6662
vn 0.2804 -0.9538 -0.1079
vn -0.3651 0.6768 0.6393
vn -0.6930 0.3649 0.6217
vn -0.7587 0.1758 0.6272
vn -0.3839 -0.1156 0.9161
vn 0.2066 -0.0156 0.9783
vn -0.4147 -0.0207 0.9097
vn -0.3808 -0.0468 0.9235
vn -0.1711 0.8176 0.5497
vn -0.4557 -0.1960 0.8683
vn 0.0373 0.8280 0.5595
vn -0.5680 -0.0374 0.8222
vn -0.4052 0.0744 -0.9112
vn 0.9009 -0.2431 -0.3595
vn 0.9686 -0.2316 -0.0910
vn 0.9685 -0.2325 -0.0888
vn -0.7780 -0.5249 0.3454
vn 0.9544 -0.2699 0.1278
vn -0.2657 0.7815 0.5645
vn -0.2693 0.0510 0.9617
vn -0.7298 -0.3409 0.5926
vn -0.5526 0.3022 0.7768
vn 0.0468 0.7994 0.5989
vn -0.6610 0.0464 0.7490
vn -0.5758 0.1689 0.8000
vn -0.5935 0.5774 -0.5607
vn 0.9058 -0.2139 -0.3659
vn 0.9665 -0.1666 -0.1950
vn 0.9719 0.0978 -0.2140
vn -0.2467 0.9326 0.2635
vn -0.1980 0.9256 0.3226
vn 0.9488 0.3055 -0.0806
vn 0.9305 -0.3308 0.1570
vn -0.1278 0.7837 0.6078
vn 0.9690 -0.1229 0.2145
vn 0.9306 -0.3206 0.1767
vn 0.8194 -0.2508 0.5154
vn -0.3405 0.6065 0.7185
vn 0.8339 -0.2667 0.4831
vn -0.4516 0.6726 0.5862
vn 0.4668 -0.2429 0.8503
vn -0.3968 -0.2177 0.8917
vn -0.3071 -0.0345 0.9510
vn 0.2927 -0.0939 0.9516
vn -0.0693 0.8416 0.5357
vn -0.6688 0.3848 0.6361
vn -0.0667 0.8371 0.5429
vn -0.7490 0.1422 0.6471
vn -0.6394 0.0474 0.7674
vn -0.7458 -0.1061 0.6576
vn 0.9154 -0.1995 -0.3498
vn 0.8509 0.4247 -0.3091
vn 0.9511 -0.2080 -0.2283
vn -0.9197 0.1417 -0.3661
vn 0.9296 -0.3382 0.1468
vn 0.9738 -0.2169 0.0680
vn 0.9194 -0.3899 0.0519
vn -0.9458 0.2616 -0.1924
vn -0.9493 -0.2658 0.1682
vn 0.9404 -0.1936 0.2796
vn 0.9349 -0.3102 0.1722
vn 0.7548 -0.2996 0.5835
vn -0.1575 0.5692 0.8070
vn 0.7882 -0.3697 0.4919
vn 0.4511 -0.2250 0.8636
vn -0.9152 0.1233 0.3837
vn -0.9019 0.0908 0.4223
vn -0.7700 -0.4620 0.4400
vn 0.3751 -0.1892 0.9075
vn 0.3951 -0.2209 0.8917
vn -0.6000 0.2139 0.7709
vn -0.5465 0.1139 0.8297
vn -0.2480 0.0644 0.9666
vn -0.2514 0.8435 0.4747
vn -0.8415 -0.1139 0.5281
vn 0.8525 0.1565 -0.4987
vn 0.8348 0.0488 -0.5483
vn 0.8895 -0.2115 -0.4052
vn -0.6280 0.5534 -0.5471
vn -0.1304 0.9393 0.3173
vn 0.8364 -0.4197 0.3526
vn -0.1898 0.7223 0.6650
vn 0.8234 -0.4970 0.2737
vn 0.7155 -0.4398 0.5428
vn -0.9853 0.0838 0.1487
vn -0.5903 0.4013 0.7003
vn -0.2629 0.8643 0.4288
vn -0.1848 0.1442 0.9721
vn -0.1102 0.0511 0.9926
vn -0.9346 0.2213 0.2786
vn -0.8552 0.1589 0.4933
vn -0.7288 0.5217 0.4436
vn 0.9578 -0.1658 -0.2350
vn 0.9606 -0.0165 -0.2773
vn 0.9373 0.3480 -0.0193
vn 0.8346 0.5469 -0.0652
vn 0.9810 -0.1643 -0.1028
vn 0.9782 -0.2062 -0.0240
vn 0.9792 -0.1496 -0.1368
vn 0.9813 -0.1727 0.0846
vn 0.9292 0.3532 0.1090
vn 0.9616 -0.2405 -0.1322
vn 0.9293 0.3528 0.1093
vn 0.9716 -0.2065 0.1156
vn 0.8445 0.4516 0.2880
vn -0.6630 0.6904 0.2895
vn 0.2974 -0.2405 0.9240
vn -0.9161 0.3435 0.2069
vn -0.5248 -0.0099 0.8512
vn -0.5227 -0.1861 0.8320
vn -0.1478 -0.0410 0.9882
vn 0.7642 0.5543 -0.3297
vn 0.8008 0.4379 -0.4086
vn 0.8602 0.0173 -0.5097
vn 0.5463 0.5740 -0.6100
vn -0.2367 0.8507 -0.4693
vn 0.9566 -0.2315 0.1772
vn 0.9071 -0.2268 0.3547
vn 0.9064 -0.2253 0.3574
vn 0.8671 0.4113 0.2810
vn 0.8081 0.3695 0.4587
vn 0.8472 -0.4413 0.2959
vn 0.7410 -0.4469 0.5012
vn -0.0366 0.7414 0.6701
vn 0.7160 -0.5581 0.4193
vn -0.0216 0.4578 0.8888
vn 0.6261 -0.4796 0.6148
vn -0.8441 0.4376 0.3099
vn 0.5539 -0.3754 0.7432
vn 0.3943 -0.2341 0.8887
vn -0.7403 0.2880 0.6075
vn 0.3050 -0.1967 0.9318
vn -0.5645 -0.3269 0.7580
vn -0.5589 0.0639 0.8267
vn -0.1585 0.0302 0.9869
vn -0.1700 -0.0204 0.9852
vn -0.1720 -0.1307 0.9764
vn 0.9253 -0.1065 -0.3640
vn 0.7321 0.4756 -0.4877
vn -0.0453 0.9637 0.2630
vn 0.7940 0.1604 0.5864
vn 0.7396 -0.1966 0.6437
vn -0.0695 0.7514 0.6562
vn -0.8779 0.4782 -0.0243
vn -0.0945 0.4326 0.8966
vn -0.6088 0.2465 0.7541
vn -0.7641 0.2635 0.5888
vn -0.5383 -0.0893 0.8380
vn -0.5482 -0.0251 0.8360
vn -0.5014 0.1442 0.8531
vn 0.8653 0.1021 -0.4908
vn 0.6505 0.6434 -0.4037
vn 0.8950 -0.1733 -0.4110
vn 0.3441 0.7796 -0.5233
vn 0.9518 -0.1967 -0.2355
vn 0.9544 -0.2126 -0.2098
vn 0.9711 -0.2370 -0.0296
vn 0.9744 -0.2232 0.0280
vn 0.9572 -0.2398 0.1622
vn 0.8676 -0.2577 0.4254
vn -0.0887 -0.4770 0.8744
vn 0.7136 -0.2132 0.6673
vn 0.0906 -0.5699 0.8167
vn -0.2300 -0.1199 0.9658
vn -0.2028 -0.1867 0.9613
vn -0.2232 -0.1734 0.9592
vn -0.1965 -0.0978 0.9756
vn 0.8507 0.0863 -0.5185
vn 0.8284 -0.1635 -0.5358
vn -0.1538 0.9504 -0.2704
vn 0.9021 -0.1699 -0.3966
vn 0.9443 -0.2358 -0.2295
vn -0.0106 0.5474 -0.8368
vn -0.9249 0.2748 -0.2628
vn -0.1926 0.7130 0.6742
vn 0.3811 0.7652 0.5190
vn -0.2602 0.0207 0.9653
vn -0.2119 -0.2788 0.9367
vn 0.0424 -0.2864 0.9572
vn -0.1990 -0.1064 0.9742
vn -0.1238 0.0724 0.9897
vn -0.0740 -0.3453 0.9356
vn -0.4776 0.1722 0.8616
vn -0.5365 0.0855 0.8395
vn -0.2221 0.8966 -0.3830
vn 0.8311 -0.2415 -0.5010
vn 0.2616 0.8744 -0.4086
vn 0.8315 -0.2421 -0.5000
vn 0.9596 -0.2800 0.0259
vn 0.9618 -0.2553 0.0983
vn 0.9247 -0.2757 0.2625
vn 0.9262 -0.2798 0.2528
vn 0.8696 -0.2618 0.4186
vn -0.4015 0.8974 0.1828
vn 0.6935 -0.2129 0.6883
vn 0.1090 -0.3779 0.9194
vn 0.1481 -0.3466 0.9262
vn 0.7044 -0.2323 0.6707
vn 0.3590 0.5365 0.7637
vn 0.3230 -0.1328 0.9370
vn 0.2619 -0.4731 0.8412
vn -0.8113 0.1981 0.5501
vn -0.5448 0.0989 0.8327
vn -0.5684 0.0245 0.8224
vn 0.4890 -0.2901 -0.8227
vn 0.8152 -0.2644 -0.5152
vn 0.9137 -0.2857 -0.2891
vn 0.9808 0.1651 -0.1040
vn -0.9017 0.0744 -0.4259
vn -0.4286 0.8760 0.2211
vn -0.3812 0.7705 0.5109
vn -0.3611 0.4272 0.8289
vn 0.2258 -0.1704 0.9592
vn 0.2295 -0.1766 0.9572
vn 0.0237 -0.4738 0.8803
vn -0.2433 -0.2661 0.9328
vn -0.3300 -0.0767 0.9409
vn -0.3156 0.7512 -0.5798
vn -0.3991 0.8258 -0.3984
vn 0.7746 0.0069 -0.6324
vn 0.9183 -0.3488 -0.1870
vn 0.9266 -0.2800 -0.2510
vn 0.9848 -0.0773 -0.1555
vn -0.3635 0.6946 -0.6208
vn 0.9531 -0.2877 0.0936
vn 0.9511 -0.2988 0.0783
vn 0.9248 0.3739 0.0708
vn 0.9813 0.1674 0.0953
vn 0.9520 0.2829 0.1169
vn 0.8229 -0.2763 0.4965
vn 0.5890 -0.2509 0.7682
vn 0.4344 -0.2432 0.8673
vn 0.2164 0.7346 0.6431
vn -0.2883 -0.3250 0.9007
vn -0.8320 0.1933 0.5200
vn -0.5028 -0.0113 0.8643
vn -0.8326 0.1239 0.5398
vn -0.3170 0.8338 -0.4520
vn -0.0175 0.7498 -0.6615
vn 0.8008 0.4684 -0.3733
vn -0.0791 0.8779 -0.4722
vn 0.7492 -0.1850 -0.6360
vn 0.8621 0.5052 0.0400
vn 0.9221 0.3809 -0.0690
vn 0.8723 -0.3854 -0.3008
vn 0.8976 -0.2675 -0.3504
vn 0.9091 -0.4151 0.0359
vn 0.9183 -0.3705 0.1395
vn 0.9160 -0.2604 0.3053
vn 0.8763 0.3883 0.2851
vn 0.9507 -0.1224 0.2850
vn 0.9170 -0.3340 0.2179
vn -0.5589 0.7306 -0.3924
vn 0.2918 -0.0796 0.9532
vn -0.3541 0.1213 0.9273
vn -0.2832 -0.3346 0.8988
vn -0.5851 0.0282 0.8104
vn -0.8725 0.0788 0.4821
vn -0.3522 0.8174 -0.4558
vn 0.5842 0.7067 -0.3991
vn 0.9171 -0.0203 -0.3982
vn 0.9927 -0.0275 -0.1172
vn 0.8770 -0.3082 -0.3685
vn 0.9970 0.0549 -0.0537
vn 0.9858 -0.0508 -0.1598
vn 0.9635 0.0256 -0.2666
vn 0.9596 0.0566 -0.2755
vn -0.5964 0.3902 -0.7014
vn 0.9677 0.0503 0.2470
vn 0.9728 0.0940 0.2119
vn 0.9790 0.0113 0.2035
vn 0.9811 -0.1487 0.1239
vn 0.9817 -0.0872 0.1695
vn 0.9570 -0.0768 0.2797
vn 0.9172 -0.0731 0.3918
vn 0.8378 -0.4524 0.3057
vn 0.7596 -0.3996 0.5132
vn 0.7972 0.2691 0.5405
vn 0.7197 -0.3974 0.5693
vn 0.8417 0.3030 0.4469
vn 0.7758 0.3738 0.5083
vn 0.4701 -0.1429 0.8710
vn 0.5898 -0.2158 0.7782
vn -0.5029 0.6214 0.6008
vn 0.4372 -0.6631 0.6077
vn -0.5045 0.5920 0.6286
vn -0.2981 -0.3359 0.8935
vn 0.1067 0.9581 0.2658
vn 0.0267 0.0177 0.9995
vn 0.1300 -0.1447 0.9809
vn -0.6452 -0.1911 0.7397
vn -0.9086 -0.0325 0.4163
vn -0.5174 0.5617 0.6456
vn -0.2600 0.7596 -0.5961
vn 0.7415 0.1606 -0.6514
vn 0.8592 0.0545 -0.5088
vn 0.9019 0.1330 -0.4109
vn 0.9890 0.1266 -0.0766
vn 0.9865 0.1215 -0.1095
vn 0.9709 0.0619 -0.2313
vn 0.9635 0.1126 0.2430
vn 0.9778 -0.0136 0.2092
vn 0.9808 -0.0019 0.1950
vn 0.9552 0.0882 0.2827
vn 0.9105 0.1504 0.3852
vn 0.7847 -0.5988 0.1604
vn -0.6797 0.6101 -0.4072
vn -0.6847 0.6054 -0.4057
vn 0.8074 -0.5145 0.2888
vn 0.9362 -0.0085 0.3513
vn 0.9358 0.0275 0.3513
vn -0.6030 0.7941 0.0762
vn 0.6983 -0.3281 0.6362
vn 0.6866 0.2647 0.6772
vn 0.4252 -0.2123 0.8799
vn 0.5263 -0.2280 0.8192
vn -0.4496 0.4708 0.7591
vn 0.0704 -0.1815 0.9809
vn -0.3554 0.1194 0.9271
vn 0.2450 -0.0815 0.9661
vn -0.6535 -0.0023 0.7569
vn 0.0258 0.6122 -0.7903
vn 0.6053 -0.0315 -0.7953
vn -0.3204 0.6254 -0.7115
vn 0.7395 0.0508 -0.6713
vn 0.7322 0.2272 -0.6420
vn -0.2368 0.8309 -0.5034
vn -0.2693 0.8937 -0.3588
vn 0.7707 0.1740 -0.6129
vn -0.4890 0.8316 -0.2635
vn 0.9485 -0.2001 0.2457
vn 0.9236 -0.0093 0.3834
vn 0.9344 0.0466 0.3532
vn 0.9219 0.0784 0.3795
vn 0.8833 0.2042 0.4219
vn 0.9091 -0.0171 0.4163
vn -0.4284 -0.2725 0.8616
vn -0.1985 -0.5019 0.8418
vn -0.7426 0.6455 -0.1786
vn 0.6496 0.2039 0.7324
vn 0.7998 0.1635 0.5776
vn 0.2646 -0.2166 0.9397
vn 0.3058 0.3272 0.8941
vn -0.6176 -0.1698 0.7679
vn -0.6549 -0.1125 0.7473
vn -0.0462 0.9799 0.1942
vn -0.0611 -0.1219 0.9907
vn -0.1214 0.1210 0.9852
vn -0.0455 -0.1637 0.9855
vn 0.0086 0.6281 -0.7781
vn 0.5520 0.1317 -0.8234
vn -0.6214 0.7750 -0.1154
vn 0.9305 -0.1845 0.3164
vn 0.9345 -0.1421 0.3262
vn 0.9426 0.0586 0.3288
vn 0.7970 0.1410 0.5873
vn 0.9817 0.0946 0.1651
vn -0.6245 0.7728 0.1126
vn 0.2827 0.2882 0.9149
vn 0.3465 -0.2814 0.8948
vn 0.5261 0.2004 0.8265
vn 0.1140 -0.1333 0.9845
vn 0.0918 -0.1403 0.9858
vn 0.2108 -0.1164 0.9706
vn 0.9818 0.1128 0.1526
vn 0.9745 -0.0951 0.2032
vn -0.5003 0.5385 0.6781
vn -0.0977 0.9717 0.2152
vn -0.1148 0.3175 0.9413
vn 0.9883 -0.0073 0.1521
vn 0.6823 0.6212 -0.3855
vn 0.3533 -0.0161 -0.9354
vn -0.4383 0.6236 -0.6474
vn -0.4249 0.8425 -0.3312
vn -0.4035 0.8418 -0.3585
vn -0.3698 -0.2893 0.8829
vn 0.8372 0.0952 0.5385
vn 0.8965 -0.2626 0.3569
vn 0.9088 0.2628 0.3241
vn 0.5631 0.0254 0.8260
vn 0.3647 -0.1706 0.9154
vn 0.4478 -0.1554 0.8805
vn 0.6467 0.2923 0.7045
vn -0.3344 0.9173 0.2161
vn 0.9073 0.2806 0.3131
vn -0.3299 0.9203 0.2102
vn 0.9386 0.2714 0.2130
vn 0.0092 0.1077 0.9941
vn -0.5046 -0.0208 0.8631
vn -0.2689 -0.0794 0.9599
vn 0.9667 0.0500 0.2509
vn 0.3019 0.6067 -0.7354
vn 0.6820 0.6207 -0.3867
vn 0.3716 0.8723 -0.3180
vn -0.5661 0.8139 -0.1306
vn -0.2810 -0.1672 0.9450
vn -0.2310 0.3609 0.9035
vn 0.9035 -0.2380 0.3565
vn -0.1787 -0.1246 0.9760
vn 0.6764 -0.0051 0.7365
vn -0.8287 0.1645 0.5350
vn -0.7673 0.0558 0.6389
vn -0.5331 -0.0680 0.8433
vn 0.7783 0.4192 0.4675
vn 0.2040 -0.2408 0.9489
vn 0.2278 -0.3112 0.9226
vn 0.8525 0.4730 0.2225
vn 0.7161 0.5709 0.4017
vn 0.9508 0.0359 0.3077
vn 0.9565 0.0210 0.2910
vn 0.0676 0.8669 -0.4938
vn -0.4540 0.3934 -0.7994
vn 0.1212 0.9316 -0.3428
vn -0.6577 0.6583 -0.3660
vn -0.7423 0.6116 -0.2738
vn -0.4468 0.8815 -0.1528
vn -0.3844 0.9217 0.0517
vn -0.5887 0.8083 -0.0046
vn -0.6272 0.7717 0.1058
vn -0.5177 -0.1090 0.8486
vn 0.6260 0.2094 0.7511
vn 0.8505 -0.2108 0.4820
vn 0.7381 0.2145 0.6397
vn 0.7409 0.4689 0.4808
vn 0.7558 0.6051 0.2503
vn 0.8620 0.3394 0.3766
vn -0.2454 0.9597 -0.1366
vn -0.4890 0.3734 -0.7884
vn -0.2657 0.4491 -0.8530
vn -0.4706 0.8262 0.3098
vn -0.4604 -0.0010 0.8877
vn -0.2321 0.3590 0.9040
vn -0.0672 0.0229 0.9975
vn -0.0841 0.0538 0.9950
vn 0.2016 0.2919 0.9350
vn 0.0119 0.2423 0.9701
vn 0.2152 0.2581 0.9418
vn 0.3495 0.2996 0.8877
vn 0.2019 -0.4050 0.8917
vn 0.3785 0.5427 0.7498
vn 0.8562 0.3321 0.3958
vn 0.8829 0.0063 0.4695
vn 0.8271 -0.1087 0.5515
vn -0.1517 0.8517 -0.5015
vn -0.2701 0.9520 -0.1440
vn 0.1414 0.4954 0.8571
vn -0.4006 0.7658 0.5031
vn 0.9574 0.2438 -0.1547
vn -0.9668 -0.0208 0.2545
vn 0.5319 -0.0405 0.8458
vn -0.2018 0.3157 0.9272
vn 0.3949 0.8113 0.4311
vn 0.4498 0.5919 0.6688
vn 0.3747 0.8072 0.4562
vn 0.3243 0.9215 0.2136
vn 0.5571 0.7753 0.2977
vn 0.7101 0.5200 0.4747
vn -0.3046 0.9453 -0.1163
vn -0.6835 0.4480 -0.5763
vn -0.4092 0.2542 -0.8763
vn -0.2366 0.9481 0.2123
vn -0.6696 0.5357 -0.5145
vn -0.1256 0.9893 -0.0747
vn -0.1720 0.9745 -0.1440
vn -0.3275 0.9229 0.2025
vn -0.9541 0.2883 -0.0812
vn -0.7324 0.0245 0.6804
vn -0.0964 -0.2338 0.9675
vn 0.7708 0.6347 0.0548
vn 0.9620 -0.0102 -0.2729
vn -0.7531 0.0245 0.6574
vn -0.7134 0.2569 0.6519
vn -0.7075 -0.0825 0.7018
vn -0.5245 0.4795 0.7035
vn -0.5209 0.3378 0.7839
vn -0.4381 0.1071 0.8925
vn -0.3862 0.2352 0.8919
vn -0.4610 0.5396 0.7045
vn -0.3110 0.3334 0.8900
vn -0.0363 0.0748 0.9965
vn 0.0153 -0.0495 0.9987
vn 0.6719 0.4477 0.5900
vn 0.7301 0.0243 0.6829
vn -0.7067 0.3370 -0.6221
vn -0.6304 0.3494 -0.6932
vn -0.5748 0.4426 -0.6883
vn -0.6042 0.4351 -0.6676
vn -0.7537 0.6209 -0.2154
vn -0.4390 0.0922 0.8938
vn -0.5334 -0.0758 0.8424
vn -0.0520 -0.1492 0.9874
vn 0.8005 -0.4590 0.3854
vn -0.4628 0.2938 0.8364
vn -0.3191 0.3560 0.8783
vn -0.0317 0.2112 0.9769
vn -0.1067 0.6896 0.7162
vn 0.0169 0.8745 0.4847
vn 0.0664 0.9862 0.1517
vn 0.1762 0.9623 0.2070
vn -0.7609 0.5767 -0.2974
vn 0.4509 -0.8924 0.0183
vn -0.8760 0.3553 -0.3261
vn -0.7814 0.5599 -0.2757
vn -0.0241 -0.8257 0.5636
vn -0.9245 0.3785 0.0445
vn -0.6930 0.6777 0.2459
vn -0.0316 0.9994 -0.0105
vn -0.0477 0.9988 0.0056
vn -0.8774 0.3248 0.3531
vn -0.1497 0.0515 0.9874
vn -0.1411 0.0316 0.9895
vn -0.5575 0.8299 0.0205
vn -0.3969 0.6069 0.6886
vn -0.2197 0.4471 0.8671
vn -0.1977 0.2862 0.9376
vn 0.1028 0.8144 0.5711
vn 0.3838 -0.0210 0.9232
vn -0.8731 0.4844 0.0559
vn -0.8325 0.4852 0.2673
vn -0.3693 0.5644 -0.7383
vn -0.9021 0.2345 0.3622
vn 0.1358 -0.3819 0.9142
vn 0.0763 0.8982 0.4330
vn 0.2792 0.5913 0.7566
vn 0.3187 0.5542 0.7689
vn 0.3327 0.0282 0.9426
vn 0.3885 -0.3361 0.8580
vn -0.4586 0.7824 -0.4213
vn -0.5180 0.8480 0.1116
vn 0.2380 -0.6724 0.7008
vn -0.7063 0.5301 0.4692
vn -0.2067 0.2865 0.9355
vn 0.0082 -0.1302 0.9915
vn 0.0545 -0.2618 0.9636
vn -0.5636 0.7005 0.4378
vn -0.2922 0.9473 0.1311
vn -0.6448 0.5896 0.4865
vn -0.3258 0.9385 0.1143
vn -0.2787 0.8738 0.3984
vn -0.4692 0.6800 0.5634
vn -0.3807 0.0026 0.9247
vn -0.4513 0.8923 -0.0119
vn -0.2602 0.3608 0.8956
vn -0.1987 0.1377 0.9703
vn -0.6805 0.7234 0.1169
vn -0.7853 0.5604 0.2633
vn -0.6705 0.5456 0.5028
vn 0.3667 -0.8072 -0.4625
vn -0.3611 0.6715 0.6471
vn -0.3600 0.6048 0.7104
vn -0.2105 0.7454 -0.6326
vn 0.3163 -0.7160 0.6223
vn -0.0953 0.2002 0.9751
vn -0.0015 -0.2711 0.9626
vn -0.3219 0.8675 -0.3793
vn 0.1756 -0.5275 0.8312
vn 0.0425 -0.1045 0.9936
vn 0.7235 -0.3734 -0.5806
vn -0.3041 0.9300 0.2065
vn 0.3251 -0.5544 0.7661
vn -0.2615 0.3307 0.9068
vn 0.5029 0.4287 -0.7505
vn -0.1976 0.8471 -0.4933
vn 0.0165 -0.0860 0.9962
vn 0.1067 0.9103 -0.3999
vn 0.0216 0.8593 -0.5110
vn 0.0148 0.9541 -0.2992
vn -0.2341 0.9632 0.1320
vn -0.0634 0.3631 0.9296
vn -0.1321 0.1937 0.9721
vn -0.3075 -0.5196 0.7972
vn -0.1396 0.9765 -0.1645
vn -0.1677 0.6606 0.7317
vn -0.1475 0.6416 0.7527
vn 0.2821 -0.5782 0.7656
vn -0.1294 0.9635 0.2344
vn -0.0543 0.2149 0.9751
vn 0.1846 -0.2936 0.9379
vn 0.2170 -0.4363 0.8732
vn -0.2658 0.5609 -0.7841
vn -0.3768 0.9112 -0.1663
vn -0.3558 0.9130 0.1993
vn -0.0501 0.2363 0.9704
vn -0.3955 0.7973 -0.4559
vn -0.4203 0.8625 -0.2818
vn -0.2603 0.6090 0.7493
vn -0.2229 0.5859 0.7792
vn -0.3682 0.8995 0.2353
vn -0.0272 0.2317 0.9724
vn 0.1784 -0.1338 0.9748
vn -0.1780 0.6931 0.6986
vn -0.0000 0.3862 0.9224
vn -0.4621 0.5174 -0.7202
vn -0.5081 0.8070 -0.3011
vn 0.2399 -0.4245 0.8731
vn 0.0524 0.1009 0.9935
vn 0.2896 -0.7845 0.5483
vn -0.3821 0.8983 0.2169
vn -0.4442 0.7889 -0.4246
vn -0.4761 0.8737 -0.1003
vn 0.1008 0.1518 0.9833
vn 0.1921 -0.2971 0.9353
vn -0.3197 0.7587 0.5676
vn -0.4293 0.4577 -0.7786
vn -0.3981 0.9044 -0.1535
vn -0.2419 0.8077 0.5378
vn -0.0320 0.4029 0.9147
vn 0.1579 -0.2753 0.9483
vn -0.4842 0.8154 -0.3172
vn -0.3687 0.8739 0.3169
vn -0.1665 0.6201 0.7667
vn 0.2433 -0.2066 0.9477
vn -0.0293 0.3930 0.9191
vn 0.0925 0.1576 0.9832
vn -0.3163 0.8810 0.3519
vn 0.1098 0.0600 0.9921
vn 0.3265 -0.3947 0.8588
vn 0.2281 -0.5494 0.8039
vn -0.4715 0.8184 -0.3285
vn -0.4285 0.5094 -0.7463
vn -0.4198 0.8658 -0.2723
vn -0.3165 0.8807 0.3523
vn 0.0324 0.5483 0.8356
vn 0.2487 0.0884 0.9645
vn 0.3372 -0.3955 0.8543
vn 0.1094 0.3416 0.9335
vn 0.2783 -0.6651 0.6930
vn -0.4174 0.9011 -0.1179
vn -0.0516 0.8209 0.5687
vn 0.1102 0.3477 0.9311
vn -0.4471 0.3085 -0.8396
vn 0.4661 0.3533 0.8111
vn 0.5732 -0.5486 0.6087
vn -0.0912 0.9958 0.0067
vn 0.2995 0.5784 0.7588
vn 0.5561 -0.1474 0.8179
vn 0.5297 -0.2087 0.8221
vn 0.5358 -0.4547 0.7114
vn -0.0833 0.8140 -0.5749
vn 0.1371 0.9253 0.3535
vn 0.4888 0.4246 0.7621
vn 0.4678 -0.5630 0.6813
vn 0.4846 0.4288 0.7625
vn 0.3411 0.6920 0.6362
vn 0.4360 -0.0262 0.8996
vn 0.4555 -0.1486 0.8778
vn 0.0130 0.9682 -0.2498
vn 0.0405 0.9656 0.2567
vn -0.2284 -0.6460 0.7283
vn -0.6971 -0.0497 0.7152
vn 0.1374 0.9875 0.0776
vn -0.3299 0.1577 0.9307
vn 0.1816 0.8761 0.4465
vn 0.3137 0.7087 0.6319
vn 0.0579 0.2452 0.9677
vn 0.0237 0.7050 -0.7088
vn 0.1245 0.9885 -0.0862
vn -0.1607 0.0768 0.9840
vn -0.3674 -0.2679 0.8907
vn 0.1607 0.8778 0.4512
vn -0.1100 0.7840 0.6109
vn -0.5120 -0.1218 0.8503
vn -0.3423 -0.5617 0.7532
vn 0.4019 0.9066 0.1288
vn 0.3665 0.9267 0.0837
vn 0.1698 0.8788 -0.4460
vn -0.0547 0.2284 0.9720
vn 0.2001 -0.7421 0.6397
vn -0.1722 -0.1530 0.9731
vn -0.1446 -0.0752 0.9866
vn -0.4619 -0.3545 0.8130
vn -0.1714 0.8535 -0.4922
vn -0.2384 0.8833 -0.4037
vn 0.0003 -0.2589 0.9659
vn 0.5931 0.7852 -0.1780
vn -0.5857 -0.3074 0.7499
vn 0.6824 0.6978 0.2179
vn -0.4955 -0.0148 0.8685
vn 0.2015 -0.6070 -0.7687
vn 0.5277 -0.4528 0.7187
vn 0.8228 0.5435 -0.1664
vn 0.7142 0.6387 0.2862
vn -0.0948 0.0571 0.9939
vn 0.0564 0.1600 0.9855
vn -0.5054 0.8344 -0.2199
vn -0.4825 0.8080 -0.3382
vn -0.0277 0.0274 0.9992
vn -0.0273 0.0342 0.9990
vn -0.2009 0.3077 0.9300
vn -0.5759 0.4224 0.6999
vn -0.0256 -0.0018 0.9997
vn -0.2415 0.9639 -0.1119
vn -0.1209 0.4681 0.8754
vn 0.2992 0.1746 0.9381
vn -0.4279 -0.0656 0.9014
vn -0.2563 0.4868 0.8351
vn 0.0172 -0.1536 0.9880
vn -0.3700 0.7008 -0.6099
vn -0.6515 0.7527 -0.0945
vn 0.0112 -0.2533 0.9673
vn -0.0018 0.2603 0.9655
vn 0.0466 -0.0335 0.9984
vn 0.8359 -0.5195 -0.1770
vn -0.6541 -0.0321 0.7558
vn -0.0039 0.2845 0.9587
vn 0.5715 -0.3067 0.7611
vn 0.0489 -0.4839 0.8738
vn 0.7725 -0.5713 -0.2773
vn 0.3656 -0.1696 0.9152
vn -0.6327 0.1938 0.7497
vn -0.1309 -0.4603 0.8780
vn 0.0280 -0.0805 0.9964
vn -0.1741 -0.0150 0.9846
vn 0.0339 0.2433 0.9694
vn -0.2597 0.4551 0.8517
vn -0.0467 0.6276 0.7772
vn 0.0413 -0.2876 0.9569
vn 0.5467 -0.6136 0.5698
vn -0.0178 0.0685 0.9975
vn 0.0005 0.6887 -0.7251
vn 0.0031 0.9719 0.2355
vn 0.0442 0.2821 0.9584
vn -0.0313 0.0141 0.9994
vn -0.0108 0.7359 -0.6770
vn 0.0837 0.8651 0.4946
vn -0.0710 -0.4690 0.8804
vn 0.0104 0.9683 0.2496
vn 0.0102 0.2337 0.9723
vn -0.2884 -0.2828 0.9148
vn -0.2262 0.5324 0.8157
vn 0.0936 -0.0103 0.9956
vn -0.0955 -0.4024 0.9105
vn -0.0238 0.9978 0.0621
vn 0.0558 0.3766 0.9247
vn -0.1215 0.9539 -0.2746
vn -0.0193 0.8534 0.5209
vn 0.5505 0.2338 0.8014
vn -0.0534 0.9775 -0.2042
vn 0.1665 0.8117 0.5598
vn 0.1400 -0.6003 0.7874
vn 0.0637 -0.3005 0.9516
vn 0.2157 -0.2435 0.9456
vn 0.2067 -0.3683 0.9064
vn -0.2182 0.2468 -0.9442
vn -0.3853 0.8728 -0.2997
vn -0.3822 0.8711 -0.3084
vn -0.1958 0.7044 0.6823
vn -0.1643 0.4347 0.8855
vn -0.0145 -0.5517 0.8339
vn -0.0205 0.9969 -0.0757
vn -0.3654 -0.0388 0.9300
vn -0.1590 -0.0531 0.9858
vn -0.3166 0.9120 0.2608
vn -0.2653 0.6784 0.6851
vn -0.7727 0.6332 -0.0445
vn -0.9370 0.0468 0.3462
vn -0.2601 -0.1348 0.9561
vn -0.3745 -0.3949 0.8389
vn 0.2873 -0.6565 -0.6975
vn 0.1068 0.0941 -0.9898
vn 0.0607 -0.9978 -0.0251
vn 0.0369 -0.9772 0.2090
vn -0.2349 -0.3354 0.9123
vn 0.0898 0.0552 -0.9944
vn 0.2684 -0.6664 -0.6956
vn -0.0399 -0.9515 -0.3050
vn -0.1435 -0.8571 -0.4947
vn -0.0934 -0.3472 -0.9331
vn 0.0962 0.3211 -0.9421
vn 0.1254 -0.2080 -0.9700
vn -0.0752 -0.8760 0.4765
vn 0.0137 -0.0220 -0.9997
vn 0.0494 0.4650 -0.8839
vn 0.1631 -0.9158 0.3670
vn 0.1863 -0.8642 -0.4674
vn -0.5287 -0.8000 0.2837
vn 0.0379 -0.3158 -0.9481
vn -0.3004 -0.2176 -0.9287
vn 0.2990 -0.5113 -0.8057
vn 0.1902 -0.9379 0.2902
vn 0.2498 0.0793 0.9650
vn 0.0557 0.2455 -0.9678
vn 0.1240 -0.0924 -0.9880
vn 0.1297 -0.0497 -0.9903
vn 0.3569 -0.3127 -0.8802
vn -0.0760 -0.9533 -0.2923
vn -0.0953 -0.9496 0.2985
vn 0.1405 -0.6925 0.7076
vn 0.0901 0.6342 -0.7679
vn 0.1653 -0.1068 -0.9804
vn 0.2784 0.2058 -0.9382
vn 0.2115 0.2430 -0.9467
vn -0.6068 -0.7650 -0.2156
vn 0.2858 0.0355 -0.9576
vn 0.0281 -0.2960 -0.9548
vn -0.0081 -0.0570 -0.9983
vn 0.0552 0.2518 -0.9662
vn -0.3182 -0.3645 -0.8751
vn -0.5373 -0.8419 -0.0503
vn 0.2679 0.0289 -0.9630
vn -0.3149 -0.3523 -0.8813
vn 0.8947 0.2613 -0.3622
vn 0.3661 -0.7617 -0.5346
vn 0.0876 -0.2264 -0.9701
vn 0.0287 -0.0776 -0.9966
vn 0.3885 0.0157 -0.9213
vn -0.2649 -0.3938 -0.8802
vn 0.3143 0.3234 -0.8926
vn -0.5438 -0.8384 -0.0364
vn -0.4063 -0.6700 0.6213
vn -0.2820 -0.2625 -0.9228
vn -0.2812 -0.3428 -0.8963
vn -0.5943 -0.4348 -0.6766
vn -0.4486 -0.8890 0.0915
vn -0.8638 -0.3771 0.3342
vn 0.3387 0.7673 -0.5446
vn -0.0486 0.1275 -0.9906
vn -0.2687 -0.7365 -0.6208
vn -0.2976 0.6867 -0.6632
vn 0.2278 -0.1001 -0.9685
vn -0.4547 -0.4518 -0.7676
vn 0.7239 -0.6887 0.0413
vn -0.0208 0.0568 0.9982
vn -0.7376 -0.6317 0.2386
vn -0.7426 -0.5972 0.3030
vn 0.4743 -0.5617 0.6779
vn 0.4897 -0.5156 -0.7031
vn 0.6074 -0.6897 0.3943
vn 0.4621 -0.1815 0.8681
vn 0.1646 0.4132 -0.8956
vn 0.1821 -0.2360 -0.9546
vn 0.1323 -0.2926 -0.9470
vn -0.3220 0.2980 -0.8986
vn -0.4850 0.6287 -0.6079
vn -0.7314 0.6456 0.2197
vn 0.1437 -0.0854 -0.9859
vn 0.1377 -0.3029 -0.9430
vn 0.1618 -0.0732 -0.9841
vn -0.0577 0.8016 -0.5951
vn -0.0365 -0.3410 -0.9393
vn -0.2434 -0.9188 0.3108
vn 0.7353 -0.6772 0.0254
vn 0.1087 0.4817 -0.8696
vn 0.2185 -0.2928 -0.9309
vn 0.0636 -0.5296 -0.8459
vn -0.1407 -0.7209 -0.6786
vn -0.2312 -0.8377 -0.4948
vn 0.3582 -0.3947 0.8461
vn -0.4127 0.8969 -0.1589
vn 0.7081 -0.7045 0.0473
vn 0.1759 -0.0570 -0.9828
vn 0.2146 -0.2910 -0.9324
vn -0.2453 -0.8314 -0.4987
vn 0.7492 -0.6528 -0.1122
vn -0.0525 -0.5499 -0.8336
vn 0.2767 -0.3414 0.8983
vn 0.1338 0.4796 -0.8672
vn 0.1525 -0.0382 -0.9876
vn 0.1030 -0.3640 -0.9257
vn -0.0575 -0.5961 -0.8009
vn -0.3125 -0.8637 -0.3953
vn -0.3272 -0.9197 0.2169
vn -0.1676 -0.0660 0.9836
vn 0.0763 0.6414 -0.7634
vn 0.0982 -0.0996 -0.9902
vn 0.1051 0.7577 -0.6441
vn -0.3183 -0.7769 0.5432
vn 0.1600 0.6388 -0.7525
vn -0.0149 -0.5987 -0.8009
vn -0.2407 -0.8660 -0.4383
vn -0.4427 -0.8486 0.2896
vn -0.4479 -0.8320 0.3272
vn -0.0067 -0.0926 -0.9957
vn -0.0071 -0.0929 -0.9957
vn 0.0890 0.7078 -0.7008
vn -0.1955 -0.7262 -0.6591
vn -0.4061 -0.8938 -0.1901
vn -0.5884 -0.4789 0.6515
vn 0.3256 -0.1280 -0.9368
vn -0.5924 -0.6247 0.5087
vn -0.6353 -0.0518 0.7705
vn 0.4318 0.5443 -0.7192
vn 0.0165 -0.4890 -0.8722
vn -0.1353 -0.7334 -0.6662
vn -0.2382 -0.9687 -0.0704
vn 0.2667 0.1645 -0.9496
vn -0.3278 -0.7339 0.5949
vn -0.1245 -0.8120 -0.5702
vn -0.3677 -0.8842 0.2882
vn -0.3677 -0.6336 0.6807
vn 0.3612 0.1013 -0.9270
vn -0.0564 -0.8689 -0.4918
vn 0.3561 0.0961 -0.9295
vn -0.3140 -0.9200 0.2345
vn -0.2722 -0.6065 0.7470
vn 0.1019 -0.6048 -0.7898
vn 0.1098 -0.5220 -0.8459
vn -0.0517 -0.8374 -0.5441
vn 0.4003 0.0728 -0.9135
vn 0.5015 0.6829 -0.5312
vn 0.1149 -0.6162 -0.7792
vn 0.4129 0.3370 -0.8461
vn -0.2608 -0.9079 0.3283
vn 0.4802 0.3573 -0.8011
vn 0.4955 0.6907 -0.5267
vn -0.0220 -0.6953 -0.7184
vn -0.1175 -0.8581 -0.4998
vn -0.1346 -0.8961 -0.4229
vn -0.2400 -0.9608 -0.1388
vn 0.3192 0.0122 -0.9476
vn 0.4505 0.6362 -0.6263
vn -0.1181 -0.8540 -0.5067
vn 0.3206 0.0129 -0.9471
vn -0.0466 -0.6605 -0.7494
vn 0.4689 0.6350 -0.6140
vn -0.2660 -0.8024 0.5343
vn -0.1828 -0.3283 0.9267
vn 0.3909 0.3698 -0.8429
vn 0.3135 0.0498 -0.9483
vn 0.3170 0.0155 -0.9483
vn -0.0231 -0.6552 -0.7551
vn -0.3119 -0.9484 -0.0563
vn -0.1539 -0.8477 -0.5077
vn -0.2446 -0.8980 -0.3658
vn 0.1147 -0.2667 -0.9569
vn -0.2782 -0.9604 0.0140
vn -0.0773 -0.6982 -0.7118
vn 0.4188 0.4138 -0.8083
vn 0.3343 0.0464 -0.9413
vn 0.2033 -0.3482 -0.9151
vn -0.0863 -0.6950 -0.7138
vn -0.2952 -0.7733 0.5611
vn 0.2628 0.5524 -0.7911
vn -0.2827 -0.8804 -0.3808
vn -0.3586 -0.9207 0.1540
vn -0.2505 -0.5330 0.8082
vn -0.0204 0.2722 -0.9620
vn -0.0618 -0.6254 -0.7779
vn -0.2236 -0.7533 -0.6185
vn -0.1140 0.2560 -0.9599
vn -0.4078 -0.5463 -0.7316
vn -0.4163 -0.6795 -0.6041
vn -0.4244 -0.6820 -0.5956
vn -0.3238 0.4003 -0.8573
vn -0.4804 -0.4007 -0.7802
vn -0.2170 0.7534 -0.6208
vn -0.4613 -0.8157 -0.3489
vn -0.3865 -0.8716 -0.3016
vn -0.3887 -0.9154 0.1048
vn -0.6955 -0.2373 -0.6782
vn -0.5652 0.2667 -0.7807
vn -0.6358 0.5388 -0.5527
vn -0.6964 -0.7063 0.1272
vn -0.7115 -0.6931 0.1156
vn -0.8232 -0.3330 -0.4599
vn -0.7916 -0.4253 -0.4387
vn -0.8193 -0.5046 -0.2723
vn -0.6989 -0.6771 -0.2304
vn -0.2912 -0.7228 0.6267
vn -0.0111 0.4655 -0.8850
vn -0.3059 -0.2624 -0.9152
vn -0.2132 -0.4956 -0.8420
vn -0.3393 -0.8011 -0.4931
vn -0.2486 -0.7112 0.6576
vn 0.3957 -0.9184 -0.0030
vn 0.1281 0.2912 -0.9480
vn 0.0778 0.2731 -0.9588
vn -0.3465 -0.7637 -0.5446
vn 0.9405 -0.0481 -0.3363
vn -0.4016 -0.9158 -0.0095
vn -0.1478 -0.4261 -0.8925
vn 0.3282 0.5685 -0.7544
vn -0.3574 -0.8079 0.4687
vn 0.9385 -0.0032 -0.3454
vn -0.2958 -0.5074 0.8094
vn -0.1207 -0.8383 -0.5317
vn 0.9072 -0.0195 -0.4202
vn 0.4128 0.0763 -0.9076
vn 0.1264 0.1847 -0.9746
vn -0.1190 -0.4190 -0.9001
vn 0.4602 -0.8864 -0.0500
vn 0.4717 -0.8817 -0.0083
vn -0.3139 -0.7958 -0.5179
vn 0.4742 0.7954 -0.3774
vn 0.4916 0.7618 -0.4219
vn -0.4036 -0.9147 -0.0200
vn -0.0033 -1.0000 0.0064
vn -0.0012 -1.0000 0.0004
vn -0.0049 -0.9958 0.0912
vn 0.3577 -0.8566 -0.3719
vn 0.9030 0.1013 -0.4176
vn 0.6463 -0.6469 0.4047
vn 0.1013 0.1919 -0.9762
vn 0.3301 0.5388 -0.7750
vn -0.0704 -0.9095 -0.4097
vn -0.0758 -0.8638 -0.4982
vn -0.0303 -0.9987 -0.0420
vn -0.0092 -0.9998 -0.0172
vn -0.0032 -1.0000 -0.0005
vn 0.0001 -0.9948 0.1015
vn 0.3578 -0.8590 -0.3662
vn 0.8272 0.4779 -0.2956
vn 0.9122 -0.2827 -0.2966
vn 0.2270 0.2312 -0.9461
vn -0.0760 0.1188 -0.9900
vn -0.0073 -0.9979 0.0639
vn 0.3087 -0.9377 -0.1597
vn 0.1145 -0.8518 0.5112
vn 0.1124 -0.9694 0.2182
vn 0.6097 0.4093 -0.6788
vn 0.6900 -0.0359 -0.7229
vn 0.6490 -0.1232 -0.7508
vn 0.7134 0.0976 -0.6939
vn 0.7420 0.0040 -0.6703
vn -0.3098 -0.9059 0.2887
vn 0.7228 -0.3173 -0.6139
vn -0.4642 -0.8826 -0.0737
vn -0.3636 -0.9311 0.0283
vn -0.2911 -0.8675 -0.4034
vn -0.2545 -0.9668 -0.0207
vn -0.4190 -0.8489 0.3223
vn 0.0375 -0.9960 0.0809
vn -0.0280 -0.8110 0.5843
vn -0.0250 -0.8106 0.5851
vn 0.2331 -0.8589 0.4560
vn 0.9895 0.0827 -0.1183
vn -0.0258 -0.9995 0.0166
vn 0.0727 -0.0012 -0.9974
vn -0.1822 0.1250 -0.9753
vn -0.2330 0.1696 -0.9576
vn 0.0607 -0.8870 0.4577
vn -0.0582 -0.9835 0.1713
vn -0.4129 -0.9101 -0.0338
vn -0.0033 -1.0000 0.0001
vn 0.7008 -0.0327 -0.7126
vn -0.3475 -0.9344 -0.0785
vn -0.0500 -0.9846 0.1677
vn 0.5564 0.1948 -0.8078
vn -0.4679 0.8756 -0.1196
vn 0.7842 -0.2166 -0.5815
vn 0.7740 -0.2015 -0.6003
vn 0.6085 -0.2085 -0.7657
vn 0.5167 -0.7023 -0.4897
vn 0.5054 0.1647 -0.8470
vn 0.4417 -0.6813 -0.5837
vn 0.6118 0.3022 -0.7310
vn 0.6191 0.0701 -0.7822
vn -0.1225 -0.4136 -0.9022
vn -0.1760 -0.9374 0.3006
vn 0.0019 -0.9998 -0.0179
vn 0.1988 0.6877 -0.6982
vn 0.0781 -0.9510 -0.2991
vn -0.0399 -0.9813 0.1884
vn 0.5064 0.0241 -0.8620
vn 0.5917 -0.2813 -0.7554
vn 0.1626 -0.9511 -0.2627
vn 0.4294 0.2333 -0.8725
vn 0.7284 -0.6201 -0.2915
vn 0.4287 -0.8059 -0.4083
vn 0.5229 0.1345 -0.8417
vn -0.4185 0.1509 -0.8956
vn -0.3187 -0.7957 -0.5151
vn -0.6744 0.7291 -0.1161
vn -0.0785 -0.8651 -0.4955
vn -0.5898 0.5537 0.5879
vn 0.1293 -0.3773 -0.9170
vn 0.0067 -0.7986 -0.6018
vn 0.3705 0.0272 -0.9284
vn 0.4006 0.2111 -0.8916
vn 0.3188 -0.4503 -0.8340
vn 0.4916 -0.1077 -0.8641
vn 0.3470 0.1454 -0.9265
vn 0.3665 0.2463 -0.8972
vn 0.2900 0.0888 -0.9529
vn 0.5851 0.7210 -0.3713
vn -0.4618 -0.1207 0.8787
vn 0.0687 -0.0626 -0.9957
vn -0.0426 -0.8409 -0.5395
vn 0.2935 -0.0338 -0.9554
vn 0.3991 0.2807 -0.8729
vn 0.2671 0.1134 -0.9570
vn 0.0440 -0.9799 0.1947
vn 0.7582 0.0416 -0.6507
vn 0.1233 0.1394 -0.9825
vn 0.3185 0.3216 -0.8917
vn 0.0481 -0.0398 -0.9980
vn 0.1580 0.1179 -0.9804
vn 0.3270 0.3425 -0.8808
vn 0.3015 0.3553 -0.8848
vn 0.3635 -0.7717 -0.5219
vn 0.2745 -0.6260 -0.7299
vn 0.3727 -0.6918 -0.6185
vn 0.2957 0.0813 -0.9518
vn 0.0087 -0.9991 0.0422
vn 0.4244 0.5093 -0.7487
vn 0.4337 0.5503 -0.7135
vn -0.1757 -0.4476 -0.8768
vn -0.3697 -0.8195 -0.4379
vn -0.8588 -0.1654 0.4849
vn -0.8441 0.1224 0.5220
vn -0.7144 0.3019 0.6313
vn -0.8865 0.0205 0.4622
vn 0.1267 -0.5208 -0.8442
vn 0.3408 -0.1517 -0.9278
vn 0.1946 -0.5614 -0.8043
vn 0.5138 -0.8421 -0.1640
vn -0.0045 -1.0000 -0.0030
vn 0.2258 0.2371 -0.9449
vn -0.0924 -0.9377 0.3349
vn -0.2599 -0.7772 -0.5731
vn -0.7615 -0.2424 0.6011
vn -0.7996 0.3059 0.5169
vn -0.7605 0.4210 0.4945
vn -0.6348 0.6832 0.3609
vn -0.9370 0.0682 0.3426
vn -0.8729 0.0454 0.4857
vn 0.0776 -0.0733 -0.9943
vn 0.0022 0.2462 -0.9692
vn -0.2512 -0.0685 -0.9655
vn -0.2495 0.1240 -0.9604
vn 0.0318 0.0182 -0.9993
vn 0.0155 0.2286 -0.9734
vn -0.2905 -0.0070 -0.9568
vn -0.4131 0.3351 -0.8468
vn -0.0077 -0.9999 -0.0100
vn 0.4205 0.5783 -0.6991
vn -0.0507 -0.5955 -0.8017
vn -0.0011 -0.9997 -0.0261
vn 0.1885 0.2052 -0.9604
vn 0.0715 0.0079 -0.9974
vn 0.0323 -0.9994 0.0128
vn -0.7820 0.0472 0.6215
vn -0.4489 -0.8933 0.0221
vn -0.8714 -0.3269 0.3657
vn -0.5168 0.0263 0.8557
vn -0.4143 -0.8156 0.4039
vn -0.2602 -0.9656 0.0049
vn -0.9422 0.0538 0.3308
vn 0.3517 -0.6751 -0.6485
vn 0.4045 -0.0723 -0.9117
vn 0.4541 -0.0358 -0.8902
vn 0.1245 0.3413 -0.9317
vn -0.3561 -0.0167 -0.9343
vn 0.0515 -0.2328 -0.9712
vn -0.0177 0.1087 -0.9939
vn -0.3645 0.1661 -0.9163
vn -0.0153 -0.1836 -0.9829
vn -0.2096 0.1634 -0.9640
vn -0.4200 0.3294 -0.8457
vn -0.3908 -0.0422 -0.9195
vn -0.3868 0.3133 -0.8673
vn 0.8961 0.2049 -0.3936
vn -0.1803 -0.4457 -0.8768
vn -0.3843 -0.8123 -0.4388
vn 0.4640 -0.4843 0.7417
vn -0.5128 -0.6747 -0.5309
vn -0.9292 0.1452 0.3399
vn -0.9050 0.2489 0.3449
vn -0.9511 0.2593 0.1679
vn -0.9873 0.0303 0.1560
vn -0.9865 0.0265 0.1617
vn 0.2236 -0.0930 -0.9702
vn 0.0118 -0.5361 -0.8441
vn -0.0178 -0.2315 -0.9727
vn 0.0957 -0.2777 -0.9559
vn 0.1319 -0.5752 -0.8073
vn 0.4259 0.5808 -0.6937
vn -0.0615 -0.2432 -0.9680
vn -0.0094 -0.7645 -0.6445
vn 0.6301 0.3865 -0.6735
vn 0.8427 0.2397 -0.4822
vn 0.4436 0.4408 -0.7803
vn -0.8835 -0.1041 0.4568
vn -0.9036 0.0555 0.4247
vn -0.8887 0.1348 0.4382
vn -0.9066 -0.3326 0.2597
vn -0.8612 -0.0817 0.5016
vn -0.9890 -0.0697 0.1308
vn -0.9803 0.1134 0.1615
vn -0.4363 -0.8987 0.0451
vn -0.9862 -0.0925 0.1374
vn -0.5876 0.6168 0.5237
vn -0.9984 -0.0483 0.0278
vn -0.4385 -0.6886 0.5775
vn 0.0936 -0.5566 -0.8255
vn 0.2726 -0.0913 -0.9578
vn -0.1454 0.0091 -0.9893
vn -0.6621 -0.0310 -0.7488
vn -0.7988 0.0886 -0.5950
vn -0.8100 0.0572 -0.5837
vn -0.7506 0.1184 -0.6501
vn -0.8499 0.1953 -0.4895
vn -0.8318 0.1889 -0.5220
vn -0.1209 -0.7155 -0.6880
vn -0.1454 -0.4871 -0.8612
vn -0.8823 0.0737 -0.4649
vn -0.0934 -0.1848 -0.9783
vn 0.4726 0.5237 -0.7088
vn -0.2360 -0.5081 -0.8284
vn -0.8750 0.0830 0.4769
vn -0.5240 -0.8171 0.2402
vn -0.9254 -0.3072 0.2218
vn -0.9455 -0.0028 0.3256
vn -0.9152 0.0750 0.3959
vn -0.8060 0.2649 0.5294
vn -0.6089 -0.3324 0.7202
vn -0.6094 -0.3306 0.7206
vn 0.0279 -0.3088 -0.9507
vn -0.0113 -0.1546 -0.9879
vn 0.0250 -0.1252 -0.9918
vn -0.7449 -0.2632 -0.6130
vn -0.3924 -0.7269 -0.5635
vn -0.6947 0.1870 -0.6945
vn -0.7083 -0.1439 -0.6911
vn 0.3594 0.3422 -0.8682
vn -0.4181 -0.9028 -0.1003
vn -0.5941 -0.7745 -0.2174
vn -0.6746 -0.6116 -0.4134
vn -0.9470 0.1101 -0.3017
vn -0.9508 0.0923 -0.2957
vn 0.6233 0.2229 -0.7495
vn -0.9828 0.0267 0.1828
vn -0.6830 -0.7283 0.0557
vn -0.9761 -0.0022 0.2174
vn -0.8732 0.1881 0.4496
vn -0.9164 0.0627 0.3952
vn -0.3904 -0.8148 -0.4285
vn -0.7540 0.5176 0.4044
vn 0.9817 0.0636 -0.1797
vn 0.5632 -0.4404 -0.6991
vn 0.2237 -0.1830 -0.9573
vn -0.4804 -0.2394 -0.8438
vn -0.4778 -0.3990 -0.7826
vn -0.5624 -0.3254 -0.7601
vn -0.6129 0.0438 -0.7890
vn -0.6459 0.1788 -0.7422
vn -0.6762 0.4902 -0.5500
vn -0.7301 -0.4792 -0.4872
vn -0.6119 -0.2937 -0.7344
vn -0.7127 -0.2061 -0.6705
vn -0.8576 0.0425 -0.5126
vn -0.9188 -0.0477 -0.3919
vn -0.8379 -0.3969 -0.3746
vn -0.9715 0.1663 -0.1688
vn -0.9808 0.1456 -0.1300
vn -0.9793 0.0957 -0.1782
vn -0.9551 0.1445 0.2588
vn -0.9405 0.1126 0.3206
vn -0.7487 -0.6623 0.0267
vn -0.9532 -0.0121 0.3021
vn 0.3013 0.3140 -0.9004
vn -0.9505 -0.0159 0.3102
vn 0.4495 0.6042 -0.6579
vn -0.8572 -0.1684 0.4866
vn -0.7036 -0.3620 0.6115
vn -0.6666 -0.2992 0.6827
vn -0.1769 0.9783 0.1076
vn 0.1440 -0.1994 -0.9693
vn 0.5002 -0.5010 -0.7062
vn 0.0723 0.4221 -0.9037
vn 0.0677 0.6203 -0.7815
vn 0.0568 0.6074 -0.7923
vn 0.1683 0.3844 -0.9077
vn 0.1321 0.3247 -0.9365
vn -0.8994 -0.3491 -0.2629
vn -0.8282 -0.4642 -0.3141
vn -0.9915 -0.0635 -0.1132
vn -0.8670 0.3169 -0.3847
vn -0.9963 -0.0346 -0.0786
vn -0.8941 -0.4275 0.1334
vn 0.2466 0.1652 -0.9549
vn -0.8965 -0.3061 0.3204
vn -0.9240 -0.1802 0.3374
vn -0.8411 0.2394 0.4850
vn -0.9565 -0.1783 0.2309
vn -0.9079 -0.2227 0.3552
vn -0.8593 0.3255 0.3946
vn -0.7649 -0.3039 0.5680
vn -0.5070 -0.8480 0.1543
vn -0.6112 -0.2846 -0.7385
vn -0.5626 -0.2285 -0.7945
vn 0.0027 0.8103 -0.5859
vn -0.6879 -0.2760 -0.6713
vn 0.0315 0.3364 -0.9412
vn -0.9000 -0.3209 -0.2949
vn -0.9517 0.2676 -0.1507
vn 0.1992 0.2143 -0.9562
vn -0.9530 -0.2446 -0.1789
vn -0.9666 0.0551 -0.2502
vn -0.9390 -0.3429 0.0278
vn 0.6567 0.0234 -0.7538
vn 0.5887 0.0825 -0.8042
vn 0.6049 0.0997 -0.7900
vn -0.9331 -0.3573 0.0406
vn -0.9973 0.0706 0.0186
vn -0.9663 0.2374 0.0999
vn -0.9833 -0.1664 0.0744
vn -0.9882 -0.1187 0.0970
vn -0.9865 0.0248 -0.1621
vn 0.0016 -0.3208 -0.9471
vn -0.9646 0.0204 0.2630
vn -0.9226 -0.1223 0.3659
vn -0.6609 0.7112 0.2397
vn -0.9111 -0.2980 0.2848
vn -0.9148 -0.3048 0.2649
vn -0.6223 -0.2342 0.7470
vn -0.5419 -0.6972 0.4693
vn -0.8206 -0.2700 -0.5037
vn -0.7647 -0.2069 -0.6103
vn -0.6816 -0.2398 -0.6913
vn -0.9582 -0.0883 -0.2720
vn -0.9777 0.0332 -0.2076
vn 0.1471 0.2432 -0.9588
vn -0.9829 -0.1805 0.0351
vn 0.2390 0.3715 -0.8972
vn 0.1154 0.0544 -0.9918
vn 0.4244 0.8434 -0.3295
vn -0.1878 -0.9283 0.3211
vn -0.5938 -0.7428 0.3093
vn -0.8578 -0.0511 -0.5114
vn -0.8195 -0.2593 -0.5110
vn -0.7601 -0.2019 -0.6177
vn -0.7614 -0.2019 -0.6160
vn -0.8639 -0.2027 -0.4611
vn -0.8771 -0.2431 -0.4143
vn -0.9279 -0.2631 -0.2641
vn 0.0109 0.4710 -0.8821
vn 0.6089 -0.0267 -0.7928
vn 0.5940 -0.0388 -0.8035
vn 0.6081 0.0016 -0.7939
vn 0.0009 0.3703 -0.9289
vn 0.2378 0.3822 -0.8930
vn -0.0328 -0.3576 -0.9333
vn 0.3039 0.5014 -0.8101
vn -0.3951 -0.8987 0.1902
vn -0.2903 -0.5206 0.8029
vn -0.9340 0.0494 -0.3538
vn -0.8824 -0.1905 -0.4303
vn -0.5208 0.2450 -0.8177
vn -0.4364 0.0945 -0.8948
vn -0.9545 -0.2378 -0.1798
vn 0.1808 0.0932 -0.9791
vn 0.1648 -0.0599 -0.9845
vn 0.0970 0.0856 -0.9916
vn -0.9627 -0.2699 0.0211
vn -0.0511 -0.5479 -0.8350
vn -0.2891 -0.8220 -0.4906
vn -0.2440 -0.8736 -0.4210
vn -0.2987 -0.9023 0.3109
vn 0.0146 -0.9949 -0.0994
vn 0.3161 -0.9115 0.2631
vn 0.2198 -0.5986 0.7703
vn -0.8630 -0.1236 -0.4899
vn -0.5956 0.5594 -0.5765
vn 0.8532 0.1792 -0.4898
vn -0.9426 -0.1930 -0.2725
vn -0.5253 0.2454 -0.8148
vn -0.5180 -0.0484 -0.8540
vn -0.4941 0.1983 -0.8465
vn 0.1665 -0.0642 -0.9840
vn -0.9556 -0.2518 0.1533
vn -0.9545 -0.2658 0.1352
vn -0.6840 -0.1572 0.7123
vn -0.4726 -0.5165 0.7141
vn -0.5799 -0.5252 0.6228
vn -0.7815 0.2085 -0.5880
vn -0.8842 -0.0369 -0.4657
vn -0.8079 0.0812 -0.5837
vn -0.4499 0.2385 -0.8606
vn -0.9559 -0.2291 -0.1836
vn -0.8785 -0.2501 0.4071
vn -0.8821 -0.2545 0.3964
vn 0.7320 -0.6782 0.0643
vn -0.7554 -0.2291 0.6139
vn 0.5984 -0.4391 -0.6702
vn -0.9016 -0.0403 -0.4307
vn -0.9457 -0.1589 -0.2834
vn -0.8182 0.4901 -0.3006
vn -0.8874 0.0837 -0.4534
vn -0.6192 0.3718 -0.6916
vn -0.8356 0.5441 -0.0760
vn 0.7173 0.5052 -0.4798
vn -0.9669 -0.2411 0.0837
vn -0.8566 -0.4034 0.3216
vn -0.8165 -0.4021 0.4143
vn 0.8739 0.4783 0.0868
vn 0.9819 0.0681 -0.1766
vn 0.7884 -0.6022 0.1258
vn 0.7949 -0.6049 -0.0463
vn 0.6680 0.4722 -0.5752
vn 0.1556 -0.5583 -0.8149
vn 0.0767 -0.0998 -0.9920
vn 0.0767 -0.0445 -0.9961
vn 0.2974 0.0455 -0.9537
vn 0.2621 -0.3372 -0.9042
vn 0.5477 -0.1513 -0.8229
vn -0.5762 -0.1160 -0.8090
vn -0.8725 0.0688 -0.4837
vn -0.9757 -0.1296 -0.1765
vn 0.6855 -0.2086 -0.6976
vn -0.9671 -0.1480 -0.2071
vn -0.9736 -0.0231 -0.2270
vn -0.9798 -0.1383 -0.1445
vn -0.9734 -0.2237 -0.0497
vn -0.9792 -0.1775 0.0984
vn -0.8680 0.4802 0.1264
vn -0.9702 -0.1538 0.1870
vn -0.9036 -0.3320 0.2705
vn -0.9231 -0.1806 0.3395
vn -0.6386 -0.5485 0.5397
vn 0.6981 -0.6951 0.1717
vn 0.8795 -0.4733 -0.0496
vn 0.4467 0.1100 -0.8879
vn 0.2109 -0.6222 -0.7539
vn 0.2148 -0.6258 -0.7499
vn 0.2123 -0.6088 -0.7643
vn 0.1232 -0.1284 -0.9840
vn 0.1946 0.3889 -0.9005
vn -0.5743 -0.1172 -0.8102
vn -0.7999 0.0791 -0.5949
vn -0.7937 -0.1315 -0.5939
vn -0.7917 -0.1222 -0.5986
vn -0.8715 0.0766 -0.4843
vn -0.9520 -0.1644 -0.2584
vn 0.8007 -0.2004 -0.5645
vn -0.9480 -0.2652 -0.1757
vn -0.8822 -0.4565 0.1152
vn -0.7772 -0.3285 0.5367
vn -0.5826 -0.2740 0.7652
vn 0.9194 -0.2723 0.2837
vn -0.1582 -0.1005 0.9823
vn 0.4127 0.0413 -0.9099
vn 0.4143 0.4179 -0.8085
vn -0.2560 -0.0902 -0.9625
vn 0.1809 0.2807 -0.9426
vn 0.2873 0.0526 -0.9564
vn 0.5058 -0.1444 -0.8505
vn 0.6803 -0.2118 -0.7017
vn 0.1837 0.6523 -0.7353
vn -0.9034 0.2457 -0.3513
vn -0.8812 0.3031 -0.3627
vn 0.8501 -0.1665 -0.4995
vn 0.7314 -0.2063 -0.6500
vn -0.8562 -0.3727 0.3577
vn 0.5475 -0.8247 0.1421
vn 0.7405 -0.6539 0.1552
vn 0.7142 -0.6307 0.3034
vn 0.2848 -0.1742 -0.9426
vn 0.5154 -0.1049 -0.8505
vn -0.4137 -0.1374 -0.9000
vn 0.4827 0.5635 -0.6704
vn 0.6212 -0.2468 -0.7438
vn -0.8973 -0.2088 -0.3890
vn -0.9252 -0.1913 -0.3278
vn 0.7707 0.3914 -0.5028
vn 0.7231 -0.1661 -0.6705
vn 0.7050 -0.0785 -0.7049
vn 0.7168 0.0994 -0.6902
vn 0.7514 0.1794 -0.6350
vn -0.8937 -0.1954 -0.4039
vn -0.9313 -0.2373 -0.2765
vn 0.8182 -0.4966 -0.2896
vn -0.9524 -0.3026 -0.0381
vn -0.9611 -0.2760 0.0109
vn -0.9243 -0.2945 0.2427
vn -0.8581 0.0250 0.5128
vn -0.8476 -0.2787 0.4516
vn 0.3403 -0.8989 0.2760
vn 0.7628 -0.5840 0.2776
vn 0.3944 0.4298 -0.8123
vn -0.3592 -0.1402 -0.9227
vn -0.3216 -0.0787 -0.9436
vn 0.2888 0.0702 -0.9548
vn 0.4651 -0.1278 -0.8760
vn -0.5228 -0.1625 -0.8368
vn 0.1616 0.4618 -0.8721
vn 0.3375 0.5763 -0.7443
vn 0.7424 -0.1412 -0.6549
vn 0.7335 -0.5086 -0.4510
vn -0.9754 -0.2156 -0.0459
vn -0.9705 -0.2408 0.0076
vn -0.9724 0.2262 0.0568
vn -0.9893 0.1302 0.0657
vn -0.9401 -0.2330 0.2487
vn 0.4370 -0.6636 0.6072
vn -0.8641 -0.2590 0.4315
vn 0.4362 -0.6593 0.6124
vn -0.4214 -0.1591 0.8928
vn 0.8756 -0.3014 0.3774
vn 0.1328 -0.9660 0.2218
vn 0.5587 -0.0465 0.8281
vn 0.7053 -0.6665 0.2413
vn 0.3814 0.6465 -0.6607
vn 0.4862 -0.2301 -0.8430
vn -0.5765 -0.1875 -0.7953
vn -0.6122 -0.1907 -0.7674
vn 0.5609 -0.6697 -0.4867
vn -0.8855 -0.2592 -0.3855
vn 0.6115 -0.6924 -0.3830
vn 0.6103 -0.6941 -0.3817
vn -0.9724 -0.2295 0.0418
vn 0.5658 -0.6448 0.5140
vn -0.0004 -0.6711 -0.7413
vn 0.6637 0.0907 -0.7425
vn 0.4831 -0.1494 -0.8627
vn 0.4567 -0.1215 -0.8813
vn 0.4196 -0.4250 -0.8021
vn 0.2507 0.0652 -0.9659
vn -0.2029 -0.2684 -0.9417
vn -0.5251 -0.1588 -0.8361
vn 0.3317 -0.4591 -0.8241
vn 0.4281 0.1865 -0.8843
vn 0.2526 -0.9225 -0.2918
vn 0.2418 -0.9564 -0.1640
vn -0.0025 -0.8685 -0.4957
vn 0.3125 -0.5952 0.7403
vn -0.2517 -0.8671 0.4299
vn 0.1166 -0.9932 0.0059
vn 0.5663 -0.7199 0.4012
vn 0.0262 0.0202 -0.9995
vn 0.0461 0.4380 -0.8978
vn 0.0964 -0.6511 -0.7528
vn -0.0278 0.6637 -0.7475
vn 0.0605 -0.7367 -0.6735
vn 0.6098 0.1531 -0.7776
vn -0.0561 -0.7940 -0.6053
vn 0.0860 -0.5720 -0.8157
vn 0.1694 0.2866 -0.9429
vn 0.3300 -0.2445 -0.9118
vn 0.2178 0.5113 -0.8313
vn 0.2973 0.5939 -0.7476
vn 0.4546 -0.2427 -0.8570
vn 0.4186 0.1731 -0.8915
vn 0.8472 0.5071 -0.1586
vn -0.9047 -0.2472 -0.3471
vn -0.0590 -0.8829 -0.4658
vn -0.9645 -0.2532 -0.0747
vn 0.0368 -0.9406 0.3375
vn -0.9634 -0.2633 0.0501
vn -0.1663 -0.7130 0.6811
vn -0.9628 -0.2646 0.0552
vn -0.8322 -0.2448 0.4975
vn 0.3055 -0.9499 0.0659
vn 0.3642 -0.8887 0.2785
vn -0.0120 0.4073 -0.9132
vn 0.0736 -0.6341 -0.7697
vn 0.8357 -0.1389 -0.5313
vn 0.2248 -0.0502 -0.9731
vn 0.7182 0.2896 -0.6326
vn -0.0363 -0.7311 -0.6813
vn 0.2087 0.5537 -0.8061
vn -0.6192 -0.1562 -0.7696
vn -0.6346 -0.1653 -0.7550
vn -0.0037 -0.7622 -0.6474
vn 0.3810 -0.1077 -0.9183
vn 0.3956 0.7107 -0.5818
vn 0.6182 0.7636 -0.1865
vn -0.1481 -0.8444 -0.5148
vn -0.8932 -0.2773 -0.3539
vn -0.5103 -0.7192 -0.4715
vn -0.1585 -0.9572 -0.2421
vn -0.4782 -0.8136 -0.3306
vn -0.3504 -0.7946 -0.4958
vn -0.9620 -0.2725 -0.0151
vn 0.6586 -0.5118 0.5516
vn -0.6100 -0.7330 0.3011
vn -0.2102 -0.9687 -0.1321
vn -0.2293 -0.6603 0.7151
vn 0.0116 0.0358 -0.9993
vn 0.0414 -0.1797 -0.9829
vn 0.0008 -0.1402 -0.9901
vn 0.6142 0.0534 -0.7873
vn 0.7137 0.2615 -0.6498
vn 0.6344 -0.3892 -0.6679
vn 0.6446 -0.5355 -0.5456
vn 0.0962 0.1827 -0.9784
vn 0.2137 -0.0565 -0.9753
vn 0.2173 -0.1931 -0.9568
vn 0.1383 0.3562 -0.9241
vn 0.2047 -0.2325 -0.9508
vn -0.6022 -0.3343 -0.7250
vn 0.1528 0.4499 -0.8799
vn 0.3204 0.4969 -0.8065
vn 0.7246 -0.5504 -0.4147
vn 0.7149 0.5525 -0.4286
vn 0.9866 0.0898 -0.1362
vn -0.8235 -0.2701 0.4989
vn -0.8115 -0.2528 0.5269
vn 0.1222 -0.7846 0.6078
vn -0.2492 -0.6431 0.7241
vn 0.5850 -0.7955 0.1581
vn 0.4758 0.1632 -0.8643
vn 0.4656 -0.2694 -0.8430
vn 0.5689 0.4218 -0.7060
vn 0.6008 -0.5196 -0.6075
vn 0.2028 -0.2033 -0.9579
vn 0.1286 -0.2599 -0.9570
vn -0.0899 0.5710 -0.8160
vn -0.6748 -0.2480 -0.6950
vn -0.8800 -0.2378 -0.4111
vn -0.9553 -0.2937 -0.0338
vn -0.9543 -0.2979 -0.0227
vn -0.9529 -0.2936 0.0757
vn -0.9525 -0.2965 0.0693
vn 0.7318 -0.6813 0.0178
vn 0.2349 -0.2794 0.9310
vn -0.0139 -0.9979 -0.0631
vn -0.4423 -0.7129 0.5443
vn 0.5727 -0.8088 0.1340
vn 0.5134 -0.8576 -0.0306
vn -0.0472 0.4169 -0.9077
vn -0.2557 -0.6672 -0.6996
vn -0.2977 -0.7291 -0.6163
vn 0.0392 -0.0103 -0.9992
vn 0.1285 0.1814 -0.9750
vn 0.0165 0.1204 -0.9926
vn -0.4522 -0.8006 -0.3932
vn 0.0416 0.3023 -0.9523
vn -0.5323 -0.8073 -0.2548
vn 0.3384 -0.7238 -0.6013
vn 0.0339 -0.3705 -0.9282
vn 0.0676 -0.2374 -0.9691
vn 0.0659 -0.1017 -0.9926
vn 0.0991 0.1692 -0.9806
vn 0.0765 0.4760 -0.8761
vn 0.4671 0.3872 -0.7949
vn 0.7940 0.1434 -0.5908
vn 0.5641 -0.8256 -0.0122
vn 0.4818 -0.8745 0.0550
vn -0.8036 -0.2159 0.5547
vn 0.0928 -0.7603 0.6429
vn 0.3395 -0.1850 0.9222
vn -0.5166 -0.6816 0.5182
vn 0.2739 -0.9335 -0.2315
vn 0.3936 0.1724 -0.9030
vn 0.3359 -0.0588 -0.9400
vn 0.3095 -0.2592 -0.9149
vn 0.2903 -0.5141 -0.8071
vn -0.4189 -0.7616 -0.4944
vn 0.3081 -0.7133 -0.6295
vn -0.5284 -0.8094 -0.2563
vn 0.0568 -0.2293 -0.9717
vn 0.1046 -0.0685 -0.9922
vn 0.1009 0.1679 -0.9806
vn -0.8832 -0.2732 -0.3812
vn 0.2438 0.9631 -0.1136
vn -0.8780 -0.2430 -0.4124
vn 0.5186 -0.8508 -0.0842
vn -0.0055 -0.8080 0.5892
vn -0.3633 -0.0489 -0.9304
vn -0.3445 -0.1570 -0.9256
vn 0.2466 0.0325 -0.9686
vn 0.3414 -0.2343 -0.9103
vn 0.3878 0.5249 -0.7577
vn -0.1712 0.5968 -0.7839
vn 0.0118 0.3059 -0.9520
vn 0.1994 0.4175 -0.8865
vn 0.5770 -0.3116 -0.7550
vn 0.4342 -0.1265 -0.8919
vn 0.4514 0.0424 -0.8913
vn 0.4857 0.0804 -0.8704
vn -0.9698 -0.2431 0.0200
vn -0.9600 -0.2661 0.0874
vn -0.8813 -0.2488 0.4018
vn 0.3034 -0.9529 0.0047
vn -0.8447 -0.2210 0.4875
vn -0.2229 -0.4046 0.8869
vn -0.4831 -0.7168 0.5027
vn 0.7344 -0.5107 -0.4471
vn -0.3849 -0.1917 -0.9028
vn -0.5469 -0.7944 -0.2643
vn -0.0317 -0.7424 -0.6692
vn -0.0499 0.1270 -0.9906
vn -0.0458 -0.2430 -0.9689
vn -0.1729 0.4651 -0.8682
vn -0.2584 -0.2303 -0.9382
vn -0.1094 0.1469 -0.9831
vn -0.9650 -0.2600 -0.0340
vn -0.9410 -0.3234 0.0999
vn 0.6567 -0.6737 0.3389
vn -0.8338 0.4294 0.3469
vn -0.6021 -0.6895 0.4025
vn 0.8220 -0.3802 -0.4241
vn -0.4499 0.0089 -0.8931
vn -0.4635 0.0008 -0.8861
vn -0.4691 -0.1841 -0.8637
vn -0.3979 0.5568 -0.7291
vn -0.4270 -0.7603 -0.4894
vn 0.1614 0.5591 -0.8133
vn -0.0418 0.1322 -0.9903
vn -0.0312 -0.0366 -0.9988
vn -0.0554 -0.0178 -0.9983
vn -0.0294 -0.1733 -0.9844
vn -0.5966 -0.7731 -0.2154
vn -0.0359 0.2270 -0.9732
vn 0.0105 0.3531 -0.9355
vn 0.0183 -0.7137 -0.7002
vn 0.0614 0.4022 -0.9135
vn -0.2678 -0.5512 -0.7902
vn -0.2372 -0.3257 -0.9152
vn 0.1209 -0.7785 -0.6159
vn 0.1733 -0.1436 -0.9743
vn 0.1301 0.1762 -0.9757
vn -0.2603 -0.2282 -0.9382
vn -0.0732 0.1723 -0.9823
vn -0.6756 -0.7315 -0.0924
vn 0.1065 0.0043 -0.9943
vn 0.1761 0.2150 -0.9606
vn -0.1812 -0.0420 -0.9825
vn -0.1826 -0.0397 -0.9824
vn -0.6837 -0.7142 -0.1500
vn -0.7191 -0.6535 -0.2364
vn -0.8441 -0.5358 0.0209
vn -0.7305 -0.6797 0.0663
vn -0.6052 -0.6032 0.5195
vn 0.1607 -0.9558 -0.2464
vn -0.4499 -0.7146 0.5357
vn 0.2282 -0.9567 -0.1806
vn 0.3151 -0.9087 0.2737
vn 0.2741 -0.5307 0.8020
vn 0.3647 -0.7137 0.5980
vn -0.5038 -0.3431 0.7928
vn 0.3142 -0.9256 -0.2110
vn 0.0585 0.0352 -0.9977
vn -0.4340 0.3715 -0.8208
vn -0.4035 0.3359 -0.8511
vn -0.4666 -0.1863 -0.8646
vn 0.1895 0.2766 -0.9421
vn -0.0962 -0.2873 -0.9530
vn -0.0222 -0.2541 -0.9669
vn -0.5661 -0.3748 -0.7342
vn 0.0696 0.3739 -0.9248
vn -0.1298 -0.4644 -0.8760
vn 0.0703 0.6438 -0.7620
vn -0.0595 -0.5701 -0.8194
vn -0.1064 -0.6551 -0.7480
vn -0.2787 0.5385 -0.7952
vn -0.0182 -0.1638 -0.9863
vn -0.2732 0.5490 -0.7899
vn -0.1168 -0.2789 -0.9532
vn -0.6219 -0.7819 -0.0427
vn 0.2212 -0.1006 -0.9700
vn -0.2641 -0.3590 -0.8952
vn -0.7275 -0.6524 -0.2123
vn -0.6749 -0.7282 -0.1194
vn -0.5352 -0.8432 -0.0501
vn 0.1753 -0.9321 0.3170
vn 0.2067 -0.9759 0.0701
vn 0.0669 -0.6792 0.7309
vn 0.2919 -0.8293 0.4766
vn 0.7192 -0.2833 -0.6344
vn 0.0596 -0.5398 -0.8397
vn 0.3264 -0.8068 0.4924
vn 0.1270 -0.7914 0.5980
vn 0.4529 -0.4643 0.7611
vn -0.7768 0.4577 0.4325
vn -0.5611 0.2991 0.7718
vn -0.2169 -0.9255 0.3104
vn 0.0324 -0.9177 -0.3960
vn 0.4572 -0.8299 -0.3198
vn 0.4092 -0.9122 -0.0199
vn -0.3124 -0.6611 -0.6822
vn -0.3110 -0.6619 -0.6821
vn -0.6188 -0.7514 0.2289
vn -0.4223 -0.7244 0.5448
vn -0.1448 -0.8814 -0.4497
vn 0.1493 -0.6722 -0.7252
vn -0.1523 -0.5029 -0.8508
vn -0.1483 -0.5190 0.8418
vn -0.0945 -0.8518 0.5153
vn -0.5415 0.6783 0.4966
vn -0.0787 -0.7541 -0.6520
vn 0.0599 0.1692 -0.9838
vn 0.1283 0.0025 -0.9917
vn 0.6061 -0.1795 -0.7749
vn 0.1992 -0.2448 -0.9489
vn 0.0495 0.1298 -0.9903
vn -0.0482 0.4011 -0.9148
vn -0.0809 -0.6584 -0.7483
vn -0.1746 -0.1030 -0.9792
vn -0.1018 0.1790 -0.9786
vn 0.9761 0.1070 0.1890
vn 0.1012 0.3735 -0.9221
vn 0.1680 -0.0287 -0.9854
vn 0.7167 -0.6695 -0.1952
vn 0.0199 -0.6825 0.7307
vn -0.9229 -0.3527 -0.1544
vn -0.9824 0.1835 -0.0357
vn -0.9890 -0.1057 0.1036
vn -0.7563 -0.3397 0.5591
vn -0.1752 -0.5016 0.8472
vn -0.7050 0.0125 0.7091
vn -0.8947 -0.0485 0.4440
vn -0.8618 0.0003 0.5073
vn -0.3261 -0.8077 0.4911
vn -0.5755 -0.0726 0.8146
vn -0.7003 -0.0262 0.7134
vn -0.6904 -0.0268 0.7230
vn -0.7461 -0.6646 0.0395
vn -0.1217 -0.7780 -0.6164
vn -0.0790 -0.7497 -0.6570
vn -0.1288 -0.9236 0.3611
vn -0.5865 0.3542 0.7284
vn 0.0577 0.1039 -0.9929
vn 0.0967 -0.1099 -0.9892
vn 0.4956 0.3694 -0.7861
vn -0.0373 0.2879 -0.9569
vn -0.0526 0.4331 -0.8998
vn 0.0120 0.3719 -0.9282
vn 0.4599 0.5052 -0.7302
vn -0.0453 0.6482 -0.7601
vn -0.1024 0.6769 -0.7289
vn 0.1862 -0.7084 -0.6808
vn 0.0605 -0.0136 -0.9981
vn 0.0395 -0.0372 -0.9985
vn 0.0484 -0.1635 -0.9854
vn 0.2200 -0.2199 -0.9504
vn 0.1227 0.1427 -0.9821
vn 0.0869 0.1712 -0.9814
vn -0.2022 -0.1159 -0.9725
vn 0.2288 -0.0708 -0.9709
vn 0.7058 -0.6864 -0.1752
vn 0.7268 -0.6867 -0.0140
vn 0.7350 -0.6780 -0.0020
vn 0.6771 -0.6631 0.3191
vn -0.0844 -0.3898 0.9170
vn -0.2249 -0.9725 0.0607
vn -0.1858 0.8450 0.5014
vn -0.7940 0.0954 0.6003
vn -0.1229 -0.9535 -0.2750
vn -0.3539 -0.9336 0.0570
vn -0.4525 -0.4578 0.7653
vn -0.4961 0.3451 0.7968
vn -0.8248 -0.2108 0.5246
vn -0.4492 -0.7468 0.4905
vn -0.2732 -0.7515 0.6005
vn -0.6294 -0.0204 0.7768
vn -0.7073 -0.2887 0.6453
vn -0.2543 -0.3081 0.9167
vn -0.1482 -0.7013 -0.6973
vn -0.3269 -0.9003 -0.2874
vn 0.1375 -0.3350 -0.9321
vn 0.1828 -0.4869 -0.8541
vn 0.0884 -0.5960 -0.7981
vn 0.2958 0.6367 -0.7121
vn 0.5452 -0.7870 -0.2887
vn 0.1207 -0.7460 -0.6549
vn 0.0149 0.2766 -0.9609
vn 0.1842 0.5257 -0.8305
vn 0.0962 -0.7084 -0.6993
vn 0.1267 -0.2854 -0.9500
vn 0.2071 -0.4290 -0.8792
vn 0.1501 0.4063 -0.9013
vn 0.7003 -0.7099 -0.0749
vn -0.1255 0.1938 -0.9730
vn -0.3915 -0.8889 0.2378
vn -0.3927 -0.9169 -0.0711
vn -0.5049 -0.6833 0.5274
vn -0.2052 -0.4439 0.8723
vn -0.7097 -0.3303 0.6223
vn -0.6892 -0.3162 0.6520
vn -0.4802 -0.7580 0.4415
vn -0.5521 0.2706 0.7886
vn -0.6910 0.3840 0.6124
vn -0.6768 -0.3319 0.6571
vn -0.6882 -0.3972 0.6072
vn 0.5746 -0.5560 0.6005
vn -0.2997 -0.2566 0.9189
vn -0.8254 -0.4519 0.3385
vn -0.8890 -0.3198 -0.3277
vn -0.6396 -0.4278 -0.6386
vn -0.8161 -0.4863 -0.3122
vn 0.0494 0.1298 -0.9903
vn 0.0121 -0.2232 -0.9747
vn 0.2796 0.5724 -0.7708
vn -0.1971 0.4242 -0.8839
vn 0.2785 -0.2887 -0.9160
vn -0.4151 -0.7121 -0.5663
vn -0.5479 -0.4140 0.7269
vn -0.2584 0.0243 0.9657
vn -0.4591 -0.4669 0.7558
vn -0.6152 -0.0589 0.7862
vn -0.7277 -0.5575 0.3997
vn -0.8163 -0.4923 -0.3023
vn -0.3523 0.1461 -0.9244
vn -0.3027 -0.1653 -0.9387
vn -0.3172 0.6382 -0.7015
vn -0.2863 -0.7463 -0.6010
vn -0.2343 0.9020 -0.3626
vn -0.4462 -0.6901 -0.5698
vn -0.1022 0.4058 -0.9082
vn -0.0657 -0.1253 -0.9899
vn -0.4142 -0.6846 -0.5998
vn -0.5295 -0.0606 -0.8461
vn -0.5455 -0.0439 -0.8370
vn -0.4575 0.1689 -0.8730
vn -0.4715 0.1962 -0.8598
vn 0.7729 -0.3157 0.5504
vn -0.4875 -0.8720 -0.0446
vn -0.0907 -0.7820 0.6166
vn -0.6289 0.1003 0.7710
vn -0.6489 -0.0560 0.7588
vn 0.1338 -0.8986 0.4178
vn -0.5267 -0.7934 -0.3051
vn -0.7417 -0.6039 -0.2919
vn -0.7511 -0.5626 -0.3455
vn -0.4819 0.1415 0.8647
vn 0.0456 0.0151 -0.9988
vn 0.0297 -0.6517 -0.7579
vn -0.3370 0.2677 -0.9026
vn -0.3023 -0.3347 -0.8925
vn -0.3984 0.4384 -0.8057
vn -0.2465 -0.5739 -0.7810
vn -0.2641 -0.5559 -0.7881
vn 0.1282 0.6662 -0.7347
vn 0.5302 -0.8071 -0.2597
vn -0.1391 -0.2396 -0.9609
vn -0.4689 -0.7733 -0.4268
vn -0.1177 -0.3039 -0.9454
vn 0.5292 -0.8060 -0.2652
vn -0.0998 0.1678 -0.9808
vn -0.3283 0.3042 -0.8942
vn -0.2521 0.5825 -0.7727
vn -0.7991 -0.4654 0.3806
vn -0.4965 -0.8647 -0.0764
vn -0.7336 -0.6530 0.1882
vn -0.7569 -0.6060 0.2448
vn -0.1272 -0.7709 0.6241
vn -0.1610 -0.7926 0.5881
vn -0.2616 0.7554 0.6008
vn -0.2313 -0.0339 0.9723
vn -0.2454 0.6796 0.6913
vn -0.6139 0.1443 0.7761
vn -0.6117 0.0969 0.7852
vn -0.2994 -0.9537 0.0299
vn 0.0469 -0.1190 -0.9918
vn 0.0211 0.4022 -0.9153
vn 0.0325 -0.6432 -0.7650
vn -0.4821 0.0651 -0.8737
vn -0.4703 -0.0425 -0.8815
vn -0.3190 -0.3472 -0.8819
vn -0.4491 0.3944 -0.8017
vn -0.4290 0.3289 -0.8413
vn -0.0973 0.2953 -0.9504
vn 0.1061 0.5984 -0.7942
vn -0.1505 -0.2498 -0.9565
vn 0.6676 -0.2054 -0.7156
vn -0.0797 -0.2564 -0.9633
vn -0.6031 -0.6988 -0.3847
vn -0.1871 -0.0516 -0.9810
vn -0.6470 -0.3896 -0.6555
vn -0.8047 -0.0876 -0.5872
vn -0.7648 -0.0015 -0.6443
vn -0.7869 0.2211 -0.5762
vn -0.7078 -0.0863 0.7011
vn -0.7309 0.0802 0.6778
vn -0.6486 -0.0314 0.7604
vn -0.7083 -0.4519 0.5423
vn -0.7302 0.1551 0.6654
vn 0.6482 -0.6779 0.3469
vn -0.4983 0.0030 -0.8670
vn 0.0792 -0.7641 -0.6402
vn -0.4676 -0.2768 -0.8395
vn -0.6198 0.4107 -0.6687
vn -0.1334 0.1125 -0.9847
vn -0.1463 -0.0249 -0.9889
vn -0.2096 -0.0596 -0.9760
vn -0.2315 -0.2098 -0.9499
vn 0.6355 -0.2326 -0.7362
vn -0.1418 0.4466 -0.8834
vn -0.0620 0.2070 -0.9764
vn -0.7474 -0.4865 -0.4525
vn -0.7234 0.4711 -0.5047
vn -0.7645 -0.1736 -0.6208
vn -0.7517 0.2738 -0.5999
vn -0.9851 0.0087 -0.1718
vn -0.9761 -0.0104 0.2173
vn -0.7314 -0.6817 0.0173
vn -0.7738 -0.3685 0.5152
vn -0.7179 -0.2085 0.6642
vn 0.3734 -0.8554 0.3591
vn 0.4535 -0.8890 0.0634
vn -0.5200 -0.8480 0.1027
vn -0.5822 -0.7856 0.2095
vn 0.0279 0.0369 -0.9989
vn -0.6103 0.1710 -0.7735
vn 0.0592 0.6563 -0.7522
vn -0.5456 -0.5196 -0.6575
vn -0.1423 0.2273 -0.9634
vn -0.1491 0.1230 -0.9811
vn -0.5440 -0.7339 -0.4068
vn -0.1470 0.3785 -0.9139
vn -0.1592 0.5939 -0.7886
vn -0.6967 0.5991 -0.3947
vn 0.6371 -0.1599 -0.7540
vn 0.0598 -0.8347 -0.5474
vn -0.4411 0.1595 -0.8832
vn 0.1034 -0.8029 -0.5870
vn -0.6490 0.5229 -0.5526
vn -0.9350 -0.2265 -0.2727
vn -0.5054 -0.7643 -0.4005
vn -0.9510 0.2927 -0.0997
vn -0.9383 -0.1875 -0.2907
vn -0.9479 0.1760 -0.2655
vn -0.9069 0.1343 0.3994
vn -0.9083 0.1418 0.3936
vn -0.8702 -0.4713 -0.1438
vn -0.9405 -0.2658 0.2117
vn -0.7284 0.2364 0.6431
vn -0.8753 -0.4774 -0.0767
vn 0.7979 -0.2587 0.5444
vn -0.8411 -0.4682 0.2707
vn -0.8429 -0.3665 0.3940
vn -0.7146 0.4199 0.5595
vn 0.3088 -0.9375 0.1606
vn -0.5358 -0.5613 0.6308
vn -0.0028 0.4237 -0.9058
vn -0.6986 0.1759 -0.6936
vn -0.6886 -0.2847 -0.6669
vn -0.6727 -0.2952 -0.6785
vn -0.1631 0.6994 -0.6958
vn -0.7005 0.3595 -0.6165
vn -0.0561 -0.7143 -0.6976
vn -0.3592 -0.2274 -0.9051
vn -0.3396 -0.2185 -0.9148
vn 0.6245 -0.1603 -0.7644
vn -0.6605 0.6200 -0.4235
vn -0.4915 -0.2265 -0.8409
vn -0.2842 0.5629 -0.7761
vn -0.7797 0.6033 -0.1676
vn -0.2631 0.5758 -0.7741
vn -0.4500 0.1727 -0.8762
vn -0.2598 -0.9463 -0.1923
vn -0.8171 0.5763 -0.0146
vn -0.6042 0.7968 -0.0031
vn 0.1934 -0.8070 -0.5580
vn -0.9008 0.3697 0.2278
vn 0.3917 -0.9201 0.0073
vn 0.3630 -0.9311 0.0349
vn -0.8868 -0.4573 -0.0666
vn -0.3121 -0.7114 0.6296
vn -0.6425 0.6845 0.3444
vn -0.6025 -0.1352 0.7866
vn 0.5653 -0.6867 0.4570
vn -0.2326 -0.9648 0.1230
vn -0.0954 -0.3692 0.9245
vn -0.0925 -0.2413 0.9660
vn -0.4152 -0.8587 0.3003
vn -0.6915 -0.0268 -0.7219
vn -0.4770 -0.2016 -0.8555
vn 0.2356 -0.8435 -0.4826
vn -0.7482 0.3566 -0.5594
vn -0.5522 -0.3441 -0.7594
vn -0.2897 0.0676 -0.9547
vn -0.2809 -0.0496 -0.9585
vn 0.4097 -0.2422 -0.8795
vn -0.3757 -0.6335 -0.6765
vn -0.8201 0.4105 -0.3986
vn -0.3050 0.6399 -0.7054
vn -0.2624 0.5698 -0.7788
vn -0.5187 -0.1181 -0.8468
vn -0.6172 -0.7409 -0.2647
vn -0.7036 0.6904 -0.1684
vn -0.7882 0.5705 -0.2309
vn 0.0053 -0.7716 -0.6361
vn -0.9300 -0.3637 0.0543
vn -0.9375 -0.3230 0.1297
vn -0.9305 -0.3560 0.0865
vn -0.8692 -0.4929 0.0388
vn -0.8902 -0.2855 0.3550
vn -0.8052 -0.1888 0.5621
vn -0.6091 -0.6459 0.4602
vn -0.5560 -0.7341 0.3897
vn 0.1328 -0.7174 -0.6839
vn -0.7452 0.1459 -0.6507
vn -0.7520 0.0541 -0.6570
vn -0.8061 0.1895 -0.5606
vn 0.5050 -0.1615 -0.8479
vn -0.2962 0.0693 -0.9526
vn -0.3811 -0.1011 -0.9190
vn -0.3324 0.6259 -0.7055
vn -0.8743 0.3791 -0.3030
vn -0.4692 -0.2379 -0.8504
vn -0.8798 0.4386 -0.1833
vn -0.6361 -0.7334 -0.2398
vn -0.3911 -0.7525 -0.5299
vn -0.4497 -0.8907 -0.0672
vn -0.7947 0.4804 0.3710
vn -0.7902 0.5088 0.3416
vn -0.6746 -0.4076 0.6155
vn -0.7058 0.4134 0.5753
vn -0.7601 0.1725 0.6264
vn -0.1950 -0.9747 0.1092
vn -0.7337 -0.6044 0.3105
vn -0.6326 -0.7212 0.2823
vn -0.4300 0.0487 -0.9015
vn -0.3605 0.4164 -0.8347
vn -0.3852 0.4006 -0.8313
vn -0.3372 0.6595 -0.6719
vn -0.6211 -0.5847 -0.5219
vn -0.4830 -0.2518 -0.8387
vn -0.4686 -0.2028 -0.8598
vn -0.8028 0.4534 -0.3873
vn -0.7909 0.5448 -0.2789
vn -0.5470 -0.6499 -0.5276
vn -0.4063 0.7487 0.5239
vn -0.7153 -0.5682 0.4069
vn -0.4673 -0.6880 0.5552
vn -0.9024 -0.3429 0.2608
vn -0.6930 0.3642 0.6222
vn -0.8647 -0.2477 0.4371
vn -0.8735 -0.2491 0.4182
vn -0.9083 0.2071 0.3634
vn -0.9340 0.1754 0.3113
vn -0.8349 -0.1160 0.5380
vn -0.8294 -0.1274 0.5439
vn -0.1474 -0.9813 0.1237
vn -0.1446 -0.9768 0.1582
vn -0.4629 -0.3676 0.8066
vn -0.7439 -0.6552 0.1313
vn -0.3579 -0.1308 -0.9245
vn -0.2827 -0.5975 -0.7504
vn -0.2842 -0.6004 -0.7475
vn -0.4244 0.6072 -0.6717
vn 0.4730 -0.1428 -0.8694
vn 0.4778 -0.1599 -0.8638
vn -0.9040 0.1833 -0.3864
vn -0.9330 0.0704 -0.3530
vn -0.9102 0.0226 -0.4136
vn -0.9003 -0.1122 -0.4205
vn -0.3170 0.2279 -0.9207
vn -0.5491 -0.0970 -0.8301
vn 0.5317 -0.1912 -0.8251
vn 0.5256 -0.1682 -0.8339
vn -0.8776 -0.2791 -0.3898
vn -0.6069 -0.1946 -0.7705
vn 0.6017 -0.2085 -0.7710
vn -0.9225 0.2682 -0.2774
vn -0.9186 -0.1967 -0.3426
vn -0.8272 -0.4108 -0.3834
vn -0.9327 0.2610 -0.2490
vn -0.8713 -0.4273 -0.2416
vn -0.7293 -0.2249 -0.6462
vn -0.6614 0.5076 -0.5521
vn -0.8272 -0.4831 -0.2869
vn -0.8125 -0.1477 -0.5640
vn -0.7775 0.0930 -0.6219
vn -0.7949 -0.1256 -0.5936
vn -0.7894 0.1121 -0.6035
vn -0.7132 -0.5709 -0.4067
vn -0.8231 -0.5096 0.2507
vn -0.9555 -0.0016 0.2951
vn -0.7643 -0.1827 0.6184
vn -0.4612 0.0439 0.8862
vn -0.7384 -0.2280 0.6347
vn -0.2713 -0.6455 -0.7140
vn -0.1555 0.5768 -0.8019
vn -0.9749 0.0672 -0.2124
vn -0.9167 -0.1974 -0.3474
vn -0.7540 -0.2017 -0.6251
vn -0.9969 0.0261 -0.0740
vn 0.9576 -0.1862 -0.2200
vn -0.8708 0.2471 -0.4251
vn -0.9284 -0.2154 -0.3027
vn -0.8739 0.3342 -0.3530
vn -0.7494 -0.3495 -0.5624
vn -0.8174 -0.4328 -0.3801
vn -0.8596 0.4682 -0.2045
vn -0.8734 0.4768 -0.0994
vn -0.8604 0.5058 -0.0624
vn -0.7628 -0.3993 0.5087
vn -0.8628 0.5037 0.0430
vn -0.8702 0.4885 0.0634
vn -0.8454 -0.2726 0.4594
vn -0.7445 -0.3601 0.5622
vn -0.8472 0.4668 0.2536
vn -0.8631 0.4028 0.3048
vn -0.8663 0.0745 0.4939
vn -0.8472 0.0001 0.5313
vn -0.9175 -0.1361 0.3738
vn -0.7844 0.0734 0.6159
vn -0.7016 0.0004 0.7126
vn -0.6974 -0.0727 0.7130
vn -0.2247 -0.9731 0.0515
vn -0.7073 -0.2725 0.6523
vn -0.7535 -0.6243 0.2061
vn -0.6520 -0.1909 0.7338
vn -0.7893 -0.6001 0.1300
vn -0.3877 -0.0840 -0.9179
vn -0.6406 0.4649 -0.6112
vn -0.5719 0.5511 -0.6076
vn -0.2390 0.1294 -0.9624
vn -0.5436 -0.1059 -0.8326
vn -0.3453 -0.1334 -0.9289
vn 0.8590 -0.0498 -0.5096
vn 0.8140 -0.1547 -0.5598
vn -0.8716 0.0101 -0.4901
vn -0.8011 -0.1871 -0.5685
vn -0.9341 -0.0511 -0.3533
vn 0.9450 -0.2873 -0.1567
vn -0.9452 -0.1825 -0.2707
vn -0.8986 0.3383 -0.2793
vn -0.8951 0.0449 -0.4436
vn -0.9593 0.1474 -0.2409
vn -0.9505 -0.2816 -0.1311
vn -0.9499 -0.2939 0.1064
vn -0.8767 -0.2802 0.3911
vn -0.8710 -0.2667 0.4127
vn -0.9589 0.2564 0.1217
vn -0.9322 0.2364 0.2740
vn -0.9266 -0.1012 0.3622
vn -0.8991 -0.1246 0.4196
vn -0.9188 0.1066 0.3801
vn -0.9170 -0.0655 0.3934
vn -0.9233 -0.0810 0.3755
vn -0.8464 -0.5320 -0.0223
vn -0.8761 -0.4585 0.1492
vn -0.9333 -0.3151 0.1725
vn -0.1992 -0.5899 -0.7825
vn -0.0878 -0.1268 -0.9880
vn -0.0603 -0.0279 -0.9978
vn 0.5764 -0.1465 -0.8039
vn -0.1963 0.3525 -0.9150
vn -0.3225 0.0442 -0.9455
vn 0.6489 -0.0793 -0.7567
vn -0.2148 0.4125 -0.8853
vn -0.6123 -0.2362 -0.7545
vn -0.6799 -0.3138 -0.6627
vn -0.7580 -0.2156 -0.6156
vn -0.9842 0.0180 -0.1761
vn -0.9784 -0.0263 -0.2052
vn -0.9597 -0.1816 -0.2144
vn -0.8532 -0.2181 -0.4738
vn -0.9521 0.1317 -0.2759
vn -0.9811 -0.1177 -0.1536
vn -0.9485 -0.1484 -0.2799
vn -0.9604 0.2662 -0.0825
vn -0.9992 0.0011 -0.0390
vn -0.9605 0.2657 -0.0831
vn -0.9895 -0.1053 0.0988
vn -0.9896 -0.1126 0.0894
vn -0.9753 0.1256 -0.1816
vn -0.9901 -0.0506 -0.1311
vn -0.9589 0.2563 0.1216
vn -0.9394 -0.1227 0.3200
vn -0.9912 -0.0766 0.1077
vn -0.9763 0.1286 0.1739
vn -0.9764 0.1497 0.1556
vn -0.9916 -0.0742 0.1057
vn -0.9519 0.0079 0.3064
vn -0.9210 -0.2553 0.2941
vn -0.5859 -0.8065 0.0795
vn -0.8964 -0.4404 -0.0498
vn -0.9482 0.1992 0.2474
vn -0.8762 -0.1696 0.4511
vn -0.5832 -0.8025 0.1258
vn -0.8834 -0.4686 -0.0037
vn -0.8722 0.2136 0.4400
vn -0.8558 -0.1673 0.4895
vn -0.8573 0.0984 0.5053
vn -0.8423 0.1446 0.5192
vn -0.8940 -0.0229 0.4474
vn -0.9080 -0.3540 0.2241
vn -0.7679 0.3848 -0.5121
vn 0.9435 -0.1184 -0.3094
vn -0.0794 -0.1211 -0.9895
vn -0.1155 -0.0682 -0.9910
vn 0.5507 -0.0847 -0.8304
vn 0.5590 -0.0775 -0.8256
vn -0.7120 0.5062 -0.4866
vn -0.8820 -0.2832 -0.3766
vn -0.1803 0.9328 -0.3120
vn -0.9117 -0.1361 -0.3878
vn -0.9456 -0.1434 -0.2921
vn -0.9297 -0.1924 -0.3140
vn 0.9419 -0.3029 0.1451
vn -0.9284 -0.1872 -0.3211
vn -0.9997 0.0208 -0.0123
vn -0.9974 0.0663 0.0282
vn -0.9734 -0.2130 -0.0846
vn -0.9671 -0.2492 -0.0511
vn 0.5922 -0.5338 0.6036
vn -0.6431 0.2540 0.7225
vn -0.9369 -0.3398 0.0821
vn -0.8777 -0.4756 -0.0587
vn -0.9739 -0.2268 0.0132
vn -0.8566 -0.5140 -0.0459
vn -0.7643 0.3854 0.5170
vn -0.9289 -0.3701 0.0110
vn -0.9543 0.2081 0.2147
vn -0.9743 -0.1513 0.1667
vn -0.8302 -0.5476 0.1044
vn -0.9296 -0.3661 -0.0437
vn -0.9677 0.0042 0.2523
vn -0.9573 -0.0179 0.2884
vn -0.9410 -0.1300 0.3125
vn -0.8172 -0.0382 -0.5751
vn -0.8239 0.1693 -0.5409
vn -0.8070 0.1397 -0.5738
vn -0.1041 -0.0439 -0.9936
vn 0.4297 -0.1333 -0.8931
vn 0.7111 0.0305 -0.7024
vn 0.6197 0.2373 -0.7481
vn -0.1805 -0.0861 -0.9798
vn 0.0310 -0.7349 -0.6775
vn -0.9059 -0.3114 -0.2871
vn -0.9009 -0.1642 -0.4017
vn -0.9851 -0.1706 -0.0229
vn -0.9642 -0.1154 -0.2390
vn -0.8542 0.4853 -0.1866
vn -0.9842 -0.0387 -0.1727
vn -0.8526 0.4817 -0.2024
vn 0.7290 -0.4209 0.5398
vn -0.8749 0.4829 -0.0364
vn -0.9668 -0.0871 0.2403
vn -0.9998 -0.0170 0.0045
vn -0.9997 0.0178 -0.0196
vn -0.4400 -0.3768 0.8151
vn -0.9841 0.1466 0.1004
vn -0.9955 -0.0853 -0.0406
vn -0.8452 0.4539 0.2821
vn -0.9988 -0.0458 0.0199
vn -0.9997 0.0228 -0.0039
vn -0.9937 -0.1108 -0.0182
vn 0.3870 -0.2790 0.8789
vn -0.8826 0.3928 0.2583
vn -0.9836 0.1463 0.1059
vn -0.9940 0.0436 0.0999
vn -0.9876 -0.1122 0.1099
vn -0.9882 -0.0021 0.1530
vn -0.7861 0.0246 -0.6175
vn -0.7382 -0.3186 -0.5946
vn 0.3684 0.1297 -0.9206
vn 0.4920 0.2087 -0.8452
vn -0.1752 0.0273 -0.9842
vn -0.0911 -0.2496 -0.9641
vn -0.1499 -0.5541 -0.8189
vn -0.8015 0.4050 -0.4401
vn -0.1290 -0.9047 -0.4060
vn -0.8194 -0.5559 -0.1402
vn -0.8272 -0.2957 0.4779
vn -0.8243 -0.3002 0.4801
vn -0.5794 -0.7274 0.3677
vn 0.4656 0.2771 -0.8405
vn -0.7252 -0.3143 -0.6126
vn -0.7781 -0.2722 -0.5661
vn -0.6503 -0.4154 -0.6360
vn 0.4635 0.1985 -0.8636
vn -0.2279 0.3909 -0.8918
vn -0.2674 -0.0127 -0.9635
vn -0.1494 0.0878 -0.9849
vn -0.8072 0.3920 -0.4413
vn 0.0400 -0.8769 -0.4790
vn -0.8875 0.3761 -0.2662
vn 0.0678 -0.9473 0.3132
vn 0.1441 -0.9550 0.2594
vn -0.0565 -0.8802 0.4712
vn 0.6421 0.4145 -0.6449
vn 0.5816 -0.3506 -0.7341
vn 0.6903 -0.2334 -0.6848
vn 0.3612 0.2449 -0.8998
vn -0.9013 0.0741 -0.4267
vn -0.8614 -0.0114 -0.5078
vn -0.8826 0.1673 -0.4394
vn -0.5921 -0.0812 -0.8018
vn -0.6047 -0.0626 -0.7940
vn -0.9015 0.2008 -0.3834
vn -0.2180 0.4121 -0.8847
vn -0.8755 0.3078 -0.3724
vn -0.3819 0.7955 -0.4704
vn -0.4297 0.8036 -0.4117
vn -0.9248 0.3083 -0.2228
vn -0.9314 0.2847 -0.2267
vn -0.9342 0.3498 -0.0698
vn 0.3437 -0.6288 0.6975
vn -0.2741 -0.7000 0.6594
vn -0.4990 0.1972 0.8439
vn 0.1483 0.6290 -0.7631
vn -0.1568 0.3258 -0.9323
vn -0.1761 0.1634 -0.9707
vn -0.1757 0.1618 -0.9711
vn -0.1702 0.1717 -0.9703
vn 0.9435 -0.2471 -0.2207
vn -0.6625 -0.0158 -0.7489
vn -0.5873 -0.0024 -0.8094
vn -0.5973 0.0161 -0.8019
vn -0.6192 -0.0161 -0.7851
vn -0.6264 -0.0053 -0.7794
vn -0.1259 0.1014 -0.9868
vn -0.0002 -0.3096 -0.9509
vn 0.0133 -0.2135 -0.9769
vn -0.2830 0.4616 -0.8408
vn 0.3481 -0.8619 -0.3687
vn 0.5159 -0.8278 0.2204
vn -0.2041 0.5113 0.8348
vn -0.8798 0.3393 0.3329
vn -0.8499 0.1025 0.5170
vn -0.6968 -0.4956 0.5185
vn -0.7964 0.2607 0.5457
vn -0.7329 -0.3283 0.5959
vn 0.6500 -0.3216 -0.6885
vn -0.5713 0.0355 -0.8200
vn -0.6457 0.1434 -0.7500
vn -0.1653 0.1475 -0.9752
vn 0.1362 -0.5245 -0.8405
vn 0.1361 -0.3903 -0.9106
vn 0.2834 -0.8140 -0.5071
vn -0.9497 0.2554 -0.1814
vn -0.3035 -0.7239 0.6195
vn -0.9648 0.2599 0.0413
vn -0.9582 0.2830 -0.0416
vn -0.8133 0.2031 0.5452
vn -0.3789 -0.2406 0.8936
vn -0.5929 -0.0494 0.8038
vn -0.1803 -0.3255 -0.9282
vn -0.1987 -0.3076 -0.9305
vn 0.6063 -0.2321 -0.7606
vn 0.6422 -0.3173 -0.6978
vn 0.7863 -0.1567 -0.5977
vn -0.1599 0.3767 -0.9125
vn -0.1766 0.3129 -0.9332
vn -0.6067 0.1784 -0.7747
vn -0.6606 -0.0046 -0.7507
vn -0.8944 0.0208 -0.4468
vn -0.9415 0.2184 -0.2567
vn -0.9640 0.2020 -0.1730
vn -0.9653 0.2180 -0.1436
vn -0.9723 -0.2334 -0.0081
vn -0.6323 -0.0888 0.7696
vn -0.6112 0.0025 0.7915
vn -0.1349 -0.1838 -0.9737
vn 0.0880 -0.2872 -0.9538
vn 0.1423 -0.1896 -0.9715
vn -0.0420 0.6514 -0.7576
vn 0.1824 -0.2154 -0.9593
vn -0.0180 0.6706 -0.7416
vn 0.3320 -0.1630 -0.9291
vn 0.4905 -0.2732 -0.8275
vn 0.7668 -0.4713 -0.4358
vn 0.7158 -0.3653 -0.5951
vn -0.1830 0.3660 -0.9124
vn -0.6199 0.3459 -0.7043
vn -0.4304 0.6442 -0.6323
vn -0.4159 0.4360 -0.7981
vn -0.4100 0.4148 -0.8123
vn -0.8767 0.0474 -0.4787
vn -0.9280 0.1751 -0.3290
vn -0.9298 0.1510 -0.3357
vn 0.3892 -0.8111 -0.4367
vn 0.7637 -0.3471 0.5443
vn 0.2116 -0.5155 0.8304
vn -0.9674 0.2139 0.1353
vn -0.9656 0.2050 0.1603
vn -0.8355 0.1943 0.5140
vn -0.6899 -0.0946 0.7177
vn -0.6965 -0.0446 0.7161
vn -0.5050 -0.1924 -0.8414
vn 0.4001 -0.0385 -0.9157
vn 0.3314 -0.3827 -0.8624
vn 0.6994 -0.5365 -0.4722
vn 0.4393 -0.7981 -0.4123
vn 0.3872 -0.4367 -0.8120
vn 0.5852 -0.8057 -0.0914
vn 0.6471 -0.7284 -0.2250
vn -0.5152 0.5004 -0.6958
vn -0.6689 0.0498 -0.7417
vn 0.1869 -0.9814 0.0427
vn -0.6051 0.2590 -0.7529
vn 0.7181 -0.6858 0.1186
vn 0.8222 -0.5690 0.0163
vn -0.2449 0.1926 -0.9502
vn -0.8979 0.0330 -0.4391
vn -0.9027 0.0126 -0.4301
vn -0.8996 0.0655 -0.4317
vn -0.9002 0.0146 -0.4353
vn 0.6974 -0.4591 0.5503
vn -0.9827 0.0489 -0.1784
vn 0.4412 -0.8974 0.0049
vn -0.9757 0.1545 -0.1552
vn -0.9720 0.1644 -0.1678
vn 0.4168 -0.5308 0.7379
vn 0.2434 -0.1633 0.9561
vn -0.3111 0.0712 0.9477
vn -0.9800 0.1690 0.1053
vn -0.6769 -0.4673 0.5688
vn -0.8884 -0.0490 0.4564
vn -0.8706 0.0090 0.4919
vn -0.8862 0.0272 0.4625
vn -0.2936 -0.1693 -0.9408
vn -0.2836 0.6250 -0.7273
vn 0.1840 -0.4935 -0.8500
vn 0.2731 -0.0724 -0.9593
vn 0.3625 -0.1373 -0.9218
vn 0.3560 -0.1738 -0.9182
vn 0.6607 -0.1072 -0.7429
vn 0.6372 0.0517 -0.7690
vn 0.5933 -0.6737 -0.4407
vn -0.5459 0.3387 -0.7663
vn 0.3046 -0.5582 -0.7718
vn 0.3231 -0.4503 -0.8324
vn -0.6485 -0.0158 -0.7611
vn -0.8481 0.1357 -0.5122
vn 0.3980 -0.8143 -0.4225
vn -0.9385 0.0363 -0.3433
vn -0.9255 0.1909 -0.3270
vn -0.9731 0.0155 -0.2297
vn -0.9830 0.0506 -0.1765
vn -0.9710 0.0207 -0.2381
vn -0.9796 0.0566 -0.1930
vn -0.9929 0.0435 0.1106
vn -0.6180 -0.1750 0.7665
vn -0.9848 0.0562 0.1645
vn -0.8744 -0.0325 0.4841
vn -0.8842 0.1611 0.4384
vn -0.6499 -0.0115 0.7599
vn -0.9899 0.0575 0.1295
vn -0.7117 0.2720 0.6477
vn -0.7352 -0.1553 0.6598
vn -0.4012 -0.0815 -0.9123
vn -0.2393 -0.1082 -0.9649
vn 0.0466 0.0038 -0.9989
vn 0.0644 -0.2305 -0.9709
vn -0.3016 0.6298 -0.7158
vn -0.0070 -0.3322 -0.9432
vn 0.6586 0.2325 -0.7157
vn 0.1779 -0.6708 -0.7200
vn 0.1769 -0.3878 -0.9046
vn -0.6594 0.3789 -0.6493
vn -0.7791 0.1968 -0.5952
vn -0.6263 0.5245 -0.5768
vn -0.0286 -0.9995 0.0132
vn -0.8547 0.1429 -0.4991
vn -0.8553 0.1460 -0.4972
vn -0.5815 0.6590 -0.4771
vn 0.3365 -0.7207 -0.6061
vn -0.2539 -0.9104 -0.3266
vn 0.6577 -0.5095 0.5548
vn -0.9683 0.1372 -0.2089
vn -0.9664 0.1327 -0.2202
vn -0.9765 0.0612 0.2066
vn -0.9792 0.0561 0.1951
vn -0.9838 -0.0079 0.1792
vn -0.9925 -0.0190 0.1210
vn -0.8157 0.2564 0.5185
vn -0.8715 -0.0239 0.4898
vn -0.6444 0.4277 -0.6339
vn -0.6516 0.0914 -0.7530
vn -0.1894 -0.1656 -0.9678
vn -0.0427 0.2619 -0.9642
vn -0.0719 -0.4342 -0.8979
vn 0.3194 -0.0342 -0.9470
vn 0.0923 -0.1712 -0.9809
vn 0.0438 0.1417 -0.9889
vn -0.0017 -0.9946 -0.1033
vn -0.1164 -0.7901 -0.6018
vn -0.1731 -0.7066 -0.6861
vn 0.1375 0.1989 -0.9703
vn 0.3855 0.1407 -0.9119
vn 0.3116 0.3401 -0.8872
vn -0.0156 -0.9997 0.0188
vn -0.5828 0.7631 -0.2793
vn -0.8908 0.0380 -0.4527
vn -0.8853 0.0532 -0.4619
vn -0.8485 0.2886 -0.4436
vn -0.8567 0.5024 -0.1172
vn -0.9746 0.1262 -0.1850
vn -0.9730 0.1620 -0.1643
vn 0.1241 -0.1017 0.9870
vn -0.9129 0.3705 0.1716
vn -0.8651 0.4506 0.2204
vn -0.9221 -0.3233 0.2128
vn -0.9318 0.1072 0.3467
vn -0.8775 0.3640 0.3123
vn -0.7986 -0.0144 0.6017
vn 0.7351 -0.6767 0.0404
vn -0.8842 0.2118 0.4163
vn -0.9000 -0.0432 0.4337
vn -0.8900 -0.0164 0.4556
vn -0.8212 0.2734 0.5008
vn -0.8317 -0.0868 0.5484
vn -0.5635 -0.0390 -0.8252
vn 0.7490 -0.6594 -0.0656
vn -0.0663 -0.4300 -0.9004
vn 0.1935 0.1702 -0.9662
vn 0.3451 0.1219 -0.9306
vn 0.0605 0.2688 -0.9613
vn 0.2014 0.2327 -0.9515
vn 0.3233 0.3551 -0.8771
vn 0.3084 0.3675 -0.8774
vn 0.0788 -0.6134 -0.7858
vn -0.0032 -0.9998 -0.0175
vn -0.3970 0.8513 -0.3430
vn -0.7966 0.3178 -0.5142
vn -0.0005 -0.9994 0.0355
vn -0.8949 0.3291 -0.3012
vn -0.8878 0.1852 -0.4214
vn -0.9723 0.1521 -0.1775
vn -0.9639 0.2018 -0.1736
vn -0.9569 0.0454 -0.2869
vn -0.9831 0.1754 -0.0514
vn -0.9866 0.1453 0.0738
vn -0.9479 -0.0714 0.3104
vn -0.9196 0.3307 0.2123
vn -0.9879 -0.0126 0.1548
vn -0.9080 0.0235 0.4183
vn -0.9702 -0.0417 0.2386
vn 0.1236 0.2163 -0.9685
vn 0.0762 -0.2923 -0.9533
vn 0.3581 -0.8599 -0.3638
vn -0.5381 -0.0312 -0.8423
vn -0.5570 -0.0161 -0.8304
vn -0.0368 0.0476 -0.9982
vn -0.2707 0.3362 -0.9020
vn -0.0513 -0.2698 -0.9615
vn 0.0986 0.1847 -0.9778
vn -0.3682 -0.6277 -0.6859
vn -0.0018 -0.9986 -0.0534
vn 0.0016 -0.9993 -0.0385
vn -0.9383 0.2577 -0.2306
vn -0.2435 0.3130 -0.9180
vn 0.1117 -0.2168 -0.9698
vn 0.1715 -0.3844 -0.9071
vn -0.9842 0.1372 -0.1115
vn -0.9653 0.2610 -0.0063
vn -0.9412 0.1135 0.3183
vn 0.0279 -0.8760 -0.4815
vn 0.4214 -0.9065 0.0262
vn 0.0060 -0.9644 -0.2643
vn -0.5341 -0.0173 0.8452
vn -0.3903 0.2205 -0.8939
vn -0.5943 -0.1467 -0.7908
vn -0.5234 -0.2895 -0.8014
vn -0.7689 0.0572 -0.6368
vn -0.7717 0.0634 -0.6328
vn -0.8092 0.1178 -0.5756
vn -0.3694 -0.6284 -0.6846
vn 0.3333 -0.7188 -0.6101
vn 0.1813 -0.8022 -0.5688
vn 0.0593 -0.9141 -0.4012
vn -0.2527 -0.0741 0.9647
vn 0.1283 -0.1566 -0.9793
vn 0.1100 -0.7368 -0.6671
vn 0.2964 -0.8930 -0.3388
vn -0.3923 0.0207 -0.9196
vn -0.3168 -0.0225 -0.9482
vn 0.1521 -0.9232 0.3531
vn -0.3546 0.0748 -0.9320
vn -0.2936 0.1587 -0.9427
vn -0.3474 0.1773 -0.9208
vn 0.1673 -0.9858 -0.0143
vn -0.3050 -0.3037 -0.9026
vn -0.3745 0.2078 -0.9036
vn -0.2664 0.3278 -0.9064
vn -0.2017 0.3610 -0.9105
vn -0.2947 -0.6386 -0.7108
vn -0.2496 0.3815 -0.8900
vn -0.3726 0.3230 -0.8700
vn -0.4522 -0.7267 -0.5171
vn -0.3246 -0.1063 -0.9398
vn -0.3627 0.1852 -0.9133
vn -0.7302 0.6393 -0.2411
vn -0.3349 0.4423 -0.8320
vn 0.1543 -0.3634 -0.9188
vn 0.3178 -0.7558 -0.5725
vn -0.5746 0.6594 -0.4848
vn -0.6556 -0.0336 0.7544
vn -0.6680 -0.0765 0.7403
vn 0.3730 -0.8015 0.4674
vn 0.8802 -0.1251 0.4578
vn 0.4858 -0.0786 0.8705
vn -0.0502 -0.7731 -0.6323
vn -0.0662 -0.9719 -0.2257
vn -0.7915 0.0466 -0.6094
vn -0.4259 -0.2071 -0.8807
vn -0.5174 -0.5374 -0.6659
vn -0.9057 0.1355 -0.4018
vn -0.1865 0.2692 -0.9448
vn -0.8215 0.5486 -0.1552
vn -0.2203 0.4423 -0.8694
vn -0.5484 0.7285 -0.4106
vn -0.9274 0.3469 0.1399
vn 0.8882 -0.4582 0.0335
vn 0.3524 -0.8452 -0.4019
vn -0.9237 0.1368 0.3578
vn -0.8992 -0.0438 0.4354
vn -0.6434 -0.0219 0.7653
vn -0.7916 0.0360 0.6099
vn 0.3720 -0.8078 0.4573
vn 0.0078 -0.9996 -0.0270
vn -0.2547 0.6901 -0.6774
vn -0.6789 0.0305 -0.7336
vn 0.2750 -0.9530 -0.1269
vn -0.6295 0.1293 -0.7662
vn -0.5430 0.4213 -0.7264
vn -0.6590 0.2598 -0.7059
vn 0.2295 -0.9133 0.3366
vn -0.5276 -0.6932 -0.4911
vn -0.0498 -0.9947 -0.0902
vn -0.9434 0.1022 -0.3155
vn -0.9261 0.1368 -0.3516
vn -0.9151 0.1076 -0.3885
vn -0.0790 -0.9968 -0.0123
vn -0.3372 0.4715 -0.8149
vn 0.5125 -0.2007 -0.8349
vn 0.2834 0.3182 -0.9047
vn -0.9381 0.2829 -0.2000
vn -0.9762 0.0202 0.2157
vn -0.1691 -0.9446 0.2813
vn -0.9714 0.1214 0.2042
vn 0.0328 -0.9111 -0.4108
vn -0.9739 0.1544 0.1662
vn 0.6506 -0.7054 0.2813
vn 0.4603 -0.1173 0.8800
vn -0.9272 0.1300 0.3512
vn -0.8977 0.0705 0.4350
vn -0.8521 0.0457 0.5213
vn -0.7873 -0.1762 0.5909
vn -0.8557 -0.0147 0.5173
vn -0.6941 0.2071 0.6895
vn 0.0723 -0.9298 -0.3610
vn 0.0021 -0.9999 -0.0109
vn 0.0023 -1.0000 -0.0024
vn -0.4350 -0.2471 -0.8659
vn -0.7104 0.0455 -0.7023
vn -0.7954 -0.1043 -0.5970
vn -0.7456 -0.2037 -0.6345
vn -0.6625 0.2601 -0.7024
vn -0.8043 -0.4106 -0.4294
vn -0.6181 -0.5530 -0.5587
vn -0.8762 -0.2151 -0.4313
vn -0.7244 0.6101 -0.3210
vn -0.5935 -0.7049 -0.3884
vn -0.7586 -0.1168 -0.6410
vn -0.6164 0.1358 -0.7757
vn 0.3823 -0.9197 -0.0888
vn 0.2820 -0.9263 0.2499
vn -0.2382 -0.9702 -0.0447
vn -0.9801 0.1437 -0.1368
vn -0.9793 -0.1859 0.0802
vn -0.0600 -0.8639 0.5001
vn -0.9798 0.1430 -0.1397
vn -0.0753 0.5733 -0.8159
vn 0.1530 -0.0648 -0.9861
vn -0.9821 0.1361 0.1299
vn 0.0830 -0.9960 0.0338
vn -0.9108 0.0602 0.4085
vn -0.5413 0.8333 -0.1121
vn -0.9007 -0.1706 0.3996
vn 0.3543 -0.8015 -0.4817
vn -0.6715 -0.3544 0.6508
vn -0.7780 0.1444 0.6115
vn -0.7804 0.0618 0.6222
vn 0.4080 -0.9127 -0.0228
vn -0.5500 0.1815 0.8152
vn 0.0063 -0.9981 -0.0609
vn -0.6588 0.3813 -0.6485
vn -0.0135 -0.9608 -0.2768
vn -0.7533 -0.1962 -0.6278
vn -0.7706 0.0371 -0.6362
vn -0.6540 0.3346 -0.6785
vn -0.8221 0.0072 -0.5693
vn -0.9316 -0.1339 -0.3379
vn -0.9160 -0.2589 -0.3064
vn -0.8761 -0.3974 -0.2729
vn -0.7226 0.5198 -0.4557
vn -0.7273 0.5169 -0.4515
vn -0.8828 -0.3967 -0.2514
vn -0.8764 -0.4158 -0.2431
vn -0.8019 0.2724 -0.5317
vn -0.8569 -0.4160 -0.3045
vn -0.8741 0.0814 -0.4789
vn -0.8356 0.2025 -0.5107
vn -0.8180 0.4641 -0.3399
vn -0.8762 0.0861 -0.4743
vn -0.2508 -0.7775 0.5767
vn -0.9818 -0.1742 -0.0758
vn -0.9666 -0.2249 -0.1229
vn 0.0275 -0.9995 0.0165
vn -0.8513 0.5237 -0.0331
vn -0.0286 -0.2357 -0.9714
vn -0.6249 0.6571 0.4215
vn -0.9952 -0.0821 0.0534
vn -0.2614 0.4344 -0.8619
vn -0.0887 -0.9948 -0.0498
vn -0.9686 0.0814 0.2350
vn -0.9493 -0.1788 0.2584
vn -0.0088 -0.9993 0.0377
vn -0.8829 -0.1484 0.4455
vn -0.8954 0.2340 0.3789
vn -0.8271 -0.0441 0.5603
vn -0.8503 0.0378 0.5249
vn -0.2502 -0.5992 0.7605
vn -0.8813 0.1852 0.4347
vn -0.8815 0.1817 0.4359
vn -0.8972 0.1917 0.3977
vn -0.6899 0.0574 -0.7217
vn -0.8789 -0.1034 -0.4657
vn -0.3306 -0.8884 -0.3184
vn -0.1560 -0.9877 -0.0085
vn -0.8145 0.4400 -0.3780
vn -0.8305 0.1972 -0.5209
vn -0.8448 0.1560 -0.5119
vn -0.9016 0.0086 -0.4324
vn -0.8791 0.4758 0.0285
vn -0.9497 -0.2416 -0.1991
vn -0.8802 0.4397 0.1786
vn -0.9166 -0.2637 -0.3005
vn -0.9788 -0.1993 0.0470
vn -0.8100 -0.2563 0.5275
vn -0.8127 0.5823 -0.0221
vn -0.6984 0.6204 -0.3568
vn -0.8488 0.0099 0.5287
vn -0.9620 -0.2664 0.0600
vn -0.9634 -0.2623 0.0550
vn -0.9068 0.4212 0.0168
vn -0.9229 0.3831 0.0385
vn -0.9589 -0.2665 0.0976
vn -0.9921 -0.0603 0.1102
vn -0.9944 -0.0189 -0.1041
vn -0.9827 0.0121 -0.1849
vn -0.9837 0.1060 -0.1450
vn 0.1072 -0.3845 -0.9169
vn 0.1122 -0.2905 -0.9503
vn -0.9512 -0.1022 0.2910
vn -0.8729 0.2418 0.4237
vn -0.9113 -0.1537 0.3819
vn -0.9753 0.1485 0.1637
vn -0.9784 0.1371 0.1549
vn -0.8900 0.3230 0.3219
vn -0.9764 0.1708 0.1319
vn 0.1270 -0.9543 -0.2705
vn -0.3988 0.6296 0.6668
vn 0.3569 -0.8069 0.4707
vn -0.0001 -1.0000 0.0051
vn -0.0001 -1.0000 0.0084
vn 0.0246 -0.8840 0.4669
vn -0.8669 0.4501 -0.2143
vn -0.8881 -0.0798 -0.4527
vn -0.8727 0.4865 0.0398
vn -0.6687 -0.6850 0.2892
vn -0.8411 -0.4412 0.3127
vn -0.9070 0.0801 -0.4135
vn -0.9042 0.0123 -0.4270
vn -0.9524 0.1857 -0.2418
vn -0.3872 0.1600 -0.9080
vn -0.9581 0.2054 -0.1995
vn -0.1941 0.3277 -0.9246
vn 0.1103 -0.8814 -0.4592
vn -0.9512 0.2545 0.1748
vn -0.4611 0.7706 -0.4399
vn 0.1341 -0.8581 -0.4956
vn -0.8982 0.3712 0.2356
vn -0.9220 0.1559 0.3544
vn -0.9227 0.2079 0.3246
vn -0.8475 0.3143 0.4278
vn -0.9897 0.1350 0.0486
vn -0.9596 0.1253 -0.2521
vn -0.9780 0.2080 0.0177
vn 0.5416 -0.8124 0.2161
vn 0.2252 -0.6637 -0.7133
vn -0.9767 0.2145 0.0106
vn -0.9740 0.2260 0.0168
vn -0.9623 -0.2548 0.0956
vn -0.6576 0.6824 0.3192
vn -0.0017 -0.9999 0.0105
vn -0.0160 -0.9979 0.0625
vn -0.3327 0.5938 0.7326
vn -0.3593 -0.0092 0.9332
vn -0.9157 -0.0199 -0.4014
vn -0.9027 -0.2635 -0.3402
vn -0.9677 0.1097 -0.2272
vn -0.9573 0.2857 0.0429
vn -0.8710 0.4351 0.2283
vn 0.0202 -0.9995 -0.0245
vn -0.6032 0.7288 0.3241
vn -0.2715 0.4177 -0.8671
vn -0.9358 0.2813 -0.2126
vn -0.9479 -0.0110 -0.3185
vn -0.9591 0.1719 -0.2249
vn -0.9471 0.0788 -0.3112
vn -0.9549 0.2935 -0.0449
vn -0.9447 0.3269 -0.0252
vn -0.8870 0.4121 0.2084
vn -0.8678 0.4909 0.0778
vn -0.7960 0.0141 0.6051
vn -0.7894 0.0224 0.6135
vn 0.2426 -0.2723 -0.9311
vn -0.9559 -0.0115 -0.2935
vn 0.3803 -0.9226 0.0656
vn -0.7001 0.7095 0.0808
vn -0.7071 0.6962 0.1240
vn -0.1189 0.4133 -0.9028
vn -0.1235 0.3989 -0.9087
vn 0.2124 -0.4291 -0.8779
vn 0.3316 -0.5663 -0.7545
vn -0.9520 0.0028 -0.3061
vn -0.9466 0.3140 -0.0727
vn -0.8817 0.4510 -0.1382
vn -0.8290 0.5552 0.0673
vn -0.9506 0.0511 0.3063
vn -0.9447 0.0285 0.3267
vn -0.9892 0.0505 -0.1374
vn -0.9893 0.0532 -0.1359
vn -0.9913 0.0517 0.1212
vn -0.9915 0.0553 0.1178
vn 0.7393 -0.3511 -0.5746
vn 0.5323 -0.7010 -0.4747
vn 0.5674 -0.8134 0.1282
vn 0.5460 0.5945 -0.5904
vn 0.6913 -0.3969 -0.6039
vn 0.5579 -0.8184 0.1376
vn 0.7698 -0.6041 -0.2061
vn 0.4135 -0.8285 -0.3776
vn 0.2629 -0.1976 -0.9444
vn 0.1347 0.5948 -0.7925
vn 0.3061 0.4351 -0.8467
vn 0.4193 -0.4044 -0.8128
vn 0.3573 -0.7146 -0.6014
vn 0.3796 -0.8226 -0.4233
vn 0.4300 -0.8938 0.1274
vn 0.3384 -0.7370 -0.5851
vn -0.0999 -0.2038 -0.9739
vn -0.2477 -0.1040 -0.9632
vn -0.2099 0.6102 -0.7639
vn -0.2691 0.8069 -0.5259
vn 0.3935 -0.9002 0.1864
vn -0.0144 -0.5306 -0.8475
vn 0.1555 -0.7266 -0.6692
vn 0.3078 -0.7491 0.5866
vn 0.0839 -0.1705 0.9818
vn -0.2702 -0.1024 -0.9573
vn -0.1129 -0.4569 -0.8823
vn -0.4633 0.5204 -0.7174
vn 0.1157 -0.7579 -0.6420
vn 0.1939 -0.8847 -0.4239
vn -0.3942 0.0470 -0.9178
vn 0.2086 -0.8605 -0.4649
vn 0.2737 -0.7680 0.5790
vn 0.2565 -0.9661 0.0300
vn -0.0607 -0.6679 -0.7418
vn 0.3061 -0.9459 -0.1074
vn 0.0642 -0.6348 -0.7700
vn -0.4681 0.6823 -0.5615
vn -0.2991 0.0757 -0.9512
vn -0.3109 -0.0103 -0.9504
vn 0.0489 -0.7060 -0.7065
vn 0.1212 -0.8397 -0.5293
vn 0.2588 -0.9592 -0.1139
vn 0.1155 -0.8601 -0.4969
vn 0.1418 -0.9099 -0.3898
vn 0.2623 -0.9293 0.2600
vn -0.2937 -0.0008 -0.9559
vn -0.4800 0.4804 -0.7340
vn -0.0708 -0.6365 -0.7681
vn 0.3186 -0.7324 0.6018
vn -0.3827 0.0633 -0.9217
vn -0.5020 0.6244 -0.5985
vn -0.3541 0.0982 -0.9300
vn -0.4212 0.5867 -0.6916
vn -0.1112 -0.6522 -0.7499
vn 0.0762 -0.8549 -0.5132
vn -0.1086 -0.6334 -0.7662
vn 0.0976 -0.9058 -0.4124
vn -0.3534 0.0980 -0.9303
vn -0.3596 0.0696 -0.9305
vn -0.0005 -0.6679 -0.7443
vn 0.1307 -0.8408 -0.5253
vn 0.2526 -0.9340 0.2526
vn -0.4564 0.5431 -0.7048
vn -0.1556 -0.5028 -0.8503
vn 0.3057 -0.9513 0.0389
vn 0.3061 -0.7128 0.6311
vn -0.4826 0.7077 -0.5160
vn -0.1285 -0.1535 -0.9798
vn 0.0169 -0.7613 -0.6481
vn 0.2444 -0.1811 0.9526
vn -0.1677 -0.5388 -0.8256
vn 0.0809 -0.7539 -0.6520
vn 0.0974 -0.9913 -0.0890
vn 0.1409 -0.5704 -0.8092
vn 0.4027 -0.8543 -0.3286
vn 0.4438 -0.8419 0.3070
vn -0.0905 0.3326 -0.9387
vn -0.0666 -0.1569 -0.9854
vn -0.0709 -0.1777 -0.9815
vn -0.1124 0.7627 -0.6369
vn -0.0691 0.2944 -0.9532
vn 0.1480 -0.5608 -0.8146
vn 0.3319 -0.8458 -0.4176
vn 0.3677 -0.8550 0.3656
vn 0.4134 -0.8802 0.2329
vn 0.0375 -0.5056 -0.8619
vn 0.3575 -0.8260 -0.4358
vn 0.3437 -0.8789 0.3308
vn -0.9855 0.0004 0.1699
vn -0.4495 -0.6591 0.6030
vn -0.3841 -0.5541 0.7386
vn 0.2771 -0.8070 -0.5215
vn 0.0024 -0.7646 0.6445
vn -0.9186 -0.3546 -0.1742
vn -0.7322 -0.5016 0.4607
vn -0.0840 -0.1832 -0.9795
vn -0.1002 -0.3039 -0.9474
vn -0.0008 0.8805 -0.4740
vn 0.0469 -0.4907 -0.8701
vn -0.7771 -0.6276 0.0463
vn -0.8550 -0.4988 -0.1423
vn -0.5379 -0.1160 0.8350
vn -0.7627 -0.4736 0.4405
vn -0.1466 0.1487 -0.9780
vn -0.1219 -0.3161 -0.9408
vn 0.2434 -0.6287 -0.7385
vn -0.2927 -0.2500 0.9230
vn -0.5720 -0.8180 0.0602
vn -0.7450 -0.6219 0.2413
vn -0.0810 0.0579 -0.9950
vn -0.1286 0.3867 -0.9132
vn -0.1453 -0.3139 -0.9383
vn 0.1849 -0.8398 0.5104
vn -0.6439 0.4519 0.6174
vn -0.7621 -0.5998 0.2437
vn -0.2430 -0.1906 -0.9511
vn -0.0915 -0.2526 -0.9632
vn -0.0607 0.0730 -0.9955
vn 0.5677 0.4923 -0.6598
vn -0.2197 0.1769 -0.9594
vn -0.1749 0.4105 -0.8949
vn -0.9009 0.4231 -0.0967
vn 0.1424 -0.3493 -0.9261
vn 0.4352 -0.8781 0.1987
vn -0.5508 -0.4607 0.6959
vn 0.2267 -0.5011 -0.8352
vn 0.4750 0.3473 -0.8085
vn -0.5280 -0.4961 -0.6892
vn -0.1240 -0.2395 -0.9629
vn 0.1614 -0.2259 -0.9607
vn -0.2440 0.1034 -0.9642
vn 0.5462 -0.4335 -0.7168
vn -0.5511 -0.4746 -0.6863
vn 0.7276 -0.6616 0.1812
vn -0.7126 -0.4922 0.4999
vn -0.2364 0.3533 -0.9052
vn -0.2691 0.0066 -0.9631
vn -0.1083 -0.1392 -0.9843
vn -0.2591 0.2712 -0.9270
vn 0.1298 -0.8828 -0.4515
vn -0.6154 0.4572 -0.6420
vn -0.6585 -0.5233 0.5409
vn -0.0854 -0.1834 -0.9793
vn -0.0801 -0.0591 -0.9950
vn 0.6273 -0.5457 -0.5557
vn -0.3781 0.8127 0.4433
vn -0.8388 0.4558 -0.2978
vn -0.2553 0.0106 -0.9668
vn 0.5942 -0.7083 -0.3812
vn -0.0733 -0.1262 -0.9893
vn 0.5041 -0.6583 0.5590
vn -0.1561 -0.9861 -0.0569
vn -0.1022 -0.0837 -0.9912
vn -0.0866 0.0461 -0.9952
vn 0.0386 -0.2067 -0.9777
vn -0.9233 0.2408 -0.2992
vn -0.7707 0.0213 -0.6369
vn -0.0362 0.5731 -0.8187
vn -0.1119 -0.1401 -0.9838
vn 0.1180 -0.0322 -0.9925
vn 0.0366 -0.2731 -0.9613
vn 0.5028 -0.7376 -0.4507
vn 0.5231 -0.8502 0.0596
vn -0.2526 -0.0967 -0.9627
vn -0.9510 0.0125 -0.3088
vn -0.1015 0.1314 -0.9861
vn -0.0861 -0.1458 -0.9856
vn 0.0584 -0.9498 -0.3075
vn -0.5233 0.5336 -0.6644
vn -0.1832 -0.9580 0.2204
vn -0.6310 0.5121 0.5827
vn -0.3098 0.5319 -0.7881
vn 0.0006 -0.9058 -0.4237
vn -0.4547 -0.8406 0.2943
vn -0.4127 0.0759 0.9077
vn -0.0404 -0.0454 -0.9981
vn -0.0618 -0.8460 -0.5296
vn -0.2561 -0.9275 -0.2725
vn -0.8520 0.3628 -0.3774
vn 0.4718 -0.7808 -0.4096
vn -0.2562 -0.9600 -0.1130
vn -0.6628 0.4586 0.5920
vn 0.0219 -0.5944 0.8039
vn 0.0346 0.7387 -0.6732
vn -0.2200 -0.2797 -0.9345
vn -0.0894 -0.4844 -0.8703
vn -0.0052 -0.6947 -0.7193
vn 0.2676 -0.7337 -0.6245
vn 0.0541 -0.8831 0.4661
vn -0.0522 0.1522 -0.9870
vn -0.3858 -0.9078 0.1644
vn -0.1084 -0.9520 0.2862
vn -0.1023 -0.5445 0.8325
vn -0.1058 0.1858 -0.9769
vn -0.0615 0.2538 -0.9653
vn -0.0013 -0.3160 -0.9487
vn -0.4019 0.6911 -0.6006
vn -0.1339 -0.5176 -0.8451
vn -0.6993 -0.6006 -0.3876
vn -0.4942 -0.8679 -0.0497
vn -0.9913 -0.1289 -0.0273
vn -0.8439 -0.5078 -0.1731
vt 0.054744 0.817219
vt 0.049951 0.822590
vt 0.059709 0.822173
vt 0.049890 0.837578
vt 0.056185 0.844843
vt 0.059709 0.840434
vt 0.329443 0.884788
vt 0.330033 0.876594
vt 0.322449 0.877881
vt 0.334041 0.879330
vt 0.579752 0.020170
vt 0.579870 0.024739
vt 0.575124 0.020153
vt 0.583553 0.024655
vt 0.517961 0.309853
vt 0.517961 0.319061
vt 0.514078 0.311985
vt 0.932524 0.283301
vt 0.929481 0.278687
vt 0.925663 0.286832
vt 0.795631 0.359576
vt 0.791861 0.350259
vt 0.786134 0.355733
vt 0.722169 0.135820
vt 0.727670 0.135353
vt 0.720874 0.131535
vt 0.727670 0.121087
vt 0.785922 0.346948
vt 0.795631 0.337100
vt 0.660680 0.683702
vt 0.656047 0.676125
vt 0.655825 0.682198
vt 0.167661 0.250921
vt 0.172023 0.257318
vt 0.166946 0.264414
vt 0.660680 0.675414
vt 0.072098 0.556370
vt 0.087040 0.559392
vt 0.087864 0.551105
vt 0.159476 0.282181
vt 0.153825 0.287651
vt 0.144913 0.285931
vt 0.655886 0.871820
vt 0.632302 0.866392
vt 0.653143 0.863948
vt 0.063188 0.551440
vt 0.978297 0.497395
vt 0.975040 0.474388
vt 0.973284 0.497622
vt 0.186724 0.266676
vt 0.160008 0.267057
vt 0.176186 0.284782
vt 0.152404 0.269486
vt 0.158179 0.293576
vt 0.149552 0.294309
vt 0.142233 0.289514
vt 0.980567 0.469940
vt 0.791430 0.329914
vt 0.181361 0.270686
vt 0.174848 0.273303
vt 0.787695 0.331556
vt 0.173035 0.289082
vt 0.794444 0.320902
vt 0.056796 0.559392
vt 0.443586 0.427716
vt 0.458585 0.431006
vt 0.442886 0.434162
vt 0.657108 0.278383
vt 0.651942 0.277574
vt 0.653844 0.280590
vt 0.185058 0.283501
vt 0.434466 0.432006
vt 0.169197 0.300138
vt 0.462621 0.434162
vt 0.149884 0.303467
vt 0.156321 0.307319
vt 0.145551 0.310574
vt 0.460479 0.428221
vt 0.191147 0.274816
vt 0.636046 0.529299
vt 0.641761 0.538249
vt 0.641376 0.519797
vt 0.636013 0.546105
vt 0.640326 0.547022
vt 0.174101 0.307403
vt 0.972159 0.451308
vt 0.208174 0.278665
vt 0.187689 0.296641
vt 0.984857 0.459037
vt 0.976149 0.451177
vt 0.203522 0.281514
vt 0.182086 0.305313
vt 0.533881 0.225746
vt 0.534863 0.233425
vt 0.540291 0.227807
vt 0.202720 0.293722
vt 0.635437 0.553920
vt 0.529612 0.207870
vt 0.537279 0.209587
vt 0.176523 0.317093
vt 0.168477 0.326944
vt 0.159819 0.324052
vt 0.155078 0.330757
vt 0.159568 0.334715
vt 0.182731 0.312210
vt 0.175245 0.310321
vt 0.531247 0.199958
vt 0.608252 0.063228
vt 0.611214 0.058315
vt 0.616561 0.065838
vt 0.540291 0.204642
vt 0.621413 0.061916
vt 0.184237 0.323389
vt 0.499459 0.405617
vt 0.500284 0.410883
vt 0.505340 0.408665
vt 0.536110 0.195672
vt 0.207736 0.274977
vt 0.220558 0.279377
vt 0.219197 0.285785
vt 0.196494 0.312554
vt 0.501496 0.428121
vt 0.503313 0.426772
vt 0.975411 0.436960
vt 0.967476 0.438172
vt 0.516019 0.441529
vt 0.533495 0.441529
vt 0.530841 0.437845
vt 0.196927 0.325328
vt 0.988797 0.448976
vt 0.989000 0.420570
vt 0.221976 0.315158
vt 0.226852 0.285332
vt 0.505340 0.436924
vt 0.628747 0.052519
vt 0.636230 0.046232
vt 0.634781 0.052915
vt 0.968233 0.008748
vt 0.962395 0.029635
vt 0.972795 0.015218
vt 0.207627 0.334694
vt 0.227565 0.297408
vt 0.493156 0.430699
vt 0.643639 0.045914
vt 0.983750 0.420690
vt 0.975758 0.419020
vt 0.878155 0.720895
vt 0.873441 0.714339
vt 0.869128 0.723558
vt 0.857464 0.719626
vt 0.863579 0.726059
vt 0.217820 0.332424
vt 0.229925 0.309452
vt 0.849229 0.720729
vt 0.859160 0.703685
vt 0.647689 0.055825
vt 0.662712 0.040055
vt 0.660284 0.057574
vt 0.970867 0.040292
vt 0.973292 0.026101
vt 0.230583 0.317555
vt 0.870452 0.704270
vt 0.671197 0.044167
vt 0.850629 0.713003
vt 0.841533 0.713608
vt 0.841929 0.718647
vt 0.959352 0.051702
vt 0.668523 0.058643
vt 0.683351 0.052942
vt 0.686893 0.065838
vt 0.874263 0.028284
vt 0.873525 0.016533
vt 0.880262 0.014948
vt 0.877511 0.043738
vt 0.870309 0.042879
vt 0.857661 0.026131
vt 0.962263 0.060644
vt 0.857727 0.691478
vt 0.849034 0.692271
vt 0.848073 0.029726
vt 0.973301 0.060585
vt 0.863694 0.690044
vt 0.838704 0.696142
vt 0.964988 0.073310
vt 0.977322 0.366889
vt 0.975520 0.388074
vt 0.988744 0.385310
vt 0.955314 0.080579
vt 0.972876 0.079950
vt 0.862162 0.673229
vt 0.844097 0.685223
vt 0.836162 0.039094
vt 0.828944 0.031439
vt 0.837073 0.023510
vt 0.811799 0.021136
vt 0.855249 0.668676
vt 0.843530 0.668095
vt 0.985305 0.372779
vt 0.982575 0.347037
vt 0.962964 0.093916
vt 0.807590 0.027948
vt 0.944554 0.097895
vt 0.956416 0.109540
vt 0.845507 0.640783
vt 0.966913 0.114031
vt 0.868977 0.640748
vt 0.862002 0.631065
vt 0.855862 0.629721
vt 0.775255 0.027670
vt 0.769854 0.022374
vt 0.957011 0.135200
vt 0.759822 0.012496
vt 0.792735 0.011565
vt 0.985265 0.328431
vt 0.997445 0.344425
vt 0.998544 0.322761
vt 0.947563 0.143928
vt 0.967920 0.142092
vt 0.871003 0.613041
vt 0.714011 0.681755
vt 0.758004 0.681860
vt 0.731219 0.674296
vt 0.747311 0.006925
vt 0.958881 0.162049
vt 0.844076 0.598536
vt 0.728159 0.024637
vt 0.858787 0.598620
vt 0.737593 0.014379
vt 0.947209 0.175931
vt 0.932072 0.176437
vt 0.971378 0.182039
vt 0.038350 0.862339
vt 0.082750 0.839882
vt 0.087895 0.850459
vt 0.860403 0.572203
vt 0.959514 0.185462
vt 0.702110 0.010408
vt 0.886887 0.873363
vt 0.884674 0.882356
vt 0.864834 0.881965
vt 0.949239 0.187797
vt 0.930609 0.189814
vt 0.843667 0.571201
vt 0.699132 0.024814
vt 0.973301 0.196393
vt 0.948230 0.204030
vt 0.099447 0.835818
vt 0.698564 0.017871
vt 0.963492 0.210388
vt 0.112012 0.840789
vt 0.693585 0.003266
vt 0.700362 0.001381
vt 0.108993 0.819937
vt 0.115752 0.828333
vt 0.122432 0.844940
vt 0.850107 0.542185
vt 0.680818 0.013736
vt 0.954111 0.221639
vt 0.666627 0.020802
vt 0.944592 0.222366
vt 0.836408 0.538686
vt 0.375760 0.832616
vt 0.374566 0.844726
vt 0.357986 0.850672
vt 0.362051 0.833587
vt 0.368364 0.865511
vt 0.352413 0.866069
vt 0.041282 0.541836
vt 0.021292 0.529786
vt 0.016786 0.543738
vt 0.155340 0.816220
vt 0.381476 0.853193
vt 0.408639 0.277302
vt 0.382449 0.285099
vt 0.392200 0.271179
vt 0.359718 0.888564
vt 0.348312 0.881299
vt 0.112435 0.804907
vt 0.128818 0.810757
vt 0.051986 0.528239
vt 0.403770 0.825257
vt 0.400664 0.839509
vt 0.039049 0.504934
vt 0.007282 0.527573
vt 0.148878 0.826538
vt 0.842900 0.519911
vt 0.656365 0.012886
vt 0.429609 0.285549
vt 0.413094 0.285619
vt 0.373041 0.284910
vt 0.368223 0.277973
vt 0.056282 0.497016
vt 0.647258 0.018459
vt 0.361650 0.291068
vt 0.346117 0.892230
vt 0.075633 0.508608
vt 0.054862 0.532330
vt 0.062220 0.539227
vt 0.072654 0.538988
vt 0.057132 0.470572
vt 0.419689 0.836117
vt 0.154063 0.806892
vt 0.649590 0.027456
vt 0.413236 0.297111
vt 0.400222 0.296907
vt 0.372076 0.293758
vt 0.360804 0.902855
vt 0.350870 0.900161
vt 0.096651 0.537467
vt 0.072885 0.478052
vt 0.239320 0.010589
vt 0.222816 0.010589
vt 0.239067 0.003366
vt 0.443500 0.829461
vt 0.439665 0.818652
vt 0.224202 0.002302
vt 0.430045 0.837215
vt 0.444242 0.296567
vt 0.429253 0.300768
vt 0.857845 0.511105
vt 0.032610 0.365101
vt 0.041109 0.372802
vt 0.025868 0.371476
vt 0.972021 0.860008
vt 0.958033 0.846479
vt 0.962528 0.860717
vt 0.968052 0.841514
vt 0.516065 0.970334
vt 0.531690 0.968232
vt 0.528349 0.974755
vt 0.540603 0.976867
vt 0.958962 0.835131
vt 0.950971 0.836653
vt 0.090538 0.488960
vt 0.093680 0.520102
vt 0.972207 0.832599
vt 0.953255 0.828167
vt 0.074509 0.447269
vt 0.088835 0.242496
vt 0.096930 0.243554
vt 0.090973 0.226852
vt 0.099854 0.225265
vt 0.152531 0.796603
vt 0.436631 0.843859
vt 0.411958 0.849574
vt 0.373143 0.302687
vt 0.200257 0.973185
vt 0.210945 0.974985
vt 0.198544 0.982817
vt 0.207983 0.989521
vt 0.980097 0.861221
vt 0.978345 0.850819
vt 0.977128 0.830536
vt 0.087604 0.392404
vt 0.085581 0.381878
vt 0.071421 0.384087
vt 0.066494 0.392825
vt 0.074169 0.402511
vt 0.072154 0.410565
vt 0.086391 0.409405
vt 0.075770 0.417147
vt 0.973887 0.819448
vt 0.980097 0.818140
vt 0.496742 0.813834
vt 0.490476 0.825452
vt 0.490215 0.812808
vt 0.960236 0.821158
vt 0.523504 0.824363
vt 0.508734 0.830936
vt 0.512515 0.816436
vt 0.503648 0.817495
vt 0.494287 0.830445
vt 0.485564 0.828560
vt 0.481503 0.815612
vt 0.620856 0.840222
vt 0.619148 0.847639
vt 0.607083 0.839943
vt 0.607692 0.836538
vt 0.534354 0.821927
vt 0.530470 0.831844
vt 0.468980 0.825181
vt 0.465840 0.810773
vt 0.529269 0.841573
vt 0.515380 0.841953
vt 0.491686 0.839480
vt 0.462056 0.837249
vt 0.747582 0.138457
vt 0.746117 0.147050
vt 0.756796 0.149068
vt 0.756796 0.137661
vt 0.467105 0.846676
vt 0.450026 0.843693
vt 0.423525 0.310633
vt 0.403014 0.307935
vt 0.361755 0.301793
vt 0.109478 0.513201
vt 0.095505 0.381219
vt 0.090817 0.423050
vt 0.076071 0.423357
vt 0.094041 0.433298
vt 0.106144 0.474324
vt 0.089359 0.454917
vt 0.377636 0.949127
vt 0.370754 0.958548
vt 0.363140 0.960202
vt 0.087806 0.401393
vt 0.081673 0.437719
vt 0.367676 0.971786
vt 0.084775 0.370021
vt 0.088690 0.362666
vt 0.069214 0.363981
vt 0.071459 0.370971
vt 0.072962 0.431340
vt 0.357813 0.971271
vt 0.551906 0.834485
vt 0.545556 0.834288
vt 0.548839 0.822719
vt 0.555057 0.827113
vt 0.604515 0.846145
vt 0.629704 0.445428
vt 0.607762 0.441599
vt 0.599979 0.434162
vt 0.636706 0.437113
vt 0.736218 0.922765
vt 0.743359 0.918115
vt 0.733724 0.919461
vt 0.623085 0.845683
vt 0.730004 0.915242
vt 0.542272 0.846573
vt 0.507990 0.845107
vt 0.935499 0.932813
vt 0.931090 0.929626
vt 0.951542 0.938289
vt 0.969459 0.923333
vt 0.964461 0.938766
vt 0.630249 0.013093
vt 0.639004 0.003331
vt 0.988738 0.935942
vt 0.851239 0.495948
vt 0.989095 0.926719
vt 0.990777 0.924704
vt 0.384533 0.942648
vt 0.386508 0.951912
vt 0.378917 0.960250
vt 0.097133 0.369050
vt 0.112057 0.498287
vt 0.095425 0.402264
vt 0.097595 0.418350
vt 0.376090 0.965010
vt 0.090432 0.440410
vt 0.077955 0.318977
vt 0.069886 0.320266
vt 0.070435 0.324687
vt 0.071430 0.346388
vt 0.361472 0.977494
vt 0.601873 0.835192
vt 0.597151 0.834134
vt 0.574302 0.828487
vt 0.620593 0.853029
vt 0.593300 0.847815
vt 0.584564 0.858930
vt 0.547226 0.847932
vt 0.107941 0.242496
vt 0.112992 0.225138
vt 0.541641 0.859836
vt 0.746575 0.159198
vt 0.753764 0.162338
vt 0.513327 0.858474
vt 0.494532 0.854502
vt 0.908268 0.928256
vt 0.627013 0.023701
vt 0.412405 0.319939
vt 0.223721 0.991353
vt 0.102592 0.392993
vt 0.103385 0.381869
vt 0.098504 0.361984
vt 0.622338 0.859980
vt 0.564860 0.862216
vt 0.619601 0.879853
vt 0.190679 0.785541
vt 0.865609 0.500454
vt 0.864687 0.470053
vt 0.628487 0.034154
vt 0.981307 0.919388
vt 0.429065 0.319124
vt 0.389757 0.316922
vt 0.370533 0.313965
vt 0.226270 0.975611
vt 0.403473 0.944092
vt 0.405706 0.950702
vt 0.393186 0.956962
vt 0.386929 0.963517
vt 0.103454 0.418416
vt 0.108477 0.408095
vt 0.095344 0.317674
vt 0.087413 0.317113
vt 0.096946 0.323960
vt 0.102456 0.434654
vt 0.100150 0.443662
vt 0.381759 0.977351
vt 0.362676 0.986888
vt 0.116279 0.241004
vt 0.119903 0.229038
vt 0.751937 0.166206
vt 0.623786 0.869770
vt 0.763592 0.183834
vt 0.749688 0.181914
vt 0.760194 0.186464
vt 0.571732 0.878278
vt 0.545568 0.876660
vt 0.931090 0.917011
vt 0.955735 0.918708
vt 0.968709 0.914659
vt 0.111148 0.362846
vt 0.113409 0.369681
vt 0.105060 0.342243
vt 0.390385 0.968684
vt 0.367122 0.991651
vt 0.351942 0.997698
vt 0.618739 0.892155
vt 0.851737 0.928150
vt 0.889109 0.921907
vt 0.889575 0.930387
vt 0.907592 0.918018
vt 0.942721 0.914789
vt 0.185807 0.799836
vt 0.872685 0.463550
vt 0.602425 0.033190
vt 0.380905 0.322011
vt 0.407485 0.955529
vt 0.402755 0.962228
vt 0.107962 0.319023
vt 0.406929 0.977679
vt 0.384340 0.984823
vt 0.017407 0.607652
vt 0.011805 0.606561
vt 0.012707 0.594566
vt 0.016582 0.617524
vt 0.753416 0.175550
vt 0.740663 0.172863
vt 0.961204 0.906020
vt 0.809624 0.931245
vt 0.827552 0.938766
vt 0.608118 0.021191
vt 0.425587 0.334339
vt 0.409350 0.326707
vt 0.397543 0.334715
vt 0.400463 0.982063
vt 0.593018 0.444659
vt 0.033461 0.592523
vt 0.182149 0.765536
vt 0.161132 0.777417
vt 0.044951 0.604352
vt 0.046124 0.618900
vt 0.192246 0.772401
vt 0.936211 0.904885
vt 0.919951 0.906150
vt 0.852287 0.464785
vt 0.615749 0.902855
vt 0.776109 0.934246
vt 0.418995 0.950332
vt 0.415864 0.957867
vt 0.116333 0.416966
vt 0.127597 0.416211
vt 0.126618 0.406608
vt 0.035169 0.579599
vt 0.010962 0.578326
vt 0.057012 0.591481
vt 0.583010 0.434203
vt 0.066186 0.603332
vt 0.290117 0.926738
vt 0.308695 0.922260
vt 0.295931 0.934361
vt 0.057787 0.612549
vt 0.911792 0.904049
vt 0.071604 0.615829
vt 0.891809 0.908337
vt 0.895213 0.903879
vt 0.063488 0.627610
vt 0.740198 0.164230
vt 0.732524 0.164768
vt 0.813509 0.915991
vt 0.609537 0.014646
vt 0.010194 0.563757
vt 0.035101 0.563507
vt 0.051541 0.580774
vt 0.296797 0.958923
vt 0.317517 0.971255
vt 0.305510 0.972697
vt 0.073989 0.594305
vt 0.068692 0.580282
vt 0.308387 0.982428
vt 0.302833 0.982076
vt 0.309014 0.992563
vt 0.077112 0.610835
vt 0.086021 0.608945
vt 0.919878 0.895961
vt 0.843500 0.908012
vt 0.047966 0.631485
vt 0.018530 0.633886
vt 0.738174 0.159108
vt 0.082635 0.589171
vt 0.935692 0.887511
vt 0.943829 0.882597
vt 0.947503 0.894479
vt 0.107278 0.591168
vt 0.111761 0.607597
vt 0.213592 0.786233
vt 0.103173 0.621234
vt 0.083095 0.626792
vt 0.858933 0.451426
vt 0.602298 0.507226
vt 0.609609 0.494577
vt 0.629940 0.495131
vt 0.583421 0.516114
vt 0.590715 0.495873
vt 0.426253 0.951851
vt 0.427386 0.962315
vt 0.413241 0.984271
vt 0.054028 0.565734
vt 0.081977 0.576133
vt 0.905233 0.887699
vt 0.916058 0.887681
vt 0.221110 0.576949
vt 0.180946 0.602043
vt 0.153578 0.586825
vt 0.235688 0.596715
vt 0.893382 0.900045
vt 0.659709 0.604525
vt 0.656796 0.596315
vt 0.659239 0.609116
vt 0.591747 0.038356
vt 0.590073 0.026280
vt 0.171677 0.618895
vt 0.213515 0.614762
vt 0.097581 0.633690
vt 0.737335 0.148209
vt 0.775660 0.918967
vt 0.069314 0.642265
vt 0.573201 0.498127
vt 0.736264 0.232067
vt 0.735366 0.238854
vt 0.746199 0.237212
vt 0.068206 0.566320
vt 0.117214 0.575153
vt 0.204213 0.764691
vt 0.659239 0.592541
vt 0.210974 0.773418
vt 0.255367 0.577063
vt 0.269311 0.589417
vt 0.235447 0.577209
vt 0.583788 0.014598
vt 0.878135 0.429356
vt 0.860989 0.430710
vt 0.246951 0.608303
vt 0.595967 0.484043
vt 0.626842 0.478999
vt 0.732878 0.149846
vt 0.545084 0.506649
vt 0.544953 0.492835
vt 0.212004 0.632320
vt 0.172879 0.637055
vt 0.433114 0.951295
vt 0.440400 0.965409
vt 0.133725 0.308222
vt 0.129830 0.316361
vt 0.139588 0.315495
vt 0.432303 0.969497
vt 0.437115 0.976537
vt 0.722125 0.240088
vt 0.716384 0.224609
vt 0.709640 0.221007
vt 0.701041 0.228313
vt 0.228017 0.553379
vt 0.179092 0.565038
vt 0.206523 0.748783
vt 0.294193 0.575021
vt 0.815164 0.903038
vt 0.587741 0.007619
vt 0.604637 0.006052
vt 0.296086 0.599600
vt 0.277127 0.620846
vt 0.243002 0.628357
vt 0.570764 0.482571
vt 0.514398 0.495411
vt 0.471761 0.511597
vt 0.441262 0.954229
vt 0.424731 0.989373
vt 0.607366 0.283335
vt 0.589949 0.283386
vt 0.591285 0.266523
vt 0.241535 0.551711
vt 0.270374 0.559272
vt 0.690751 0.270993
vt 0.704923 0.281263
vt 0.697291 0.251752
vt 0.300761 0.583855
vt 0.836959 0.891122
vt 0.870991 0.894519
vt 0.579979 0.034400
vt 0.737202 0.136936
vt 0.576359 0.043738
vt 0.305307 0.601109
vt 0.432475 0.516114
vt 0.445726 0.496092
vt 0.725647 0.258593
vt 0.725128 0.254490
vt 0.711656 0.250707
vt 0.266729 0.539273
vt 0.134296 0.554563
vt 0.293172 0.554158
vt 0.693877 0.300811
vt 0.322195 0.581214
vt 0.798379 0.898043
vt 0.741317 0.137143
vt 0.338344 0.590686
vt 0.774272 0.905162
vt 0.307748 0.614885
vt 0.296064 0.617385
vt 0.401788 0.515900
vt 0.407241 0.496987
vt 0.478547 0.492987
vt 0.255242 0.530038
vt 0.231754 0.527142
vt 0.331677 0.562805
vt 0.215541 0.756208
vt 0.219882 0.766790
vt 0.577262 0.007794
vt 0.228715 0.777312
vt 0.570022 0.026657
vt 0.583257 0.027939
vt 0.567643 0.033858
vt 0.342652 0.601190
vt 0.592763 0.470076
vt 0.316095 0.617534
vt 0.516922 0.479924
vt 0.368086 0.515653
vt 0.431257 0.983640
vt 0.434314 0.997698
vt 0.244101 0.520704
vt 0.272886 0.513377
vt 0.291972 0.529485
vt 0.561087 0.296512
vt 0.565937 0.273429
vt 0.339934 0.576754
vt 0.573961 0.013224
vt 0.749960 0.125511
vt 0.746968 0.121796
vt 0.330968 0.612594
vt 0.246639 0.514085
vt 0.441252 0.995725
vt 0.402059 0.215438
vt 0.425398 0.195844
vt 0.420591 0.220217
vt 0.303003 0.540519
vt 0.341974 0.563009
vt 0.878155 0.409295
vt 0.852747 0.405412
vt 0.566532 0.468528
vt 0.338906 0.515883
vt 0.343262 0.491702
vt 0.349700 0.515108
vt 0.363843 0.491196
vt 0.449196 0.477029
vt 0.484432 0.476224
vt 0.757428 0.355265
vt 0.755969 0.349186
vt 0.744295 0.355188
vt 0.516385 0.283030
vt 0.321828 0.530316
vt 0.763592 0.116516
vt 0.757188 0.115562
vt 0.499331 0.546226
vt 0.504115 0.555879
vt 0.500032 0.564785
vt 0.508709 0.560880
vt 0.516637 0.560176
vt 0.519684 0.568680
vt 0.513186 0.576777
vt 0.837401 0.415525
vt 0.559709 0.031938
vt 0.561101 0.022732
vt 0.369709 0.603166
vt 0.590483 0.463310
vt 0.538905 0.470713
vt 0.344726 0.618607
vt 0.332137 0.512393
vt 0.383862 0.475541
vt 0.289139 0.511653
vt 0.741369 0.350315
vt 0.726459 0.351122
vt 0.101414 0.077643
vt 0.082654 0.091324
vt 0.099482 0.070812
vt 0.229760 0.735170
vt 0.496715 0.545978
vt 0.495502 0.533525
vt 0.716074 0.356830
vt 0.725185 0.356984
vt 0.710720 0.353839
vt 0.473045 0.548104
vt 0.492648 0.558821
vt 0.239918 0.741860
vt 0.245394 0.754931
vt 0.471377 0.565707
vt 0.440161 0.572534
vt 0.373320 0.582576
vt 0.874249 0.397330
vt 0.468252 0.584650
vt 0.502677 0.583389
vt 0.432572 0.592852
vt 0.569524 0.458581
vt 0.484348 0.602019
vt 0.245346 0.801680
vt 0.251070 0.808552
vt 0.242802 0.811315
vt 0.250606 0.820585
vt 0.461731 0.604039
vt 0.304259 0.504449
vt 0.319006 0.495494
vt 0.142398 0.096132
vt 0.152723 0.102844
vt 0.143862 0.111682
vt 0.507003 0.530894
vt 0.481232 0.533213
vt 0.375653 0.562287
vt 0.429827 0.567340
vt 0.238815 0.773264
vt 0.675953 0.390352
vt 0.675533 0.411634
vt 0.685331 0.392540
vt 0.538350 0.571520
vt 0.529486 0.581252
vt 0.524093 0.577730
vt 0.420055 0.569899
vt 0.423191 0.597395
vt 0.407362 0.593726
vt 0.512456 0.588558
vt 0.509640 0.597531
vt 0.517640 0.599443
vt 0.429109 0.609173
vt 0.335017 0.489993
vt 0.503636 0.465109
vt 0.258489 0.831954
vt 0.431984 0.616905
vt 0.286287 0.490025
vt 0.502490 0.612372
vt 0.492953 0.615800
vt 0.472153 0.616590
vt 0.357842 0.201219
vt 0.381118 0.212527
vt 0.351555 0.225934
vt 0.317109 0.511510
vt 0.341339 0.536301
vt 0.460735 0.535610
vt 0.423082 0.553568
vt 0.912390 0.486491
vt 0.926551 0.505132
vt 0.934017 0.491158
vt 0.958383 0.501476
vt 0.958236 0.516108
vt 0.899128 0.493830
vt 0.700059 0.393798
vt 0.698832 0.370167
vt 0.920580 0.513460
vt 0.902006 0.507055
vt 0.883451 0.498856
vt 0.938868 0.521008
vt 0.394797 0.575384
vt 0.387991 0.583481
vt 0.260813 0.793042
vt 0.242880 0.790001
vt 0.900109 0.518850
vt 0.919951 0.528522
vt 0.389940 0.598231
vt 0.544409 0.456387
vt 0.423624 0.610882
vt 0.371046 0.612680
vt 0.448799 0.468220
vt 0.513109 0.612630
vt 0.387133 0.468809
vt 0.510060 0.619968
vt 0.473832 0.629326
vt 0.425762 0.626162
vt 0.221733 0.510917
vt 0.214539 0.495482
vt 0.225826 0.504452
vt 0.945475 0.289595
vt 0.939400 0.306148
vt 0.959709 0.291428
vt 0.262900 0.838514
vt 0.271619 0.846348
vt 0.270332 0.849722
vt 0.314802 0.195337
vt 0.279788 0.178846
vt 0.288258 0.174333
vt 0.153500 0.124340
vt 0.163252 0.112820
vt 0.180055 0.125280
vt 0.375934 0.543170
vt 0.958582 0.668839
vt 0.966894 0.681860
vt 0.940131 0.679474
vt 0.239818 0.733351
vt 0.980844 0.512912
vt 0.976898 0.525352
vt 0.404773 0.555456
vt 0.389851 0.559591
vt 0.945468 0.535665
vt 0.972105 0.536469
vt 0.257190 0.763820
vt 0.883108 0.513843
vt 0.884324 0.526957
vt 0.900496 0.532326
vt 0.517363 0.453784
vt 0.407660 0.607767
vt 0.388790 0.610416
vt 0.225631 0.495470
vt 0.241694 0.503488
vt 0.365025 0.625793
vt 0.349529 0.471129
vt 0.237886 0.491851
vt 0.290395 0.479095
vt 0.314798 0.478952
vt 0.949503 0.309660
vt 0.496099 0.627319
vt 0.456625 0.634037
vt 0.431487 0.627962
vt 0.208215 0.494446
vt 0.212343 0.483661
vt 0.281208 0.855610
vt 0.189741 0.137824
vt 0.937768 0.664023
vt 0.915564 0.667634
vt 0.920846 0.472433
vt 0.946651 0.481834
vt 0.423600 0.544608
vt 0.416699 0.540069
vt 0.896686 0.478879
vt 0.990453 0.531526
vt 0.873882 0.480338
vt 0.872673 0.508994
vt 0.921965 0.542707
vt 0.410426 0.618791
vt 0.387751 0.620324
vt 0.367341 0.467315
vt 0.279851 0.825154
vt 0.283204 0.843219
vt 0.181566 0.496605
vt 0.205268 0.483943
vt 0.493633 0.634172
vt 0.975307 0.648361
vt 0.947739 0.647603
vt 0.932171 0.648650
vt 0.937885 0.457076
vt 0.914557 0.659940
vt 0.999515 0.541792
vt 0.966838 0.549610
vt 0.986755 0.545555
vt 0.265634 0.777698
vt 0.948144 0.548362
vt 0.962993 0.542489
vt 0.865063 0.521897
vt 0.934294 0.558888
vt 0.474508 0.450023
vt 0.883527 0.535791
vt 0.408745 0.446573
vt 0.439306 0.443325
vt 0.882768 0.549315
vt 0.904450 0.553579
vt 0.924387 0.559824
vt 0.287095 0.814194
vt 0.249226 0.483122
vt 0.262294 0.490062
vt 0.223253 0.482668
vt 0.184216 0.483148
vt 0.490347 0.642265
vt 0.166030 0.505880
vt 0.169983 0.485770
vt 0.307617 0.206963
vt 0.913964 0.649563
vt 0.147987 0.134477
vt 0.166913 0.145382
vt 0.908206 0.451599
vt 0.215079 0.153280
vt 0.202225 0.157801
vt 0.896683 0.468408
vt 0.899327 0.675393
vt 0.891731 0.667650
vt 0.878848 0.467843
vt 0.254314 0.747196
vt 0.227399 0.847600
vt 0.214148 0.851879
vt 0.218447 0.828269
vt 0.803398 0.350368
vt 0.802851 0.369133
vt 0.796570 0.368668
vt 0.203781 0.832278
vt 0.668723 0.464472
vt 0.686948 0.505577
vt 0.672202 0.436904
vt 0.201825 0.849396
vt 0.188405 0.835425
vt 0.946132 0.561557
vt 0.952719 0.552912
vt 0.868542 0.534774
vt 0.147647 0.494884
vt 0.151122 0.487693
vt 0.301917 0.849690
vt 0.896760 0.659217
vt 0.251817 0.728899
vt 0.251420 0.737159
vt 0.267957 0.755519
vt 0.995935 0.545711
vt 0.264317 0.770870
vt 0.690397 0.445714
vt 0.968032 0.577046
vt 0.283706 0.798925
vt 0.174225 0.841423
vt 0.174774 0.831300
vt 0.926856 0.572025
vt 0.915244 0.566882
vt 0.868684 0.545199
vt 0.883525 0.566453
vt 0.294525 0.833306
vt 0.200741 0.472576
vt 0.206308 0.469047
vt 0.213166 0.472547
vt 0.300147 0.862339
vt 0.291365 0.861422
vt 0.944318 0.328713
vt 0.931553 0.333743
vt 0.945300 0.337234
vt 0.267642 0.198380
vt 0.269075 0.186349
vt 0.920477 0.438613
vt 0.885885 0.449896
vt 0.252191 0.721586
vt 0.877262 0.460805
vt 0.259679 0.743013
vt 0.235437 0.647790
vt 0.214037 0.662488
vt 0.232430 0.666302
vt 0.982890 0.570878
vt 0.958175 0.577717
vt 0.942605 0.572600
vt 0.386011 0.448952
vt 0.162527 0.843231
vt 0.163695 0.830614
vt 0.280214 0.462964
vt 0.311897 0.460193
vt 0.243526 0.467547
vt 0.221370 0.479507
vt 0.222629 0.474275
vt 0.869234 0.560010
vt 0.174653 0.472766
vt 0.931648 0.343646
vt 0.937090 0.345412
vt 0.889923 0.439245
vt 0.239500 0.165443
vt 0.232456 0.181150
vt 0.267326 0.732151
vt 0.239637 0.854836
vt 0.225518 0.866117
vt 0.272667 0.745610
vt 0.214491 0.673251
vt 0.188166 0.852443
vt 0.296798 0.813312
vt 0.351707 0.458337
vt 0.154119 0.840088
vt 0.916491 0.575321
vt 0.299731 0.824099
vt 0.860680 0.555385
vt 0.152423 0.479068
vt 0.979140 0.624590
vt 0.960476 0.634027
vt 0.949445 0.621718
vt 0.996602 0.633817
vt 0.938364 0.626583
vt 0.910403 0.435221
vt 0.939329 0.432231
vt 0.266033 0.875208
vt 0.248876 0.877780
vt 0.257826 0.866427
vt 0.237893 0.872347
vt 0.243863 0.861260
vt 0.543830 0.513352
vt 0.559847 0.514096
vt 0.552833 0.528594
vt 0.564219 0.522321
vt 0.564886 0.542419
vt 0.570281 0.535544
vt 0.579126 0.548343
vt 0.229319 0.701080
vt 0.230510 0.687368
vt 0.218563 0.706648
vt 0.229231 0.716802
vt 0.232346 0.722201
vt 0.215374 0.725138
vt 0.210044 0.867911
vt 0.219169 0.686095
vt 0.235437 0.680230
vt 0.199666 0.862904
vt 0.986086 0.589148
vt 0.994962 0.571453
vt 0.292874 0.788761
vt 0.371619 0.446500
vt 0.332370 0.445374
vt 0.610580 0.997262
vt 0.617198 0.984103
vt 0.647546 0.991060
vt 0.171220 0.357074
vt 0.190555 0.347373
vt 0.197573 0.358656
vt 0.195110 0.466702
vt 0.202420 0.468829
vt 0.311121 0.835281
vt 0.318932 0.729132
vt 0.328378 0.733425
vt 0.321930 0.723640
vt 0.148058 0.358656
vt 0.153853 0.350036
vt 0.542402 0.249492
vt 0.555224 0.252806
vt 0.548309 0.231686
vt 0.941068 0.366456
vt 0.545713 0.227631
vt 0.304618 0.218793
vt 0.261375 0.209675
vt 0.914008 0.638301
vt 0.898289 0.644162
vt 0.910407 0.629441
vt 0.266699 0.720534
vt 0.533843 0.523769
vt 0.554538 0.541791
vt 0.552592 0.548343
vt 0.208447 0.709223
vt 0.294545 0.759859
vt 0.295665 0.767035
vt 0.681074 0.545627
vt 0.687671 0.531063
vt 0.186632 0.867668
vt 0.997148 0.586041
vt 0.394638 0.434734
vt 0.972388 0.596937
vt 0.657540 0.992074
vt 0.663370 0.980411
vt 0.671629 0.990209
vt 0.671441 0.981814
vt 0.694875 0.968800
vt 0.964313 0.603643
vt 0.301766 0.808828
vt 0.637499 0.977827
vt 0.646589 0.976126
vt 0.220129 0.470476
vt 0.217140 0.464485
vt 0.182754 0.341247
vt 0.171381 0.341160
vt 0.305271 0.230976
vt 0.893308 0.427518
vt 0.879019 0.636357
vt 0.259700 0.893185
vt 0.889690 0.649739
vt 0.531966 0.516699
vt 0.527670 0.530252
vt 0.060412 0.108300
vt 0.056049 0.119953
vt 0.039698 0.117594
vt 0.541786 0.536784
vt 0.220854 0.881787
vt 0.215011 0.875091
vt 0.205167 0.690412
vt 0.288782 0.753918
vt 0.671760 0.583376
vt 0.662619 0.544560
vt 0.168325 0.860342
vt 0.993670 0.614641
vt 0.303043 0.792585
vt 0.140954 0.851170
vt 0.310003 0.822698
vt 0.238958 0.456142
vt 0.592963 0.999540
vt 0.597702 0.975732
vt 0.320148 0.845049
vt 0.567976 0.239553
vt 0.563358 0.233551
vt 0.158744 0.461036
vt 0.163380 0.454007
vt 0.177736 0.456793
vt 0.275967 0.226936
vt 0.909482 0.413414
vt 0.922989 0.425141
vt 0.445475 0.860287
vt 0.464677 0.857735
vt 0.459056 0.869922
vt 0.273305 0.885744
vt 0.232176 0.886181
vt 0.196901 0.702964
vt 0.194036 0.719802
vt 0.195704 0.874794
vt 0.999515 0.609482
vt 0.653947 0.980903
vt 0.655996 0.974685
vt 0.664261 0.971309
vt 0.539325 0.811370
vt 0.560478 0.817219
vt 0.532623 0.817219
vt 0.683521 0.965131
vt 0.532524 0.807329
vt 0.350890 0.434124
vt 0.146750 0.833533
vt 0.208656 0.448189
vt 0.208462 0.462680
vt 0.612945 0.970365
vt 0.197319 0.460938
vt 0.547027 0.218585
vt 0.938512 0.410221
vt 0.272575 0.897080
vt 0.246106 0.895120
vt 0.205111 0.889920
vt 0.661650 0.588733
vt 0.686207 0.589076
vt 0.377046 0.426969
vt 0.384273 0.433523
vt 0.359811 0.433326
vt 0.311908 0.438438
vt 0.316456 0.815523
vt 0.625761 0.966749
vt 0.582039 0.982151
vt 0.320503 0.837916
vt 0.188524 0.459686
vt 0.954096 0.370475
vt 0.957172 0.375100
vt 0.954385 0.363630
vt 0.177784 0.450968
vt 0.550783 0.220079
vt 0.945095 0.366050
vt 0.944198 0.374491
vt 0.937743 0.374426
vt 0.252863 0.224970
vt 0.235005 0.215548
vt 0.243548 0.201248
vt 0.189502 0.691585
vt 0.176745 0.878098
vt 0.366801 0.430736
vt 0.661389 0.963440
vt 0.674828 0.961926
vt 0.549873 0.811280
vt 0.565477 0.808067
vt 0.329248 0.435627
vt 0.145812 0.864569
vt 0.690226 0.956177
vt 0.538556 0.798554
vt 0.244860 0.443896
vt 0.593102 0.255626
vt 0.585636 0.243743
vt 0.575426 0.243589
vt 0.192239 0.444388
vt 0.323786 0.851406
vt 0.184236 0.451658
vt 0.566520 0.224069
vt 0.944527 0.381801
vt 0.954399 0.379689
vt 0.182947 0.716578
vt 0.185378 0.702401
vt 0.187468 0.884530
vt 0.982904 0.720495
vt 0.960576 0.699264
vt 0.981023 0.698945
vt 0.163592 0.096218
vt 0.170330 0.111878
vt 0.183010 0.111522
vt 0.312637 0.789462
vt 0.159614 0.873357
vt 0.623393 0.263812
vt 0.682393 0.956800
vt 0.674210 0.955079
vt 0.696775 0.961503
vt 0.549573 0.797730
vt 0.681131 0.955501
vt 0.684633 0.954696
vt 0.590048 0.962166
vt 0.934737 0.380753
vt 0.943785 0.386613
vt 0.263670 0.908143
vt 0.229664 0.898189
vt 0.299474 0.751652
vt 0.303073 0.757925
vt 0.977159 0.731467
vt 0.968711 0.725026
vt 0.307551 0.760494
vt 0.592290 0.238086
vt 0.652606 0.958508
vt 0.662819 0.955352
vt 0.559074 0.803397
vt 0.646865 0.447598
vt 0.654728 0.432086
vt 0.649982 0.424033
vt 0.644175 0.439324
vt 0.649117 0.468746
vt 0.657325 0.454101
vt 0.574355 0.223619
vt 0.652433 0.551732
vt 0.658738 0.516121
vt 0.650129 0.485871
vt 0.656647 0.483791
vt 0.640975 0.959158
vt 0.630081 0.960663
vt 0.697519 0.954502
vt 0.543305 0.790516
vt 0.213091 0.442997
vt 0.135679 0.867315
vt 0.123198 0.861592
vt 0.613112 0.961619
vt 0.959709 0.378868
vt 0.567054 0.217169
vt 0.558863 0.209184
vt 0.549695 0.211379
vt 0.999515 0.752588
vt 0.993714 0.758020
vt 0.990028 0.747565
vt 0.307071 0.750376
vt 0.162780 0.380295
vt 0.168447 0.384438
vt 0.164267 0.377186
vt 0.652888 0.948295
vt 0.208252 0.346192
vt 0.215049 0.345986
vt 0.215049 0.355893
vt 0.280407 0.438386
vt 0.286116 0.432395
vt 0.316353 0.431686
vt 0.328366 0.429024
vt 0.339026 0.433370
vt 0.351852 0.431756
vt 0.658738 0.437486
vt 0.681867 0.948545
vt 0.554104 0.794472
vt 0.197270 0.437430
vt 0.220894 0.439882
vt 0.658419 0.582413
vt 0.184473 0.438190
vt 0.528931 0.423070
vt 0.535006 0.422861
vt 0.532281 0.430479
vt 0.553140 0.205912
vt 0.551414 0.200093
vt 0.541262 0.203184
vt 0.548705 0.195273
vt 0.208739 0.902964
vt 0.199148 0.896609
vt 0.981137 0.752071
vt 0.981137 0.737385
vt 0.971106 0.742604
vt 0.310333 0.747267
vt 0.953535 0.714461
vt 0.616007 0.241477
vt 0.301883 0.419798
vt 0.318813 0.420930
vt 0.345770 0.422713
vt 0.143267 0.882188
vt 0.633243 0.948144
vt 0.688315 0.945803
vt 0.697742 0.946550
vt 0.708872 0.951025
vt 0.214999 0.436077
vt 0.346117 0.819929
vt 0.352044 0.815185
vt 0.362131 0.829190
vt 0.358400 0.799398
vt 0.373207 0.799589
vt 0.362440 0.778187
vt 0.257295 0.920591
vt 0.238941 0.909565
vt 0.365114 0.768120
vt 0.389611 0.788559
vt 0.381630 0.766269
vt 0.188366 0.892556
vt 0.368597 0.738159
vt 0.364982 0.730951
vt 0.384989 0.729908
vt 0.642540 0.258206
vt 0.633183 0.240833
vt 0.159122 0.894104
vt 0.719548 0.945428
vt 0.711744 0.935066
vt 0.723646 0.932699
vt 0.730415 0.944475
vt 0.735437 0.937342
vt 0.678977 0.941143
vt 0.642799 0.939445
vt 0.587819 0.227942
vt 0.208412 0.427238
vt 0.606694 0.950528
vt 0.131110 0.878437
vt 0.586522 0.221408
vt 0.577893 0.217611
vt 0.587791 0.945890
vt 0.177219 0.442239
vt 0.172963 0.435780
vt 0.185199 0.430978
vt 0.570500 0.212419
vt 0.579772 0.214277
vt 0.573113 0.199434
vt 0.557873 0.200964
vt 0.303551 0.270768
vt 0.309496 0.254200
vt 0.328297 0.264009
vt 0.321189 0.280323
vt 0.335916 0.289189
vt 0.341540 0.288672
vt 0.283083 0.262645
vt 0.292926 0.246099
vt 0.221131 0.914916
vt 0.968560 0.758647
vt 0.958264 0.740050
vt 0.394550 0.407927
vt 0.400407 0.429552
vt 0.170422 0.893883
vt 0.373498 0.414104
vt 0.365962 0.426636
vt 0.360607 0.408924
vt 0.327144 0.410952
vt 0.342333 0.405733
vt 0.359411 0.424031
vt 0.697021 0.934793
vt 0.605137 0.233579
vt 0.623737 0.939973
vt 0.600102 0.224179
vt 0.594501 0.219212
vt 0.119903 0.877721
vt 0.196884 0.425407
vt 0.386209 0.814721
vt 0.237128 0.921025
vt 0.421106 0.762711
vt 0.385038 0.751422
vt 0.384743 0.736827
vt 0.423473 0.729835
vt 0.985513 0.771075
vt 0.200759 0.907350
vt 0.184815 0.904595
vt 0.950182 0.726096
vt 0.376298 0.711651
vt 0.649886 0.935030
vt 0.662767 0.934129
vt 0.661073 0.939597
vt 0.654883 0.939849
vt 0.662333 0.943904
vt 0.727140 0.926490
vt 0.676170 0.929547
vt 0.695619 0.925994
vt 0.282754 0.398999
vt 0.622397 0.229324
vt 0.234755 0.409153
vt 0.240641 0.435454
vt 0.733032 0.878913
vt 0.743204 0.894567
vt 0.673301 0.894567
vt 0.611157 0.227489
vt 0.551232 0.420510
vt 0.550720 0.423724
vt 0.543176 0.422902
vt 0.591491 0.207461
vt 0.543029 0.397330
vt 0.546387 0.405284
vt 0.532572 0.404588
vt 0.416449 0.785778
vt 0.426548 0.748356
vt 0.951563 0.759363
vt 0.657767 0.257517
vt 0.387630 0.400660
vt 0.619108 0.926077
vt 0.605678 0.219847
vt 0.198434 0.412964
vt 0.202359 0.418076
vt 0.599496 0.928027
vt 0.562056 0.420193
vt 0.574447 0.196341
vt 0.563845 0.194912
vt 0.169216 0.685567
vt 0.162590 0.672430
vt 0.178155 0.668713
vt 0.248497 0.932958
vt 0.474704 0.760787
vt 0.643276 0.234792
vt 0.374345 0.394230
vt 0.158296 0.906117
vt 0.152653 0.901232
vt 0.661790 0.928479
vt 0.629072 0.230278
vt 0.648004 0.924420
vt 0.314943 0.391650
vt 0.135468 0.895659
vt 0.641186 0.928682
vt 0.212003 0.418367
vt 0.604738 0.203600
vt 0.167731 0.431217
vt 0.185383 0.411392
vt 0.321355 0.307145
vt 0.255324 0.246413
vt 0.243635 0.254118
vt 0.241765 0.237126
vt 0.233361 0.932347
vt 0.217122 0.927277
vt 0.201389 0.923697
vt 0.962827 0.769155
vt 0.453758 0.729798
vt 0.463755 0.746032
vt 0.421544 0.710575
vt 0.165929 0.911924
vt 0.391308 0.709378
vt 0.406769 0.398986
vt 0.935980 0.734236
vt 0.933717 0.708203
vt 0.661457 0.915262
vt 0.676485 0.921025
vt 0.630791 0.223167
vt 0.617620 0.221172
vt 0.204116 0.412736
vt 0.166497 0.410286
vt 0.159487 0.423614
vt 0.594589 0.188376
vt 0.155659 0.688365
vt 0.188256 0.923243
vt 0.937142 0.748948
vt 0.175050 0.919100
vt 0.388692 0.395679
vt 0.654734 0.919393
vt 0.341666 0.381248
vt 0.137809 0.908391
vt 0.644666 0.921177
vt 0.220924 0.387565
vt 0.238527 0.383726
vt 0.246709 0.392764
vt 0.937619 0.389042
vt 0.941163 0.398743
vt 0.937336 0.401566
vt 0.917961 0.401934
vt 0.123821 0.904089
vt 0.584845 0.919499
vt 0.151495 0.416050
vt 0.466584 0.784771
vt 0.962809 0.778500
vt 0.949369 0.770125
vt 0.470461 0.708564
vt 0.326699 0.778800
vt 0.340291 0.756818
vt 0.326868 0.750000
vt 0.915633 0.089779
vt 0.932436 0.088724
vt 0.910604 0.082197
vt 0.924623 0.709730
vt 0.927170 0.694751
vt 0.284485 0.379347
vt 0.293057 0.383906
vt 0.632873 0.201832
vt 0.617749 0.197563
vt 0.211007 0.402856
vt 0.208816 0.410242
vt 0.040589 0.183320
vt 0.026376 0.174972
vt 0.034256 0.164474
vt 0.505368 0.908926
vt 0.514578 0.911569
vt 0.510867 0.916975
vt 0.514751 0.924762
vt 0.515818 0.743366
vt 0.904667 0.045258
vt 0.911840 0.048787
vt 0.908151 0.039399
vt 0.930156 0.757719
vt 0.519071 0.732863
vt 0.340291 0.793278
vt 0.652501 0.908379
vt 0.476214 0.801565
vt 0.491900 0.797852
vt 0.513015 0.801565
vt 0.189375 0.101080
vt 0.203653 0.094171
vt 0.188835 0.115768
vt 0.636183 0.909791
vt 0.616135 0.911981
vt 0.219863 0.379360
vt 0.021845 0.650607
vt 0.041014 0.663504
vt 0.029558 0.671813
vt 0.349029 0.738950
vt 0.354490 0.757802
vt 0.364563 0.743971
vt 0.203400 0.397107
vt 0.146117 0.409018
vt 0.578857 0.405545
vt 0.585133 0.408514
vt 0.576990 0.410303
vt 0.029998 0.181466
vt 0.062685 0.787688
vt 0.048058 0.779391
vt 0.057619 0.774371
vt 0.939243 0.772637
vt 0.200140 0.936925
vt 0.927749 0.057656
vt 0.912059 0.042265
vt 0.153646 0.927025
vt 0.434438 0.408232
vt 0.426501 0.397123
vt 0.479982 0.399422
vt 0.144252 0.915489
vt 0.508445 0.789595
vt 0.250257 0.372641
vt 0.037193 0.644070
vt 0.209696 0.391952
vt 0.608806 0.185249
vt 0.600458 0.184464
vt 0.312990 0.655791
vt 0.303405 0.634654
vt 0.352180 0.639422
vt 0.360528 0.630214
vt 0.396892 0.636940
vt 0.497200 0.783509
vt 0.507345 0.936671
vt 0.493926 0.929996
vt 0.055125 0.791427
vt 0.133599 0.671933
vt 0.109831 0.664881
vt 0.117880 0.656189
vt 0.524568 0.756829
vt 0.913966 0.031768
vt 0.099326 0.656319
vt 0.109562 0.640427
vt 0.931045 0.044936
vt 0.086881 0.650373
vt 0.165609 0.933086
vt 0.514009 0.714893
vt 0.473746 0.378930
vt 0.527670 0.796693
vt 0.433768 0.378682
vt 0.277076 0.371829
vt 0.329619 0.364187
vt 0.228282 0.363216
vt 0.220798 0.369017
vt 0.364563 0.760129
vt 0.300652 0.123684
vt 0.306410 0.130657
vt 0.300462 0.135449
vt 0.242374 0.132034
vt 0.264468 0.128900
vt 0.245875 0.137661
vt 0.160858 0.394610
vt 0.182455 0.401005
vt 0.030062 0.193589
vt 0.552912 0.743313
vt 0.944175 0.057300
vt 0.242233 0.322744
vt 0.261650 0.322744
vt 0.246002 0.319982
vt 0.907199 0.738258
vt 0.073630 0.647380
vt 0.066982 0.658419
vt 0.059568 0.641769
vt 0.051680 0.665257
vt 0.057513 0.654190
vt 0.339759 0.362861
vt 0.357407 0.382814
vt 0.375974 0.382012
vt 0.313987 0.363943
vt 0.657767 0.211853
vt 0.183032 0.391204
vt 0.625041 0.183501
vt 0.612969 0.181860
vt 0.308554 0.300643
vt 0.299362 0.321662
vt 0.280083 0.306805
vt 0.531401 0.778532
vt 0.553884 0.755194
vt 0.051245 0.744494
vt 0.055657 0.756356
vt 0.046198 0.767495
vt 0.559012 0.731932
vt 0.201567 0.071637
vt 0.350493 0.363589
vt 0.222842 0.354940
vt 0.306317 0.121377
vt 0.238376 0.124184
vt 0.390600 0.025972
vt 0.357667 0.058950
vt 0.371343 0.034661
vt 0.561877 0.768911
vt 0.557218 0.748389
vt 0.576429 0.754935
vt 0.053883 0.951699
vt 0.067706 0.950737
vt 0.077100 0.966390
vt 0.057397 0.965331
vt 0.565537 0.743466
vt 0.919147 0.775342
vt 0.560632 0.717923
vt 0.212127 0.075488
vt 0.533757 0.387173
vt 0.521144 0.397589
vt 0.638209 0.187668
vt 0.300535 0.113106
vt 0.235765 0.115185
vt 0.255592 0.117950
vt 0.277743 0.121480
vt 0.557175 0.779733
vt 0.571850 0.771490
vt 0.591926 0.767967
vt 0.114488 0.708808
vt 0.097464 0.714081
vt 0.105580 0.694198
vt 0.594309 0.743076
vt 0.596492 0.756391
vt 0.576233 0.741839
vt 0.090469 0.695118
vt 0.101360 0.677570
vt 0.060392 0.722780
vt 0.067434 0.732738
vt 0.575195 0.732091
vt 0.577470 0.720745
vt 0.913902 0.761802
vt 0.564574 0.392582
vt 0.342113 0.093298
vt 0.362163 0.095889
vt 0.338678 0.105574
vt 0.364115 0.111045
vt 0.307501 0.103900
vt 0.324254 0.089832
vt 0.314231 0.110401
vt 0.498138 0.378690
vt 0.278354 0.360337
vt 0.312089 0.350915
vt 0.362446 0.361649
vt 0.217709 0.091174
vt 0.224084 0.113998
vt 0.269634 0.108233
vt 0.564503 0.788244
vt 0.573070 0.786843
vt 0.583281 0.784094
vt 0.415681 0.023971
vt 0.084526 0.950740
vt 0.585990 0.730514
vt 0.083651 0.684720
vt 0.071865 0.698984
vt 0.073981 0.677497
vt 0.902683 0.744102
vt 0.401248 0.359924
vt 0.225351 0.084015
vt 0.251038 0.092844
vt 0.251269 0.106368
vt 0.300064 0.104180
vt 0.303324 0.102587
vt 0.222948 0.104694
vt 0.619758 0.781251
vt 0.647426 0.777115
vt 0.649084 0.793087
vt 0.615187 0.783533
vt 0.614299 0.767733
vt 0.620067 0.766858
vt 0.648348 0.764329
vt 0.613942 0.758394
vt 0.619155 0.755318
vt 0.618273 0.744060
vt 0.209953 0.066785
vt 0.533368 0.378574
vt 0.300709 0.084815
vt 0.330977 0.341379
vt 0.461138 0.360770
vt 0.623276 0.792346
vt 0.615361 0.798594
vt 0.476219 0.648599
vt 0.468818 0.668265
vt 0.466229 0.640978
vt 0.039809 0.208351
vt 0.027622 0.208883
vt 0.667956 0.751922
vt 0.644060 0.742365
vt 0.613449 0.742795
vt 0.613076 0.732880
vt 0.604516 0.725828
vt 0.905624 0.765164
vt 0.585370 0.714105
vt 0.396226 0.086659
vt 0.390573 0.098953
vt 0.585913 0.382920
vt 0.580852 0.391174
vt 0.564313 0.377698
vt 0.398509 0.115176
vt 0.336382 0.342264
vt 0.432005 0.359753
vt 0.491036 0.362151
vt 0.640051 0.808732
vt 0.623490 0.808283
vt 0.088477 0.964155
vt 0.615341 0.726899
vt 0.907598 0.780951
vt 0.394496 0.073119
vt 0.359228 0.080863
vt 0.889487 0.759304
vt 0.889049 0.744745
vt 0.897464 0.740499
vt 0.419628 0.112496
vt 0.346164 0.339544
vt 0.629285 0.816671
vt 0.682495 0.791565
vt 0.544047 0.655026
vt 0.538770 0.663348
vt 0.531948 0.651122
vt 0.694815 0.773401
vt 0.693866 0.761120
vt 0.692088 0.737942
vt 0.322428 0.862460
vt 0.637686 0.725739
vt 0.589841 0.371635
vt 0.607662 0.385082
vt 0.537781 0.361324
vt 0.642070 0.829190
vt 0.667281 0.804683
vt 0.553829 0.656065
vt 0.551052 0.664389
vt 0.708139 0.786032
vt 0.466453 0.683730
vt 0.457604 0.681707
vt 0.410395 0.056288
vt 0.443324 0.050248
vt 0.438011 0.067200
vt 0.890762 0.772747
vt 0.042233 0.772099
vt 0.027313 0.775121
vt 0.037380 0.776746
vt 0.679271 0.186770
vt 0.665074 0.180079
vt 0.696602 0.174253
vt 0.683161 0.168856
vt 0.566887 0.369141
vt 0.560731 0.363331
vt 0.393865 0.339649
vt 0.422805 0.339319
vt 0.562945 0.658759
vt 0.701584 0.797362
vt 0.535260 0.667111
vt 0.729313 0.758136
vt 0.728955 0.770116
vt 0.730048 0.744895
vt 0.102489 0.952352
vt 0.663633 0.726736
vt 0.669087 0.164364
vt 0.669286 0.147224
vt 0.676920 0.145797
vt 0.672905 0.161141
vt 0.022889 0.777465
vt 0.037005 0.798704
vt 0.615557 0.373699
vt 0.433302 0.098167
vt 0.451912 0.105221
vt 0.435957 0.113237
vt 0.583818 0.664241
vt 0.626435 0.671525
vt 0.608693 0.672110
vt 0.725555 0.783766
vt 0.728774 0.782077
vt 0.497105 0.052965
vt 0.504066 0.075294
vt 0.468539 0.042057
vt 0.111417 0.963676
vt 0.884318 0.784070
vt 0.869692 0.771059
vt 0.021259 0.813289
vt 0.038241 0.824218
vt 0.615055 0.365638
vt 0.583078 0.359110
vt 0.564672 0.357778
vt 0.569942 0.659446
vt 0.570717 0.668047
vt 0.731147 0.793485
vt 0.745871 0.783649
vt 0.747358 0.768746
vt 0.751871 0.781916
vt 0.753774 0.768298
vt 0.759058 0.762611
vt 0.456185 0.701241
vt 0.746093 0.755162
vt 0.756674 0.748597
vt 0.731909 0.732162
vt 0.695907 0.725000
vt 0.643084 0.155223
vt 0.018608 0.774057
vt 0.599836 0.360003
vt 0.492479 0.110068
vt 0.484178 0.125543
vt 0.576304 0.356707
vt 0.514366 0.130992
vt 0.562970 0.673230
vt 0.542095 0.678252
vt 0.752762 0.795275
vt 0.536632 0.682016
vt 0.768190 0.779174
vt 0.770326 0.765130
vt 0.772426 0.755256
vt 0.745680 0.742870
vt 0.733367 0.740806
vt 0.039415 0.223667
vt 0.032614 0.242465
vt 0.027820 0.224112
vt 0.650521 0.174513
vt 0.656267 0.191086
vt 0.541311 0.350472
vt 0.554324 0.349101
vt 0.519574 0.116535
vt 0.570046 0.678284
vt 0.657457 0.691061
vt 0.652233 0.691076
vt 0.653826 0.684588
vt 0.567630 0.625967
vt 0.566869 0.648620
vt 0.554854 0.645643
vt 0.580065 0.647842
vt 0.777367 0.778023
vt 0.778486 0.766597
vt 0.782574 0.773451
vt 0.578043 0.617563
vt 0.577930 0.635868
vt 0.506487 0.685317
vt 0.486233 0.703241
vt 0.487594 0.683703
vt 0.588877 0.627326
vt 0.592302 0.637307
vt 0.777865 0.753707
vt 0.602815 0.647853
vt 0.773886 0.744676
vt 0.763919 0.733843
vt 0.744926 0.730130
vt 0.754376 0.736128
vt 0.729505 0.726449
vt 0.839939 0.782466
vt 0.834437 0.634734
vt 0.840291 0.593593
vt 0.831532 0.608827
vt 0.852811 0.777659
vt 0.617746 0.356663
vt 0.774570 0.421148
vt 0.769727 0.424854
vt 0.785922 0.431400
vt 0.006098 0.779637
vt 0.011894 0.788343
vt 0.586167 0.346801
vt 0.555014 0.118058
vt 0.625784 0.125820
vt 0.567221 0.137100
vt 0.558165 0.341947
vt 0.565164 0.683986
vt 0.648401 0.689899
vt 0.555203 0.609096
vt 0.570232 0.573396
vt 0.578591 0.591412
vt 0.581188 0.574181
vt 0.590730 0.595920
vt 0.590620 0.576328
vt 0.607092 0.640639
vt 0.788864 0.755322
vt 0.789806 0.743854
vt 0.662847 0.080124
vt 0.662227 0.093112
vt 0.654948 0.091399
vt 0.655210 0.082110
vt 0.778531 0.742709
vt 0.125694 0.953307
vt 0.751387 0.728797
vt 0.013730 0.850878
vt 0.036152 0.855989
vt 0.630488 0.163177
vt 0.655237 0.698022
vt 0.707654 0.702306
vt 0.716743 0.698545
vt 0.717961 0.702445
vt 0.552935 0.690787
vt 0.543653 0.690683
vt 0.697213 0.699362
vt 0.682196 0.700913
vt 0.677586 0.697144
vt 0.535986 0.694503
vt 0.675801 0.699335
vt 0.670822 0.077551
vt 0.674698 0.081664
vt 0.670748 0.093217
vt 0.603907 0.576826
vt 0.606886 0.586238
vt 0.615913 0.615749
vt 0.606239 0.627892
vt 0.829428 0.452310
vt 0.840005 0.454355
vt 0.831697 0.445895
vt 0.840163 0.445212
vt 0.652366 0.108214
vt 0.610883 0.640372
vt 0.774103 0.730095
vt 0.037561 0.889163
vt 0.029191 0.905966
vt 0.041149 0.904519
vt 0.042233 0.910773
vt 0.601397 0.350674
vt 0.620617 0.347434
vt 0.769975 0.411767
vt 0.008453 0.821560
vt 0.632253 0.181094
vt 0.651214 0.701336
vt 0.692268 0.703258
vt 0.673915 0.093841
vt 0.668931 0.108832
vt 0.618529 0.578106
vt 0.618023 0.564006
vt 0.617279 0.559656
vt 0.602857 0.565091
vt 0.630868 0.627473
vt 0.153378 0.965368
vt 0.029684 0.910936
vt 0.614002 0.537293
vt 0.627182 0.549215
vt 0.610315 0.550377
vt 0.627970 0.561358
vt 0.022879 0.888227
vt 0.031717 0.924291
vt 0.643786 0.632643
vt 0.621110 0.645560
vt 0.843302 0.769206
vt 0.766204 0.420147
vt 0.628192 0.170818
vt 0.653448 0.648711
vt 0.762621 0.718954
vt 0.773758 0.714751
vt 0.768087 0.723297
vt 0.706542 0.707490
vt 0.717603 0.707881
vt 0.546603 0.697675
vt 0.537741 0.705868
vt 0.829378 0.467303
vt 0.629518 0.596840
vt 0.625445 0.582949
vt 0.628814 0.608842
vt 0.635050 0.577577
vt 0.769919 0.393071
vt 0.762621 0.397406
vt 0.000485 0.781053
vt 0.657431 0.632753
vt 0.769662 0.705133
vt 0.782752 0.722064
vt 0.792398 0.719840
vt 0.785922 0.367871
vt 0.783421 0.362339
vt 0.777121 0.378344
vt 0.840291 0.471094
vt 0.020266 0.909382
vt 0.795588 0.284270
vt 0.792011 0.263268
vt 0.772303 0.285338
vt 0.780301 0.244154
vt 0.002890 0.823142
vt 0.646911 0.616166
vt 0.612093 0.155019
vt 0.623695 0.148047
vt 0.801502 0.953054
vt 0.788432 0.957282
vt 0.783244 0.946133
vt 0.671733 0.648620
vt 0.672368 0.637699
vt 0.779106 0.706886
vt 0.616994 0.702491
vt 0.610838 0.700866
vt 0.612958 0.693867
vt 0.798071 0.712498
vt 0.804490 0.723297
vt 0.421845 0.529006
vt 0.403037 0.529005
vt 0.414142 0.518877
vt 0.768394 0.377978
vt 0.162518 0.956694
vt 0.009785 0.884750
vt 0.638421 0.592512
vt 0.640068 0.602105
vt 0.771105 0.959995
vt 0.676271 0.628291
vt 0.788096 0.706209
vt 0.633369 0.707327
vt 0.626492 0.707959
vt 0.628734 0.698847
vt 0.664772 0.709358
vt 0.657947 0.709139
vt 0.660370 0.701874
vt 0.021147 0.912850
vt 0.021592 0.933262
vt 0.034441 0.935901
vt 0.029684 0.956262
vt 0.034233 0.953053
vt 0.640764 0.578473
vt 0.645440 0.594258
vt 0.604096 0.146668
vt 0.816967 0.956673
vt 0.812672 0.965120
vt 0.687252 0.635297
vt 0.698801 0.647476
vt 0.778348 0.695564
vt 0.791748 0.771179
vt 0.793053 0.773020
vt 0.797573 0.771179
vt 0.815459 0.285912
vt 0.814711 0.280859
vt 0.805186 0.276059
vt 0.994119 0.005118
vt 0.997573 0.014273
vt 0.982880 0.006895
vt 0.794284 0.220954
vt 0.797316 0.212768
vt 0.795997 0.194959
vt 0.650137 0.602851
vt 0.603312 0.175104
vt 0.799754 0.966705
vt 0.787691 0.968215
vt 0.759464 0.974522
vt 0.694949 0.624883
vt 0.793630 0.692910
vt 0.615263 0.714457
vt 0.652718 0.704318
vt 0.650675 0.710180
vt 0.644418 0.707823
vt 0.609764 0.711818
vt 0.813032 0.697837
vt 0.816933 0.710844
vt 0.826699 0.710178
vt 0.828178 0.277508
vt 0.819027 0.274733
vt 0.819025 0.279801
vt 0.823440 0.262652
vt 0.821700 0.258371
vt 0.828641 0.490638
vt 0.979126 0.014273
vt 0.011165 0.735267
vt 0.005340 0.745461
vt 0.008972 0.750386
vt 0.046231 0.843724
vt 0.799242 0.190430
vt 0.809349 0.190747
vt 0.808609 0.182377
vt 0.804934 0.172444
vt 0.791496 0.183528
vt 0.800615 0.157653
vt 0.796712 0.153482
vt 0.786691 0.157342
vt 0.785747 0.154636
vt 0.013359 0.937155
vt 0.866505 0.954973
vt 0.851479 0.971189
vt 0.839499 0.957134
vt 0.835984 0.973050
vt 0.821876 0.960152
vt 0.597260 0.161455
vt 0.699202 0.634029
vt 0.632568 0.716286
vt 0.642654 0.714206
vt 0.663975 0.712919
vt 0.657089 0.713649
vt 0.849803 0.131958
vt 0.843184 0.137872
vt 0.846093 0.145605
vt 0.848943 0.207552
vt 0.834230 0.206274
vt 0.850659 0.214863
vt 0.532318 0.633666
vt 0.524368 0.635812
vt 0.528056 0.644163
vt 0.542233 0.645948
vt 0.840163 0.496197
vt 0.011165 0.757366
vt 0.014176 0.952324
vt 0.812380 0.975995
vt 0.790855 0.979721
vt 0.764937 0.983259
vt 0.532477 0.596971
vt 0.538865 0.608942
vt 0.542233 0.594215
vt 0.346274 0.142474
vt 0.339537 0.130118
vt 0.332614 0.143462
vt 0.851422 0.167921
vt 0.850029 0.158445
vt 0.836568 0.170035
vt 0.846889 0.186191
vt 0.837152 0.186942
vt 0.835817 0.193679
vt 0.353706 0.127633
vt 0.348972 0.120166
vt 0.826699 0.749079
vt 0.826699 0.731191
vt 0.821845 0.738700
vt 0.822046 0.727901
vt 0.023454 0.961786
vt 0.008740 0.962967
vt 0.007282 0.979282
vt 0.025728 0.979282
vt 0.817684 0.171076
vt 0.818667 0.164047
vt 0.898544 0.575284
vt 0.890288 0.573204
vt 0.898544 0.592599
vt 0.885922 0.589194
vt 0.183595 0.966390
vt 0.807282 0.783545
vt 0.711165 0.644183
vt 0.823726 0.184502
vt 0.822746 0.192405
vt 0.055086 0.291750
vt 0.050848 0.294413
vt 0.050174 0.271987
vt 0.800599 0.126109
vt 0.802031 0.088928
vt 0.790850 0.098392
vt 0.576300 0.147206
vt 0.755889 0.984831
vt 0.748058 0.986410
vt 0.710278 0.631541
vt 0.832986 0.498619
vt 0.043538 0.296527
vt 0.200019 0.956588
vt 0.838355 0.575598
vt 0.836391 0.549858
vt 0.823809 0.531975
vt 0.793319 0.088468
vt 0.786360 0.074084
vt 0.773492 0.082729
vt 0.575138 0.166873
vt 0.577789 0.155364
vt 0.800613 0.985901
vt 0.765353 0.992684
vt 0.805364 0.993094
vt 0.751244 0.993094
vt 0.715049 0.043341
vt 0.723932 0.043805
vt 0.726188 0.027164
vt 0.214078 0.965374
vt 0.562045 0.170927
vt 0.775620 0.062661
vt 0.772506 0.054827
vt 0.737013 0.053699
vt 0.752997 0.044699
vt 0.736715 0.043138
vt 0.804657 0.560642
vt 0.811700 0.536710
vt 0.796733 0.536974
vt 0.594810 0.185132
vt 0.563890 0.180318
vt 0.052422 0.308785
vt 0.827614 0.519586
vt 0.559806 0.157460
vt 0.546007 0.147741
vt 0.543844 0.139876
vt 0.776536 0.537902
vt 0.794351 0.529237
vt 0.578141 0.189679
vt 0.551265 0.192775
vt 0.821099 0.520611
vt 0.058005 0.315134
vt 0.064737 0.308614
vt 0.065237 0.317666
vt 0.042815 0.313248
vt 0.540648 0.153977
vt 0.055656 0.321585
vt 0.047082 0.321454
vt 0.538253 0.181092
vt 0.541345 0.170723
vt 0.872330 0.360909
vt 0.883893 0.361379
vt 0.883981 0.351289
vt 0.822995 0.487967
vt 0.540065 0.192910
vt 0.515058 0.166832
vt 0.508083 0.141765
vt 0.509381 0.135452
vt 0.902501 0.353407
vt 0.899488 0.345308
vt 0.889688 0.347848
vt 0.883981 0.386280
vt 0.513380 0.190257
vt 0.507187 0.153497
vt 0.053704 0.328063
vt 0.043781 0.335024
vt 0.035732 0.335133
vt 0.496875 0.177949
vt 0.478980 0.166718
vt 0.475679 0.147060
vt 0.469008 0.157763
vt 0.894855 0.313519
vt 0.886064 0.302898
vt 0.038680 0.352210
vt 0.463652 0.137092
vt 0.823425 0.445105
vt 0.813077 0.465727
vt 0.474667 0.176815
vt 0.880168 0.282755
vt 0.868285 0.325370
vt 0.868345 0.285989
vt 0.457958 0.149189
vt 0.897521 0.290970
vt 0.893409 0.267884
vt 0.873994 0.265072
vt 0.444941 0.165813
vt 0.438411 0.158983
vt 0.884065 0.260338
vt 0.452496 0.175666
vt 0.432228 0.143821
vt 0.432499 0.151554
vt 0.434579 0.171569
vt 0.428997 0.135698
vt 0.445336 0.133117
vt 0.874754 0.246816
vt 0.892459 0.240715
vt 0.887412 0.226705
vt 0.877133 0.227245
vt 0.416117 0.158091
vt 0.414574 0.147395
vt 0.414038 0.139231
vt 0.828378 0.396578
vt 0.817999 0.395746
vt 0.822228 0.411271
vt 0.868882 0.224106
vt 0.411851 0.164576
vt 0.896960 0.224116
vt 0.404767 0.153868
vt 0.827282 0.376917
vt 0.874854 0.204946
vt 0.395724 0.160158
vt 0.396217 0.148001
vt 0.385430 0.135396
vt 0.840291 0.367455
vt 0.829709 0.365540
vt 0.384603 0.151141
vt 0.379123 0.145898
vt 0.862818 0.192451
vt 0.384109 0.176387
vt 0.383617 0.131857
vt 0.385680 0.126611
vt 0.008252 0.076877
vt 0.018224 0.081795
vt 0.019883 0.091621
vt 0.377903 0.166388
vt 0.029575 0.088168
vt 0.375855 0.158543
vt 0.883556 0.197173
vt 0.872851 0.181025
vt 0.861856 0.180363
vt 0.035983 0.072619
vt 0.009663 0.059634
vt 0.372060 0.173977
vt 0.371899 0.163477
vt 0.373655 0.155713
vt 0.547087 0.918508
vt 0.545170 0.928936
vt 0.537505 0.930990
vt 0.376250 0.177322
vt 0.857842 0.185749
vt 0.053066 0.080411
vt 0.817002 0.352350
vt 0.812028 0.329290
vt 0.810974 0.352712
vt 0.020366 0.047911
vt 0.038010 0.054782
vt 0.545340 0.936440
vt 0.870963 0.167486
vt 0.861196 0.172774
vt 0.036130 0.042637
vt 0.372047 0.183709
vt 0.368441 0.180554
vt 0.537721 0.940951
vt 0.368827 0.174116
vt 0.916936 0.171327
vt 0.922521 0.163905
vt 0.917831 0.155011
vt 0.806313 0.323665
vt 0.805606 0.336185
vt 0.362964 0.192910
vt 0.359709 0.190702
vt 0.020133 0.037897
vt 0.359946 0.185344
vt 0.863214 0.163460
vt 0.680038 0.671978
vt 0.669816 0.669634
vt 0.681894 0.669271
vt 0.054091 0.058940
vt 0.056627 0.071916
vt 0.666488 0.663444
vt 0.868218 0.154037
vt 0.661068 0.668732
vt 0.061851 0.065580
vt 0.059794 0.072879
vt 0.069440 0.078407
vt 0.059894 0.083332
vt 0.873518 0.152063
vt 0.202427 0.369705
vt 0.212136 0.369705
vt 0.204174 0.364180
vt 0.054737 0.043936
vt 0.065951 0.041292
vt 0.524176 0.003223
vt 0.544926 0.006862
vt 0.534303 0.011572
vt 0.547087 0.961786
vt 0.537379 0.961220
vt 0.543205 0.955812
vt 0.074138 0.087309
vt 0.076034 0.091621
vt 0.544028 0.012431
vt 0.073627 0.070978
vt 0.080063 0.088192
vt 0.066660 0.050374
vt 0.073706 0.060966
vt 0.079184 0.065420
vt 0.637379 0.672652
vt 0.062519 0.027850
vt 0.071761 0.075536
vt 0.086720 0.072815
vt 0.867272 0.135433
vt 0.991748 0.110311
vt 0.997573 0.130295
vt 0.997573 0.107699
vt 0.041646 0.037748
vt 0.059516 0.024429
vt 0.862246 0.135913
vt 0.040913 0.032344
vt 0.057527 0.020249
vt 0.071139 0.027301
vt 0.265339 0.332365
vt 0.247416 0.331519
vt 0.272732 0.328269
vt 0.074657 0.027958
vt 0.076446 0.043258
vt 0.081473 0.049855
vt 0.081954 0.056704
vt 0.267775 0.334836
vt 0.082814 0.027994
vt 0.255232 0.337395
vt 0.064229 0.024083
vt 0.241856 0.335928
vt 0.072243 0.013352
vt 0.089273 0.030123
vt 0.093372 0.049237
vt 0.091982 0.056540
vt 0.881250 0.114300
vt 0.872571 0.116353
vt 0.877067 0.129324
vt 0.015987 0.284535
vt 0.016019 0.265654
vt 0.011801 0.283607
vt 0.009223 0.266080
vt 0.080444 0.045258
vt 0.097929 0.043708
vt 0.100485 0.049232
vt 0.860552 0.121459
vt 0.854922 0.122012
vt 0.075715 0.016899
vt 0.228641 0.334875
vt 0.092597 0.020497
vt 0.861902 0.118283
vt 0.690777 0.040055
vt 0.699515 0.040055
vt 0.693884 0.035451
vt 0.094979 0.027980
vt 0.638793 0.880550
vt 0.627157 0.888122
vt 0.625728 0.884201
vt 0.652201 0.885364
vt 0.922816 0.274918
vt 0.926328 0.266902
vt 0.151780 0.263536
vt 0.632927 0.861444
vt 0.663592 0.257366
vt 0.655288 0.266062
vt 0.632216 0.855777
vt 0.641525 0.855345
vt 0.649770 0.858703
vt 0.982608 0.497698
vt 0.982775 0.477855
vt 0.663592 0.278449
vt 0.159625 0.279586
vt 0.924343 0.257334
vt 0.187308 0.817219
vt 0.179126 0.814941
vt 0.186580 0.810990
vt 0.661532 0.856702
vt 0.652737 0.843225
vt 0.646503 0.847983
vt 0.643939 0.838103
vt 0.932524 0.251842
vt 0.992969 0.468918
vt 0.993755 0.483666
vt 0.998544 0.464582
vt 0.672353 0.874716
vt 0.659264 0.848054
vt 0.655065 0.289595
vt 0.199499 0.817219
vt 0.197319 0.814842
vt 0.200485 0.810773
vt 0.648058 0.526695
vt 0.677224 0.852947
vt 0.674342 0.848898
vt 0.648044 0.547020
vt 0.664596 0.823396
vt 0.662008 0.829490
vt 0.658505 0.822744
vt 0.692085 0.881249
vt 0.688656 0.862311
vt 0.680015 0.843106
vt 0.673060 0.843439
vt 0.754260 0.081492
vt 0.744175 0.081185
vt 0.751760 0.075967
vt 0.642833 0.554020
vt 0.685678 0.850728
vt 0.673748 0.831142
vt 0.648058 0.557551
vt 0.171431 0.331720
vt 0.689877 0.842890
vt 0.686136 0.837476
vt 0.491802 0.412890
vt 0.768447 0.081185
vt 0.631297 0.061746
vt 0.147087 0.758287
vt 0.142496 0.758551
vt 0.147087 0.773941
vt 0.141262 0.772119
vt 0.633197 0.065310
vt 0.713511 0.869102
vt 0.704514 0.847803
vt 0.486893 0.425487
vt 0.723929 0.875681
vt 0.711379 0.841646
vt 0.182705 0.327279
vt 0.716938 0.850686
vt 0.712703 0.835340
vt 0.730372 0.861320
vt 0.741697 0.845116
vt 0.223948 0.334715
vt 0.991069 0.397509
vt 0.747938 0.869380
vt 0.745054 0.856774
vt 0.731592 0.833771
vt 0.887864 0.006980
vt 0.868275 0.010618
vt 0.978766 0.396974
vt 0.954088 0.028019
vt 0.758549 0.853023
vt 0.755546 0.843937
vt 0.838406 0.013769
vt 0.761091 0.868599
vt 0.760350 0.834812
vt 0.778481 0.860943
vt 0.779343 0.852782
vt 0.788838 0.841200
vt 0.997323 0.369085
vt 0.819609 0.014042
vt 0.698689 0.673221
vt 0.670388 0.681101
vt 0.688242 0.681780
vt 0.801210 0.847969
vt 0.803802 0.863385
vt 0.809907 0.853923
vt 0.942068 0.120929
vt 0.825752 0.864420
vt 0.977439 0.323797
vt 0.934889 0.135820
vt 0.936283 0.114444
vt 0.835369 0.854559
vt 0.833432 0.844939
vt 0.744614 0.665304
vt 0.979517 0.307141
vt 0.995752 0.302201
vt 0.845929 0.867469
vt 0.764300 0.677428
vt 0.880732 0.888122
vt 0.842248 0.881205
vt 0.863564 0.873131
vt 0.989119 0.284070
vt 0.866750 0.866586
vt 0.867360 0.853795
vt 0.780728 0.654236
vt 0.784822 0.667818
vt 0.884833 0.864933
vt 0.804595 0.681755
vt 0.924757 0.179768
vt 0.798983 0.654979
vt 0.895392 0.885247
vt 0.883705 0.853138
vt 0.897897 0.874240
vt 0.897956 0.862216
vt 0.896652 0.852809
vt 0.906429 0.882099
vt 0.934149 0.201216
vt 0.812998 0.657790
vt 0.806897 0.670676
vt 0.818805 0.840239
vt 0.816154 0.827295
vt 0.833020 0.832113
vt 0.913107 0.875491
vt 0.196422 0.000960
vt 0.210272 0.000460
vt 0.209377 0.010032
vt 0.819984 0.794387
vt 0.812136 0.804398
vt 0.813031 0.793278
vt 0.822197 0.805396
vt 0.823950 0.817703
vt 0.814781 0.816962
vt 0.816019 0.671373
vt 0.202744 0.017563
vt 0.208979 0.030382
vt 0.225482 0.015538
vt 0.857711 0.810817
vt 0.003398 0.424976
vt 0.003689 0.407686
vt 0.009369 0.392539
vt 0.191228 0.018306
vt 0.193180 0.029802
vt 0.847048 0.821404
vt 0.874882 0.801658
vt 0.949898 0.242288
vt 0.639320 0.446133
vt 0.007187 0.459692
vt 0.005396 0.445577
vt 0.026077 0.445445
vt 0.110735 0.272118
vt 0.101545 0.277624
vt 0.109214 0.277624
vt 0.175852 0.031674
vt 0.195957 0.043413
vt 0.746526 0.924033
vt 0.752913 0.922722
vt 0.752913 0.909043
vt 0.866026 0.824890
vt 0.139849 0.789339
vt 0.017391 0.379003
vt 0.057065 0.400398
vt 0.051236 0.384335
vt 0.513798 0.975949
vt 0.546324 0.983980
vt 0.546330 0.974843
vt 0.555825 0.986452
vt 0.098040 0.270668
vt 0.962506 0.249050
vt 0.015808 0.463628
vt 0.041468 0.462930
vt 0.059709 0.415898
vt 0.507530 0.975520
vt 0.173840 0.043711
vt 0.111165 0.262109
vt 0.069736 0.907978
vt 0.075091 0.942449
vt 0.065534 0.942449
vt 0.603897 0.444171
vt 0.743478 0.902246
vt 0.979288 0.870626
vt 0.092749 0.303256
vt 0.080022 0.302786
vt 0.078418 0.311270
vt 0.088166 0.311452
vt 0.523275 0.991405
vt 0.529300 0.990750
vt 0.534951 0.985568
vt 0.533567 0.992063
vt 0.542368 0.991427
vt 0.554893 0.989950
vt 0.553384 0.996777
vt 0.096756 0.938015
vt 0.172367 0.050738
vt 0.095631 0.260866
vt 0.108297 0.255548
vt 0.729612 0.908169
vt 0.889928 0.815106
vt 0.117056 0.534162
vt 0.514959 0.992341
vt 0.100028 0.424489
vt 0.099735 0.452877
vt 0.729843 0.898250
vt 0.056786 0.445723
vt 0.391633 0.936925
vt 0.505040 0.987668
vt 0.118932 0.918277
vt 0.112830 0.928327
vt 0.099208 0.252762
vt 0.887395 0.827326
vt 0.115050 0.310958
vt 0.490777 0.996777
vt 0.129123 0.514079
vt 0.122005 0.478604
vt 0.109056 0.395579
vt 0.110282 0.425666
vt 0.111644 0.449391
vt 0.434005 0.313125
vt 0.107063 0.302486
vt 0.502324 0.996424
vt 0.130420 0.533621
vt 0.110326 0.385936
vt 0.113583 0.427231
vt 0.110365 0.436334
vt 0.111217 0.444729
vt 0.093801 0.889963
vt 0.142999 0.042198
vt 0.163153 0.031117
vt 0.139587 0.056732
vt 0.964580 0.284070
vt 0.182491 0.058912
vt 0.976677 0.907993
vt 0.442824 0.322823
vt 0.239928 0.976027
vt 0.112194 0.377429
vt 0.112965 0.898901
vt 0.052266 0.463628
vt 0.446117 0.334715
vt 0.261443 0.976634
vt 0.241664 0.992129
vt 0.128137 0.310039
vt 0.122291 0.307160
vt 0.141262 0.532286
vt 0.138497 0.504315
vt 0.126151 0.392938
vt 0.125204 0.431802
vt 0.737161 0.197141
vt 0.728941 0.174545
vt 0.724557 0.191366
vt 0.118649 0.908801
vt 0.123835 0.440470
vt 0.146618 0.065662
vt 0.066782 0.892250
vt 0.296024 0.945716
vt 0.284566 0.941476
vt 0.910975 0.806778
vt 0.059543 0.428600
vt 0.258243 0.992680
vt 0.119454 0.319212
vt 0.119773 0.364109
vt 0.125035 0.388012
vt 0.718356 0.175180
vt 0.710584 0.158974
vt 0.738554 0.200454
vt 0.726884 0.202360
vt 0.150491 0.078678
vt 0.922450 0.832170
vt 0.587252 0.446133
vt 0.057982 0.462178
vt 0.283070 0.959792
vt 0.283207 0.975686
vt 0.271640 0.992561
vt 0.127108 0.372889
vt 0.126809 0.420984
vt 0.118691 0.064662
vt 0.321532 0.940851
vt 0.304321 0.914825
vt 0.924624 0.820010
vt 0.289868 0.993094
vt 0.698211 0.140424
vt 0.689787 0.145645
vt 0.702901 0.172212
vt 0.730914 0.219690
vt 0.737063 0.218401
vt 0.734884 0.210936
vt 0.722289 0.197529
vt 0.727908 0.209644
vt 0.186201 0.753410
vt 0.158634 0.083045
vt 0.326295 0.973312
vt 0.706025 0.203629
vt 0.691579 0.205576
vt 0.700769 0.211049
vt 0.321978 0.918909
vt 0.134387 0.346982
vt 0.747715 0.228291
vt 0.745669 0.224169
vt 0.726392 0.214442
vt 0.654186 0.299437
vt 0.691748 0.306025
vt 0.685564 0.322267
vt 0.105835 0.893942
vt 0.717423 0.214254
vt 0.715733 0.203885
vt 0.334043 0.918067
vt 0.345312 0.921967
vt 0.336713 0.936756
vt 0.138833 0.323897
vt 0.769596 0.293420
vt 0.762842 0.267938
vt 0.756869 0.271669
vt 0.739987 0.258669
vt 0.755706 0.253755
vt 0.739469 0.253692
vt 0.753272 0.249037
vt 0.690109 0.159681
vt 0.683989 0.150161
vt 0.350000 0.959069
vt 0.336900 0.971669
vt 0.347637 0.979431
vt 0.335609 0.993094
vt 0.123299 0.073855
vt 0.688964 0.230586
vt 0.696028 0.217523
vt 0.894677 0.891551
vt 0.141262 0.308373
vt 0.627262 0.314098
vt 0.627073 0.290047
vt 0.348165 0.992468
vt 0.697889 0.241562
vt 0.709332 0.236063
vt 0.697055 0.232408
vt 0.693543 0.250624
vt 0.708708 0.242396
vt 0.893231 0.888090
vt 0.928743 0.810660
vt 0.766370 0.302778
vt 0.777958 0.314882
vt 0.749207 0.279160
vt 0.676993 0.337115
vt 0.721629 0.234586
vt 0.096445 0.563541
vt 0.126664 0.091970
vt 0.713817 0.258460
vt 0.786893 0.327524
vt 0.784192 0.320768
vt 0.775175 0.329843
vt 0.761220 0.315030
vt 0.606536 0.306719
vt 0.112025 0.083417
vt 0.780907 0.335263
vt 0.743558 0.290183
vt 0.590440 0.304265
vt 0.481659 0.216817
vt 0.456942 0.234701
vt 0.518925 0.257496
vt 0.940392 0.811320
vt 0.626870 0.467461
vt 0.772000 0.340879
vt 0.752388 0.327783
vt 0.668245 0.352210
vt 0.596306 0.323790
vt 0.725846 0.300838
vt 0.942233 0.840239
vt 0.939622 0.822504
vt 0.734320 0.336795
vt 0.628192 0.339783
vt 0.610890 0.330608
vt 0.712039 0.338815
vt 0.776334 0.887099
vt 0.630583 0.453891
vt 0.749515 0.380875
vt 0.699277 0.353851
vt 0.740743 0.368918
vt 0.759460 0.414962
vt 0.749237 0.404317
vt 0.738370 0.415240
vt 0.699294 0.356490
vt 0.520531 0.587503
vt 0.411191 0.243223
vt 0.443977 0.257749
vt 0.123360 0.098863
vt 0.759641 0.436990
vt 0.731678 0.386793
vt 0.724696 0.373896
vt 0.714134 0.384658
vt 0.234248 0.515162
vt 0.332648 0.217914
vt 0.341887 0.197341
vt 0.388933 0.239810
vt 0.367073 0.233662
vt 0.099854 0.101162
vt 0.739458 0.445083
vt 0.731147 0.408094
vt 0.748866 0.393649
vt 0.688446 0.410684
vt 0.466492 0.273602
vt 0.112793 0.116650
vt 0.134686 0.122910
vt 0.074977 0.115306
vt 0.713768 0.416419
vt 0.714022 0.412626
vt 0.914520 0.676435
vt 0.213374 0.144898
vt 0.946217 0.318179
vt 0.932001 0.319667
vt 0.253948 0.170716
vt 0.715843 0.447904
vt 0.390940 0.544179
vt 0.892547 0.681860
vt 0.701638 0.410870
vt 0.693016 0.415582
vt 0.423751 0.268566
vt 0.468224 0.289683
vt 0.703582 0.440387
vt 0.753014 0.510364
vt 0.743391 0.505141
vt 0.877993 0.678466
vt 0.390687 0.261995
vt 0.930057 0.634879
vt 0.123956 0.136118
vt 0.404722 0.263830
vt 0.199492 0.165166
vt 0.887961 0.663201
vt 0.882537 0.665530
vt 0.796584 0.377383
vt 0.339179 0.241398
vt 0.373558 0.254493
vt 0.098942 0.124444
vt 0.249606 0.188068
vt 0.217422 0.174040
vt 0.716876 0.500561
vt 0.870388 0.671749
vt 0.701642 0.497102
vt 0.803398 0.383518
vt 0.793689 0.381010
vt 0.663138 0.508035
vt 0.946672 0.346666
vt 0.323484 0.236838
vt 0.359320 0.249972
vt 0.745611 0.556311
vt 0.765345 0.549298
vt 0.719360 0.550918
vt 0.882594 0.659489
vt 0.648283 0.999540
vt 0.213972 0.467167
vt 0.965548 0.615647
vt 0.928502 0.621886
vt 0.141389 0.149729
vt 0.081727 0.126389
vt 0.160773 0.161437
vt 0.769159 0.565861
vt 0.327484 0.722376
vt 0.953718 0.424321
vt 0.182341 0.173345
vt 0.749200 0.578839
vt 0.703726 0.536779
vt 0.200503 0.675732
vt 0.335437 0.724147
vt 0.951120 0.356182
vt 0.353929 0.266062
vt 0.120539 0.148331
vt 0.101552 0.137723
vt 0.773554 0.594196
vt 0.777160 0.576784
vt 0.480625 0.866980
vt 0.495595 0.863012
vt 0.190743 0.178258
vt 0.211557 0.186717
vt 0.044536 0.106056
vt 0.196153 0.686602
vt 0.335437 0.732165
vt 0.949813 0.602670
vt 0.444847 0.873739
vt 0.786893 0.610616
vt 0.760262 0.595224
vt 0.225810 0.194808
vt 0.721397 0.586753
vt 0.178155 0.680440
vt 0.333951 0.255349
vt 0.393592 0.884779
vt 0.405731 0.868455
vt 0.423520 0.878651
vt 0.890941 0.417003
vt 0.066527 0.162220
vt 0.014039 0.106411
vt 0.015722 0.097083
vt 0.023570 0.114783
vt 0.028953 0.104393
vt 0.688377 0.580121
vt 0.149337 0.552026
vt 0.149446 0.542132
vt 0.161817 0.542854
vt 0.183010 0.088607
vt 0.177870 0.079650
vt 0.775623 0.617403
vt 0.468712 0.880205
vt 0.091880 0.152393
vt 0.146628 0.175762
vt 0.197677 0.198730
vt 0.213692 0.205377
vt 0.703102 0.584186
vt 0.778155 0.105433
vt 0.778155 0.116482
vt 0.757767 0.111014
vt 0.342106 0.271874
vt 0.291748 0.901843
vt 0.281705 0.914028
vt 0.112524 0.161713
vt 0.132241 0.169457
vt 0.758278 0.610912
vt 0.053740 0.137450
vt 0.496227 0.878052
vt 0.166363 0.185204
vt 0.172096 0.188074
vt 0.009004 0.120020
vt 0.030377 0.127935
vt 0.183210 0.192423
vt 0.735061 0.605709
vt 0.724226 0.602014
vt 0.708812 0.597975
vt 0.164218 0.537475
vt 0.161423 0.520489
vt 0.149029 0.522817
vt 0.149061 0.516059
vt 0.159685 0.512431
vt 0.951097 0.383494
vt 0.420597 0.890196
vt 0.613292 0.408379
vt 0.597741 0.395488
vt 0.626699 0.398166
vt 0.441166 0.886322
vt 0.347872 0.276622
vt 0.590777 0.408379
vt 0.455103 0.885421
vt 0.266821 0.233433
vt 0.690855 0.598425
vt 0.570388 0.812065
vt 0.168447 0.368121
vt 0.165670 0.365101
vt 0.210939 0.355444
vt 0.956735 0.384136
vt 0.947960 0.388122
vt 0.480986 0.883482
vt 0.681862 0.600525
vt 0.159709 0.378210
vt 0.161426 0.368438
vt 0.210171 0.339319
vt 0.179095 0.444308
vt 0.523532 0.417236
vt 0.523662 0.410305
vt 0.533356 0.411403
vt 0.398630 0.909261
vt 0.383268 0.897959
vt 0.419367 0.906784
vt 0.433811 0.901837
vt 0.105326 0.180620
vt 0.045300 0.148760
vt 0.499805 0.887610
vt 0.006287 0.129204
vt 0.991748 0.898250
vt 0.985049 0.896409
vt 0.972330 0.898250
vt 0.226023 0.230079
vt 0.210327 0.220595
vt 0.369035 0.754252
vt 0.217020 0.048101
vt 0.224203 0.048343
vt 0.223090 0.037037
vt 0.229718 0.039656
vt 0.202427 0.048343
vt 0.233495 0.036397
vt 0.079126 0.993094
vt 0.095066 0.982965
vt 0.111165 0.993094
vt 0.215581 0.034530
vt 0.538379 0.420025
vt 0.519903 0.406949
vt 0.378754 0.914366
vt 0.364694 0.916472
vt 0.361650 0.904595
vt 0.277246 0.925768
vt 0.465229 0.896851
vt 0.123805 0.190065
vt 0.188159 0.214220
vt 0.022528 0.138059
vt 0.992703 0.768970
vt 0.183057 0.538704
vt 0.171467 0.515426
vt 0.687254 0.886303
vt 0.447299 0.899028
vt 0.486518 0.892150
vt 0.087531 0.175042
vt 0.166849 0.204227
vt 0.544878 0.418626
vt 0.550296 0.413140
vt 0.044761 0.162245
vt 0.500899 0.896616
vt 0.400561 0.923024
vt 0.435995 0.912862
vt 0.266850 0.936925
vt 0.464508 0.911723
vt 0.485117 0.911826
vt 0.221880 0.244787
vt 0.203686 0.237769
vt 0.508267 0.900810
vt 0.015218 0.145838
vt 0.000485 0.142580
vt 0.024511 0.151975
vt 0.191133 0.534476
vt 0.557245 0.408587
vt 0.364519 0.931230
vt 0.454509 0.914632
vt 0.401827 0.804772
vt 0.146945 0.209922
vt 0.168089 0.223087
vt 0.981712 0.784070
vt 0.200485 0.552026
vt 0.898458 0.058920
vt 0.884993 0.059314
vt 0.866505 0.080113
vt 0.892134 0.075368
vt 0.292078 0.290859
vt 0.332119 0.315777
vt 0.418306 0.929678
vt 0.438360 0.922365
vt 0.391091 0.932282
vt 0.070064 0.186599
vt 0.188183 0.233480
vt 0.119903 0.782796
vt 0.116372 0.795120
vt 0.112445 0.788072
vt 0.104229 0.779651
vt 0.097466 0.793017
vt 0.090751 0.782398
vt 0.085568 0.795120
vt 0.974035 0.776946
vt 0.895518 0.089538
vt 0.354184 0.310037
vt 0.160942 0.709844
vt 0.098711 0.191706
vt 0.115454 0.201637
vt 0.276303 0.637064
vt 0.300488 0.619245
vt 0.054566 0.188196
vt 0.114370 0.776039
vt 0.018886 0.162326
vt 0.078765 0.784458
vt 0.094724 0.770969
vt 0.270276 0.947053
vt 0.269141 0.957109
vt 0.258321 0.947583
vt 0.893105 0.042910
vt 0.214936 0.408593
vt 0.573412 0.418515
vt 0.165869 0.721786
vt 0.150331 0.732749
vt 0.269349 0.277880
vt 0.465199 0.922389
vt 0.079329 0.190662
vt 0.238305 0.265826
vt 0.150710 0.663693
vt 0.493642 0.923356
vt 0.207412 0.258379
vt 0.106434 0.765654
vt 0.519280 0.915567
vt 0.528717 0.912923
vt 0.074733 0.774931
vt 0.248533 0.957182
vt 0.243204 0.948321
vt 0.283981 0.948691
vt 0.282307 0.957182
vt 0.906534 0.068686
vt 0.148873 0.709188
vt 0.447585 0.940608
vt 0.112819 0.209953
vt 0.144912 0.678441
vt 0.165651 0.239952
vt 0.218515 0.264975
vt 0.189791 0.252351
vt 0.533037 0.919528
vt 0.988835 0.667127
vt 0.998544 0.667127
vt 0.992024 0.659761
vt 0.902846 0.036506
vt 0.947087 0.401934
vt 0.535496 0.335740
vt 0.540291 0.342995
vt 0.530482 0.345764
vt 0.582834 0.419192
vt 0.143748 0.752419
vt 0.125023 0.743010
vt 0.462469 0.935383
vt 0.362325 0.324338
vt 0.349661 0.333126
vt 0.141090 0.704444
vt 0.473417 0.930512
vt 0.094695 0.202210
vt 0.278463 0.657527
vt 0.937918 0.070962
vt 0.936861 0.074912
vt 0.944175 0.088631
vt 0.131748 0.725124
vt 0.075440 0.204665
vt 0.234940 0.275662
vt 0.126075 0.690054
vt 0.143341 0.230697
vt 0.531694 0.928075
vt 0.539320 0.921185
vt 0.050458 0.638582
vt 0.048544 0.651625
vt 0.524671 0.335903
vt 0.590028 0.420564
vt 0.596925 0.412960
vt 0.266788 0.290707
vt 0.114760 0.678022
vt 0.045872 0.749346
vt 0.034405 0.765309
vt 0.023494 0.707109
vt 0.041994 0.696867
vt 0.029612 0.721952
vt 0.037304 0.687354
vt 0.025163 0.690905
vt 0.532767 0.325482
vt 0.522816 0.325917
vt 0.286111 0.129320
vt 0.598998 0.424443
vt 0.311150 0.328165
vt 0.321473 0.339636
vt 0.362975 0.659413
vt 0.410161 0.660347
vt 0.120215 0.713525
vt 0.108428 0.736092
vt 0.114840 0.754502
vt 0.097597 0.217808
vt 0.435341 0.648247
vt 0.106681 0.762904
vt 0.091813 0.756372
vt 0.437343 0.638727
vt 0.086749 0.767495
vt 0.073437 0.760140
vt 0.291569 0.025364
vt 0.314097 0.033650
vt 0.306057 0.041784
vt 0.358674 0.039259
vt 0.073713 0.747599
vt 0.340040 0.042465
vt 0.313568 0.053062
vt 0.337818 0.055417
vt 0.525047 0.940608
vt 0.253706 0.360580
vt 0.094030 0.741915
vt 0.245307 0.015335
vt 0.091052 0.670921
vt 0.046761 0.730912
vt 0.081091 0.662370
vt 0.054291 0.710658
vt 0.059703 0.679305
vt 0.742233 0.983906
vt 0.742233 0.958103
vt 0.728641 0.985727
vt 0.729858 0.959679
vt 0.533394 0.310981
vt 0.607319 0.430479
vt 0.608252 0.417276
vt 0.422508 0.005064
vt 0.446090 0.006193
vt 0.053218 0.212175
vt 0.068069 0.214883
vt 0.283530 0.043279
vt 0.086001 0.728097
vt 0.324622 0.065917
vt 0.356745 0.067268
vt 0.230454 0.111051
vt 0.230535 0.101937
vt 0.228884 0.125731
vt 0.252988 0.687111
vt 0.274255 0.689037
vt 0.311145 0.686430
vt 0.447668 0.662220
vt 0.081498 0.221313
vt 0.229694 0.020400
vt 0.251251 0.027026
vt 0.077960 0.715712
vt 0.339802 0.077326
vt 0.318565 0.076150
vt 0.307434 0.088832
vt 0.540291 0.296041
vt 0.527845 0.306242
vt 0.445104 0.027162
vt 0.355093 0.683988
vt 0.387798 0.058412
vt 0.236281 0.029199
vt 0.256699 0.040842
vt 0.290669 0.064035
vt 0.218229 0.064689
vt 0.222961 0.072960
vt 0.217321 0.084881
vt 0.274214 0.097268
vt 0.472592 0.027850
vt 0.473714 0.009118
vt 0.488591 0.011015
vt 0.485171 0.647564
vt 0.485673 0.666224
vt 0.495544 0.643595
vt 0.505721 0.653702
vt 0.412955 0.683406
vt 0.803821 0.654236
vt 0.815191 0.650392
vt 0.808891 0.643601
vt 0.238989 0.038633
vt 0.241239 0.050959
vt 0.268465 0.057592
vt 0.252121 0.074865
vt 0.270142 0.081011
vt 0.310194 0.886355
vt 0.310452 0.894567
vt 0.319421 0.890237
vt 0.488606 0.024548
vt 0.501605 0.022522
vt 0.074920 0.228192
vt 0.082257 0.231280
vt 0.825112 0.646200
vt 0.233694 0.047717
vt 0.315938 0.858656
vt 0.507587 0.665979
vt 0.240291 0.696119
vt 0.272985 0.699545
vt 0.510336 0.040393
vt 0.429155 0.682999
vt 0.823195 0.635331
vt 0.835109 0.641269
vt 0.600635 0.657859
vt 0.305969 0.714275
vt 0.049800 0.227073
vt 0.409516 0.079665
vt 0.618265 0.387514
vt 0.340291 0.894567
vt 0.478208 0.686469
vt 0.262538 0.718692
vt 0.337595 0.712206
vt 0.384419 0.706800
vt 0.061541 0.244773
vt 0.070767 0.250239
vt 0.811761 0.624730
vt 0.427081 0.099241
vt 0.425297 0.114111
vt 0.718504 0.797889
vt 0.431030 0.706966
vt 0.076905 0.252696
vt 0.804461 0.617597
vt 0.431743 0.084104
vt 0.472918 0.343571
vt 0.578997 0.672366
vt 0.628408 0.679632
vt 0.710695 0.802917
vt 0.532593 0.059867
vt 0.472647 0.071248
vt 0.473019 0.092356
vt 0.602931 0.678369
vt 0.619144 0.682951
vt 0.636762 0.687184
vt 0.634959 0.681551
vt 0.643199 0.684689
vt 0.759405 0.784945
vt 0.473810 0.697092
vt 0.465070 0.700143
vt 0.046508 0.254600
vt 0.055272 0.256180
vt 0.557929 0.065561
vt 0.819128 0.599919
vt 0.625338 0.685200
vt 0.758631 0.795108
vt 0.659415 0.693541
vt 0.664114 0.692212
vt 0.663784 0.696139
vt 0.668816 0.693476
vt 0.789101 0.772847
vt 0.787143 0.763519
vt 0.476811 0.702258
vt 0.496201 0.980952
vt 0.501456 0.969474
vt 0.501456 0.947895
vt 0.545769 0.082860
vt 0.596151 0.072977
vt 0.594813 0.089727
vt 0.633346 0.083812
vt 0.502653 0.097278
vt 0.616352 0.370618
vt 0.641824 0.137661
vt 0.592563 0.685984
vt 0.631535 0.688383
vt 0.640180 0.691571
vt 0.667867 0.700112
vt 0.673079 0.695006
vt 0.481255 0.992296
vt 0.489252 0.990653
vt 0.676150 0.695079
vt 0.810203 0.597590
vt 0.632639 0.097938
vt 0.560226 0.103356
vt 0.624184 0.108610
vt 0.648319 0.123607
vt 0.657978 0.136889
vt 0.564642 0.343111
vt 0.620981 0.693856
vt 0.644268 0.700142
vt 0.672796 0.705117
vt 0.703785 0.080218
vt 0.700956 0.066557
vt 0.729612 0.072160
vt 0.683150 0.083422
vt 0.694571 0.090458
vt 0.491997 0.947249
vt 0.970019 0.992898
vt 0.968198 0.999540
vt 0.965198 0.997168
vt 0.658400 0.122513
vt 0.662776 0.129784
vt 0.571064 0.688572
vt 0.577249 0.688135
vt 0.636282 0.700184
vt 0.470213 0.993094
vt 0.460286 0.986439
vt 0.677491 0.705849
vt 0.474551 0.947235
vt 0.682163 0.094446
vt 0.661363 0.108322
vt 0.675439 0.117038
vt 0.700527 0.136260
vt 0.692571 0.121835
vt 0.719591 0.129552
vt 0.942581 0.996089
vt 0.953641 0.997046
vt 0.921423 0.999540
vt 0.668890 0.132861
vt 0.685995 0.121661
vt 0.687021 0.137081
vt 0.352643 0.177256
vt 0.358738 0.173917
vt 0.352766 0.167925
vt 0.689770 0.706993
vt 0.666131 0.704884
vt 0.455299 0.978440
vt 0.450925 0.965759
vt 0.530807 0.704418
vt 0.727731 0.083348
vt 0.712325 0.093756
vt 0.692633 0.107563
vt 0.704679 0.120609
vt 0.722804 0.111603
vt 0.138134 0.443003
vt 0.127670 0.455341
vt 0.146932 0.442449
vt 0.135871 0.454699
vt 0.346103 0.172856
vt 0.725941 0.096161
vt 0.064624 0.276229
vt 0.074723 0.276891
vt 0.950735 0.974983
vt 0.825711 0.564931
vt 0.588693 0.704848
vt 0.854323 0.260975
vt 0.870388 0.264427
vt 0.854536 0.240609
vt 0.800729 0.586652
vt 0.972330 0.977998
vt 0.148556 0.447963
vt 0.149593 0.455341
vt 0.337422 0.163286
vt 0.702180 0.712198
vt 0.717458 0.713869
vt 0.332145 0.156756
vt 0.690547 0.712452
vt 0.350884 0.152143
vt 0.673267 0.712153
vt 0.669324 0.711901
vt 0.392718 0.520589
vt 0.039074 0.270427
vt 0.777744 0.214876
vt 0.159709 0.449464
vt 0.327670 0.157898
vt 0.845430 0.259720
vt 0.061107 0.287444
vt 0.393961 0.526130
vt 0.837957 0.744704
vt 0.838085 0.746317
vt 0.843204 0.743140
vt 0.992330 0.001381
vt 0.927082 0.946133
vt 0.767569 0.696403
vt 0.717185 0.718692
vt 0.691987 0.717970
vt 0.352156 0.143356
vt 0.834513 0.259087
vt 0.836075 0.213440
vt 0.353721 0.132814
vt 0.828641 0.739632
vt 0.842843 0.736397
vt 0.705790 0.915746
vt 0.699152 0.914115
vt 0.699737 0.909909
vt 0.969364 0.955183
vt 0.810234 0.236160
vt 0.694660 0.900488
vt 0.705186 0.898250
vt 0.892002 0.597145
vt 0.802591 0.217295
vt 0.941878 0.966180
vt 0.906667 0.948183
vt 0.903113 0.998339
vt 0.675630 0.717277
vt 0.857314 0.153291
vt 0.856399 0.192817
vt 0.668339 0.717284
vt 0.358738 0.120929
vt 0.824485 0.210541
vt 0.383981 0.871547
vt 0.376214 0.873564
vt 0.383981 0.876151
vt 0.357938 0.121088
vt 0.831499 0.721413
vt 0.834783 0.727331
vt 0.811994 0.209386
vt 0.803696 0.211155
vt 0.814651 0.206808
vt 0.044175 0.824979
vt 0.801269 0.200515
vt 0.793248 0.130455
vt 0.538238 0.584254
vt 0.847035 0.090062
vt 0.852898 0.101956
vt 0.870388 0.057802
vt 0.648256 0.715126
vt 0.856744 0.054214
vt 0.835987 0.161033
vt 0.838275 0.146317
vt 0.832788 0.143770
vt 0.836918 0.127565
vt 0.830331 0.152879
vt 0.828976 0.131590
vt 0.836790 0.113928
vt 0.826319 0.119705
vt 0.463592 0.304975
vt 0.466307 0.316963
vt 0.491625 0.309989
vt 0.339798 0.125861
vt 0.820073 0.153059
vt 0.449029 0.941529
vt 0.843204 0.720534
vt 0.539333 0.627981
vt 0.721845 0.915746
vt 0.720369 0.903184
vt 0.806663 0.150091
vt 0.886332 0.573495
vt 0.525214 0.591052
vt 0.516990 0.611087
vt 0.328380 0.136824
vt 0.495631 0.330110
vt 0.831039 0.103771
vt 0.839157 0.065989
vt 0.522519 0.622958
vt 0.822135 0.140279
vt 0.518046 0.626860
vt 0.815494 0.127437
vt 0.063456 0.296193
vt 0.070578 0.298341
vt 0.790639 0.115186
vt 0.945101 0.947177
vt 0.812473 0.770983
vt 0.891313 0.953719
vt 0.876718 0.989365
vt 0.870024 0.971288
vt 0.868447 0.979605
vt 0.523278 0.609608
vt 0.830593 0.082522
vt 0.495631 0.294199
vt 0.813677 0.095658
vt 0.959567 0.947822
vt 0.784462 0.102168
vt 0.964245 0.946634
vt 0.077335 0.295525
vt 0.057767 0.369597
vt 0.046817 0.370626
vt 0.049591 0.354972
vt 0.057767 0.354980
vt 0.046117 0.357623
vt 0.768641 0.068261
vt 0.877453 0.962302
vt 0.715843 0.028239
vt 0.825507 0.052595
vt 0.831883 0.047931
vt 0.805622 0.076389
vt 0.820659 0.052106
vt 0.792885 0.050966
vt 0.793617 0.066477
vt 0.738748 0.027913
vt 0.810355 0.042175
vt 0.075623 0.311530
vt 0.792685 0.037264
vt 0.769380 0.045853
vt 0.755978 0.029571
vt 0.772483 0.032124
vt 0.809353 0.522728
vt 0.783182 0.528831
vt 0.806249 0.502637
vt 0.908389 0.366035
vt 0.915127 0.349099
vt 0.890762 0.358693
vt 0.895490 0.368785
vt 0.919016 0.361085
vt 0.775243 0.519022
vt 0.791166 0.504720
vt 0.912657 0.339056
vt 0.815775 0.490550
vt 0.916693 0.328894
vt 0.930583 0.332904
vt 0.910708 0.311517
vt 0.925745 0.308922
vt 0.791670 0.481272
vt 0.802559 0.468476
vt 0.911327 0.291968
vt 0.880175 0.331190
vt 0.918557 0.274982
vt 0.793328 0.447865
vt 0.809664 0.435848
vt 0.802069 0.441757
vt 0.818948 0.427547
vt 0.908513 0.275086
vt 0.905568 0.259208
vt 0.801038 0.420436
vt 0.916673 0.245907
vt 0.901890 0.222281
vt 0.909847 0.230574
vt 0.809293 0.402995
vt 0.919591 0.227174
vt 0.914527 0.215881
vt 0.806255 0.390639
vt 0.903530 0.208046
vt 0.814957 0.370155
vt 0.892660 0.207048
vt 0.917015 0.192209
vt 0.804400 0.366105
vt 0.820622 0.361329
vt 0.909498 0.185553
vt 0.649079 0.418263
vt 0.665534 0.421271
vt 0.657909 0.408759
vt 0.663911 0.412336
vt 0.645180 0.404978
vt 0.641875 0.400092
vt 0.890434 0.181044
vt 0.630864 0.419934
vt 0.629198 0.404912
vt 0.620118 0.420672
vt 0.620331 0.408473
vt 0.881488 0.173533
vt 0.898899 0.160549
vt 0.612136 0.421271
vt 0.911153 0.158200
vt 0.853884 0.177676
vt 0.689806 0.672652
vt 0.006092 0.624311
vt 0.011165 0.616504
vt 0.003006 0.611878
vt 0.801244 0.325532
vt 0.923970 0.153362
vt 0.011165 0.633978
vt 0.000485 0.622907
vt 0.886897 0.151928
vt 0.908526 0.148695
vt 0.919435 0.144921
vt 0.517961 0.012431
vt 0.523437 0.008492
vt 0.000977 0.633008
vt 0.537404 0.951591
vt 0.926903 0.144197
vt 0.147087 0.397688
vt 0.141406 0.405617
vt 0.139320 0.397310
vt 0.910547 0.150220
vt 0.890331 0.138336
vt 0.146312 0.390199
vt 0.996140 0.099908
vt 0.915387 0.140546
vt 0.879975 0.142208
vt 0.141966 0.385396
vt 0.930583 0.136767
vt 0.550000 0.009672
vt 0.903330 0.137542
vt 0.910938 0.135222
vt 0.913316 0.142776
vt 0.927550 0.132039
vt 0.280097 0.339319
vt 0.899139 0.126951
vt 0.922770 0.125178
vt 0.147087 0.369705
vt 0.141601 0.370453
vt 0.917427 0.119091
vt 0.902921 0.131621
vt 0.892715 0.126374
vt 0.640291 0.362584
vt 0.642003 0.355460
vt 0.652562 0.355858
vt 0.331408 0.016018
vt 0.323786 0.012574
vt 0.347998 0.013051
vt 0.092213 0.065359
vt 0.016019 0.296961
vt 0.011164 0.287208
vt 0.653720 0.363260
vt 0.584951 0.062155
vt 0.579126 0.061732
vt 0.584951 0.053867
vt 0.889990 0.127050
vt 0.329338 0.018877
vt 0.352665 0.015878
vt 0.663035 0.353131
vt 0.870007 0.124220
vt 0.883207 0.105031
vt 0.670356 0.356588
vt 0.858738 0.393646
vt 0.882039 0.393646
vt 0.863464 0.389963
vt 0.895098 0.108008
vt 0.361123 0.011510
vt 0.675243 0.354480
vt 0.877145 0.104512
vt 0.674356 0.362584
vt 0.230009 0.339319
vt 0.363592 0.018877
vt 0.498544 0.215009
vt 0.505340 0.215009
vt 0.500629 0.208564
vt 0.771031 0.120166
vt 0.766505 0.123849
vt 0.774272 0.123849
s 0
usemtl Material_0.007
f 3693/1/1 3691/2/1 3689/3/1
f 3690/4/2 3692/5/2 3688/6/2
f 3689/3/3 3691/2/3 3690/4/3
f 3688/6/4 3689/3/4 3690/4/4
f 2315/7/5 2317/8/5 2318/9/5
f 2315/7/6 2316/10/6 2317/8/6
f 712/11/7 720/12/7 719/13/7
f 712/11/8 721/14/8 720/12/8
f 2961/15/9 2962/16/9 2963/17/9
f 2760/18/10 2756/19/10 2755/20/10
f 2542/21/11 2538/22/11 2541/23/11
f 2721/24/12 2722/25/12 2723/26/12
f 2722/25/13 2724/27/13 2723/26/13
f 2538/22/14 2540/28/14 2541/23/14
f 2542/21/15 2544/29/15 2538/22/15
f 2957/30/16 2959/31/16 2960/32/16
f 2329/33/17 2328/34/17 2365/35/17
f 2957/30/18 2958/36/18 2959/31/18
f 2499/37/19 2501/38/19 2497/39/19
f 2358/40/20 2357/41/20 2359/42/20
f 1978/43/21 1974/44/21 1970/45/21
f 2497/39/22 2498/46/22 2499/37/22
f 2219/47/23 2218/48/23 2220/49/23
f 2329/33/24 2325/50/24 2328/34/24
f 2355/51/25 2352/52/25 2360/53/25
f 2357/41/26 2354/54/26 2359/42/26
f 2359/42/27 2354/54/27 2367/55/27
f 2359/42/28 2367/55/28 2368/56/28
f 2216/57/29 2218/48/29 2219/47/29
f 2544/29/30 2539/58/30 2538/22/30
f 2328/34/31 2325/50/31 2327/59/31
f 2327/59/32 2364/60/32 2365/35/32
f 2328/34/33 2327/59/33 2365/35/33
f 2539/58/34 2543/61/34 2540/28/34
f 2538/22/35 2539/58/35 2540/28/35
f 2353/62/36 2354/54/36 2357/41/36
f 2358/40/37 2353/62/37 2357/41/37
f 2544/29/38 2545/63/38 2539/58/38
f 2498/46/39 2500/64/39 2499/37/39
f 2625/65/40 2626/66/40 2627/67/40
f 2833/68/41 2834/69/41 2835/70/41
f 2364/60/42 2351/71/42 2355/51/42
f 2625/65/43 2627/67/43 2630/72/43
f 2327/59/44 2351/71/44 2364/60/44
f 2351/71/45 2352/52/45 2355/51/45
f 2353/62/46 2350/73/46 2354/54/46
f 2626/66/47 2628/74/47 2627/67/47
f 2335/75/48 2350/73/48 2336/76/48
f 2335/75/49 2336/76/49 2337/77/49
f 2625/65/50 2629/78/50 2626/66/50
f 2325/50/51 2326/79/51 2327/59/51
f 2327/59/52 2326/79/52 2351/71/52
f 2504/80/53 2503/81/53 2505/82/53
f 2506/83/54 2502/84/54 2504/80/54
f 2350/73/55 2363/85/55 2336/76/55
f 2502/84/56 2503/81/56 2504/80/56
f 2216/57/57 2217/86/57 2218/48/57
f 2325/50/58 2330/87/58 2326/79/58
f 2352/52/59 2348/88/59 2353/62/59
f 2353/62/60 2348/88/60 2350/73/60
f 2216/57/61 2222/89/61 2221/90/61
f 2216/57/62 2221/90/62 2217/86/62
f 2330/87/63 2331/91/63 2326/79/63
f 2351/71/64 2348/88/64 2352/52/64
f 2348/88/65 2349/92/65 2350/73/65
f 2350/73/66 2349/92/66 2363/85/66
f 2517/93/67 2521/94/67 2520/95/67
f 2326/79/68 2331/91/68 2347/96/68
f 2326/79/69 2347/96/69 2351/71/69
f 2508/97/70 2502/84/70 2506/83/70
f 2516/98/71 2517/93/71 2518/99/71
f 2341/100/72 2339/101/72 2338/102/72
f 2338/102/73 2339/101/73 2340/103/73
f 2339/101/74 2375/104/74 2340/103/74
f 2351/71/75 2347/96/75 2348/88/75
f 2349/92/76 2361/105/76 2362/106/76
f 2519/107/77 2516/98/77 2518/99/77
f 1904/108/78 1903/109/78 1902/110/78
f 2522/111/79 2519/107/79 2518/99/79
f 1902/110/80 1903/109/80 1900/112/80
f 2341/100/81 2342/113/81 2339/101/81
f 2535/114/82 2530/115/82 2529/116/82
f 2523/117/83 2519/107/83 2522/111/83
f 2334/118/84 2333/119/84 2330/87/84
f 2330/87/85 2332/120/85 2331/91/85
f 2348/88/86 2344/121/86 2349/92/86
f 2349/92/87 2344/121/87 2361/105/87
f 2529/116/88 2530/115/88 2531/122/88
f 2531/122/89 2532/123/89 2529/116/89
f 2221/90/90 2223/124/90 2225/125/90
f 3273/126/91 3274/127/91 3275/128/91
f 2333/119/92 2332/120/92 2330/87/92
f 2331/91/93 2332/120/93 2347/96/93
f 2361/105/94 2344/121/94 2341/100/94
f 2341/100/95 2343/129/95 2342/113/95
f 2233/130/96 2226/131/96 2222/89/96
f 2332/120/97 2346/132/97 2347/96/97
f 2333/119/98 2374/133/98 2332/120/98
f 2347/96/99 2346/132/99 2344/121/99
f 2344/121/100 2343/129/100 2341/100/100
f 2532/123/101 2531/122/101 2533/134/101
f 1899/135/102 1898/136/102 1890/137/102
f 2036/138/103 2021/139/103 2035/140/103
f 2343/129/104 2371/141/104 2342/113/104
f 2374/133/105 2369/142/105 2332/120/105
f 2531/122/106 2534/143/106 2533/134/106
f 1898/136/107 1891/144/107 1890/137/107
f 2227/145/108 2232/146/108 2223/124/108
f 1214/147/109 1212/148/109 1213/149/109
f 1213/149/110 1215/150/110 1252/151/110
f 2346/132/111 2345/152/111 2344/121/111
f 2344/121/112 2345/152/112 2343/129/112
f 2369/142/113 2370/153/113 2346/132/113
f 1252/151/114 1215/150/114 1231/154/114
f 2343/129/115 2345/152/115 2371/141/115
f 1212/148/116 1211/155/116 1213/149/116
f 1889/156/117 1892/157/117 1893/158/117
f 1213/149/118 1211/155/118 1215/150/118
f 2021/139/119 2017/159/119 2022/160/119
f 2370/153/120 2373/161/120 2346/132/120
f 2373/161/121 2345/152/121 2346/132/121
f 1212/148/122 1209/162/122 1211/155/122
f 1892/157/123 1894/163/123 1893/158/123
f 1215/150/124 1219/164/124 1231/154/124
f 1231/154/125 1238/165/125 1243/166/125
f 2021/139/126 2020/167/126 2017/159/126
f 1895/168/127 1896/169/127 1897/170/127
f 730/171/128 732/172/128 735/173/128
f 1895/168/129 1894/163/129 1896/169/129
f 731/174/130 729/175/130 730/171/130
f 1215/150/131 1211/155/131 1219/164/131
f 729/175/132 728/176/132 730/171/132
f 2020/167/133 2003/177/133 2017/159/133
f 1209/162/134 1210/178/134 1211/155/134
f 1211/155/135 1220/179/135 1219/164/135
f 729/175/136 727/180/136 728/176/136
f 2003/177/137 2004/181/137 2017/159/137
f 1209/162/138 1216/182/138 1210/178/138
f 1210/178/139 1220/179/139 1211/155/139
f 1220/179/140 1245/183/140 1238/165/140
f 1219/164/141 1220/179/141 1238/165/141
f 2003/177/142 2001/184/142 2004/181/142
f 2235/185/143 2231/186/143 2230/187/143
f 2003/177/144 1999/188/144 2001/184/144
f 2001/184/145 2014/189/145 2004/181/145
f 1216/182/146 1217/190/146 1210/178/146
f 1210/178/147 1230/191/147 1220/179/147
f 694/192/148 692/193/148 693/194/148
f 692/193/149 691/195/149 693/194/149
f 1217/190/150 1218/196/150 1210/178/150
f 1218/196/151 1229/197/151 1230/191/151
f 1210/178/152 1218/196/152 1230/191/152
f 2236/198/153 2238/199/153 2235/185/153
f 1999/188/154 2000/200/154 2001/184/154
f 2001/184/155 2000/200/155 2014/189/155
f 690/201/156 691/195/156 692/193/156
f 2026/202/157 2002/203/157 1999/188/157
f 1999/188/158 2002/203/158 2000/200/158
f 1218/196/159 1226/204/159 1229/197/159
f 2000/200/160 2005/205/160 2014/189/160
f 1217/190/161 1222/206/161 1221/207/161
f 1221/207/162 1218/196/162 1217/190/162
f 1221/207/163 1224/208/163 1218/196/163
f 682/209/164 684/210/164 690/201/164
f 690/201/165 684/210/165 691/195/165
f 2002/203/166 2005/205/166 2000/200/166
f 1218/196/167 1224/208/167 1226/204/167
f 2002/203/168 2006/211/168 2005/205/168
f 684/210/169 688/212/169 689/213/169
f 684/210/170 689/213/170 691/195/170
f 2243/214/171 2239/215/171 2245/216/171
f 2002/203/172 2007/217/172 2006/211/172
f 2006/211/173 2012/218/173 2005/205/173
f 1222/206/174 1223/219/174 1221/207/174
f 1264/220/175 1267/221/175 1260/222/175
f 688/212/176 695/223/176 689/213/176
f 2006/211/177 2008/224/177 2012/218/177
f 1224/208/178 1227/225/178 1226/204/178
f 682/209/179 683/226/179 684/210/179
f 1221/207/180 1225/227/180 1224/208/180
f 1223/219/181 1225/227/181 1221/207/181
f 1224/208/182 1225/227/182 1227/225/182
f 683/226/183 685/228/183 684/210/183
f 2007/217/184 2009/229/184 2008/224/184
f 2007/217/185 2008/224/185 2006/211/185
f 2024/230/186 2009/229/186 2007/217/186
f 2008/224/187 2013/231/187 2012/218/187
f 685/228/188 695/223/188 688/212/188
f 1328/232/189 1327/233/189 1306/234/189
f 1223/219/190 1228/235/190 1225/227/190
f 2010/236/191 2013/231/191 2008/224/191
f 2009/229/192 2010/236/192 2008/224/192
f 683/226/193 686/237/193 685/228/193
f 1945/238/194 1976/239/194 1975/240/194
f 2009/229/195 2011/241/195 2010/236/195
f 1225/227/196 1228/235/196 1227/225/196
f 685/228/197 686/237/197 695/223/197
f 2023/242/198 2009/229/198 2024/230/198
f 2009/229/199 2023/242/199 2011/241/199
f 1228/235/200 1232/243/200 1227/225/200
f 683/226/201 687/244/201 686/237/201
f 2010/236/202 2015/245/202 2013/231/202
f 2018/246/203 2011/241/203 2023/242/203
f 2011/241/204 2018/246/204 2010/236/204
f 1279/247/205 1306/234/205 1327/233/205
f 687/244/206 700/248/206 686/237/206
f 2018/246/207 2016/249/207 2010/236/207
f 2010/236/208 2016/249/208 2015/245/208
f 1279/247/209 1305/250/209 1306/234/209
f 686/237/210 697/251/210 696/252/210
f 1276/253/211 1275/254/211 1279/247/211
f 1275/254/212 1305/250/212 1279/247/212
f 1305/250/213 1325/255/213 1306/234/213
f 1228/235/214 1233/256/214 1232/243/214
f 700/248/215 699/257/215 686/237/215
f 687/244/216 699/257/216 700/248/216
f 2018/246/217 2019/258/217 2016/249/217
f 687/244/218 701/259/218 699/257/218
f 2018/246/219 2029/260/219 2019/258/219
f 1233/256/220 1234/261/220 1232/243/220
f 2209/262/221 2203/263/221 2206/264/221
f 2209/262/222 2206/264/222 2210/265/222
f 2203/263/223 2205/266/223 2206/264/223
f 2205/266/224 2207/267/224 2206/264/224
f 3246/268/225 3249/269/225 3254/270/225
f 1275/254/226 1302/271/226 1305/250/226
f 1302/271/227 1325/255/227 1305/250/227
f 2204/272/228 2205/266/228 2203/263/228
f 1616/273/229 1612/274/229 1617/275/229
f 2205/266/230 2208/276/230 2207/267/230
f 2208/276/231 2211/277/231 2207/267/231
f 1292/278/232 1272/279/232 1276/253/232
f 3245/280/233 3249/269/233 3246/268/233
f 1276/253/234 1272/279/234 1275/254/234
f 2185/281/235 2192/282/235 2203/263/235
f 3251/283/236 3261/284/236 3249/269/236
f 1302/271/237 1326/285/237 1325/255/237
f 1233/256/238 1235/286/238 1234/261/238
f 701/259/239 702/287/239 699/257/239
f 1615/288/240 1613/289/240 1616/273/240
f 2192/282/241 2204/272/241 2203/263/241
f 1616/273/242 1613/289/242 1612/274/242
f 1612/274/243 1614/290/243 1617/275/243
f 1617/275/244 1614/290/244 1619/291/244
f 3248/292/245 3251/283/245 3245/280/245
f 3251/283/246 3249/269/246 3245/280/246
f 701/259/247 703/293/247 702/287/247
f 1614/290/248 1606/294/248 1619/291/248
f 2208/276/249 2212/295/249 2211/277/249
f 3248/292/250 3245/280/250 3237/296/250
f 3237/296/251 3245/280/251 3244/297/251
f 3244/297/252 3260/298/252 3239/299/252
f 3258/300/253 3251/283/253 3248/292/253
f 2184/301/254 2192/282/254 2185/281/254
f 1272/279/255 1270/302/255 1275/254/255
f 1270/302/256 1302/271/256 1275/254/256
f 713/303/257 703/293/257 701/259/257
f 1615/288/258 1610/304/258 1613/289/258
f 1613/289/259 1610/304/259 1609/305/259
f 1613/289/260 1609/305/260 1612/274/260
f 1612/274/261 1607/306/261 1614/290/261
f 1607/306/262 1606/294/262 1614/290/262
f 2215/307/263 2214/308/263 2208/276/263
f 2208/276/264 2214/308/264 2212/295/264
f 3230/309/265 3237/296/265 3239/299/265
f 3238/310/266 3248/292/266 3237/296/266
f 3238/310/267 3258/300/267 3248/292/267
f 2515/311/268 2512/312/268 2514/313/268
f 2182/314/269 2185/281/269 2186/315/269
f 2512/312/270 2513/316/270 2514/313/270
f 2182/314/271 2184/301/271 2185/281/271
f 2182/314/272 2183/317/272 2184/301/272
f 1618/318/273 1611/319/273 1615/288/273
f 1236/320/274 1235/286/274 1233/256/274
f 1615/288/275 1611/319/275 1610/304/275
f 1609/305/276 1607/306/276 1612/274/276
f 43/321/277 34/322/277 35/323/277
f 2048/324/278 2047/325/278 2051/326/278
f 2048/324/279 2046/327/279 2047/325/279
f 1829/328/280 1830/329/280 1812/330/280
f 1830/329/281 1815/331/281 1812/330/281
f 2047/325/282 2045/332/282 2057/333/282
f 3231/334/283 3237/296/283 3232/335/283
f 2044/336/284 2045/332/284 2046/327/284
f 2046/327/285 2045/332/285 2047/325/285
f 2045/332/286 2058/337/286 2057/333/286
f 3236/338/287 3258/300/287 3238/310/287
f 1435/339/288 1433/340/288 1434/341/288
f 1433/340/289 1432/342/289 1434/341/289
f 1268/343/290 1270/302/290 1272/279/290
f 2183/317/291 2189/344/291 2184/301/291
f 2189/344/292 2190/345/292 2184/301/292
f 1607/306/293 1594/346/293 1606/294/293
f 2252/347/294 2250/348/294 2249/349/294
f 2249/349/295 2250/348/295 2251/350/295
f 2048/324/296 2050/351/296 2049/352/296
f 2048/324/297 2049/352/297 2046/327/297
f 2044/336/298 2049/352/298 2054/353/298
f 3192/354/299 3203/355/299 3253/356/299
f 3253/356/300 3259/357/300 3192/354/300
f 3192/354/301 3259/357/301 3250/358/301
f 3250/358/302 3255/359/302 3200/360/302
f 3255/359/303 3242/361/303 3200/360/303
f 3236/338/304 3238/310/304 3231/334/304
f 2054/353/305 2052/362/305 2044/336/305
f 2054/353/306 2055/363/306 2052/362/306
f 2200/364/307 2180/365/307 2196/366/307
f 2052/362/308 2056/367/308 2045/332/308
f 2044/336/309 2052/362/309 2045/332/309
f 2172/368/310 2169/369/310 2191/370/310
f 2191/370/311 2169/369/311 2187/371/311
f 2187/371/312 2171/372/312 2200/364/312
f 2200/364/313 2171/372/313 2180/365/313
f 2179/373/314 2195/374/314 2196/366/314
f 2180/365/315 2179/373/315 2196/366/315
f 2146/375/316 2147/376/316 2148/377/316
f 2146/375/317 2148/377/317 2151/378/317
f 2198/379/318 2175/380/318 2172/368/318
f 2187/371/319 2169/369/319 2171/372/319
f 2179/373/320 2181/381/320 2195/374/320
f 2195/374/321 2181/381/321 2201/382/321
f 2201/382/322 2181/381/322 2186/315/322
f 2175/380/323 2173/383/323 2172/368/323
f 2172/368/324 2173/383/324 2167/384/324
f 2172/368/325 2167/384/325 2169/369/325
f 2171/372/326 2179/373/326 2180/365/326
f 2179/373/327 2170/385/327 2181/381/327
f 2170/385/328 2178/386/328 2181/381/328
f 2186/315/329 2181/381/329 2182/314/329
f 2181/381/330 2178/386/330 2182/314/330
f 2382/387/331 2378/388/331 2380/389/331
f 2382/387/332 2380/389/332 2383/390/332
f 2178/386/333 2183/317/333 2182/314/333
f 2178/386/334 2177/391/334 2188/392/334
f 2188/392/335 2189/344/335 2178/386/335
f 2178/386/336 2189/344/336 2183/317/336
f 1610/304/337 1596/393/337 1592/394/337
f 1610/304/338 1592/394/338 1609/305/338
f 1609/305/339 1594/346/339 1607/306/339
f 1594/346/340 1602/395/340 1606/294/340
f 3231/334/341 3232/335/341 3229/396/341
f 3192/354/342 3193/397/342 3203/355/342
f 3209/398/343 3241/399/343 3212/400/343
f 3224/401/344 3222/402/344 3231/334/344
f 1758/403/345 1784/404/345 1787/405/345
f 3199/406/346 3250/358/346 3200/360/346
f 3242/361/347 3241/399/347 3209/398/347
f 3241/399/348 3234/407/348 3212/400/348
f 3222/402/349 3236/338/349 3231/334/349
f 1784/404/350 1786/408/350 1787/405/350
f 3202/409/351 3201/410/351 3247/411/351
f 3202/409/352 3247/411/352 3252/412/352
f 3202/409/353 3252/412/353 3203/355/353
f 3252/412/354 3253/356/354 3203/355/354
f 3234/407/355 3236/338/355 3222/402/355
f 3241/399/356 3240/413/356 3234/407/356
f 3234/407/357 3240/413/357 3236/338/357
f 1787/405/358 1786/408/358 1788/414/358
f 2162/415/359 2174/416/359 2199/417/359
f 2202/418/360 2162/415/360 2199/417/360
f 2174/416/361 2175/380/361 2198/379/361
f 2199/417/362 2174/416/362 2198/379/362
f 2147/376/363 2149/419/363 2148/377/363
f 1675/420/364 1676/421/364 1677/422/364
f 1675/420/365 1677/422/365 1678/423/365
f 1998/424/366 1989/425/366 1991/426/366
f 2152/427/367 2147/376/367 2146/375/367
f 1989/425/368 1990/428/368 1991/426/368
f 2174/416/369 2173/383/369 2175/380/369
f 2174/416/370 2162/415/370 2165/429/370
f 2174/416/371 2165/429/371 2173/383/371
f 2169/369/372 2167/384/372 2168/430/372
f 2169/369/373 2168/430/373 2170/385/373
f 2169/369/374 2170/385/374 2171/372/374
f 2171/372/375 2170/385/375 2179/373/375
f 2177/391/376 2178/386/376 2170/385/376
f 653/431/377 651/432/377 655/433/377
f 655/433/378 642/434/378 656/435/378
f 702/287/379 704/436/379 733/437/379
f 656/435/380 642/434/380 654/438/380
f 1236/320/381 1237/439/381 1235/286/381
f 1596/393/382 1610/304/382 1611/319/382
f 654/438/383 649/440/383 650/441/383
f 1592/394/384 1594/346/384 1609/305/384
f 1755/442/385 1754/443/385 1758/403/385
f 1758/403/386 1754/443/386 1783/444/386
f 3184/445/387 3201/410/387 3202/409/387
f 3224/401/388 3231/334/388 3225/446/388
f 3182/447/389 3199/406/389 3200/360/389
f 3182/447/390 3200/360/390 3183/448/390
f 3200/360/391 3209/398/391 3183/448/391
f 3200/360/392 3242/361/392 3209/398/392
f 1783/444/393 1785/449/393 1784/404/393
f 3212/400/394 3234/407/394 3221/450/394
f 3222/402/395 3221/450/395 3234/407/395
f 1784/404/396 1785/449/396 1786/408/396
f 3160/451/397 3257/452/397 3256/453/397
f 3243/454/398 3247/411/398 3201/410/398
f 1786/408/399 1789/455/399 1788/414/399
f 2194/456/400 2149/419/400 2193/457/400
f 2193/457/401 2162/415/401 2197/458/401
f 2147/376/402 2150/459/402 2149/419/402
f 2149/419/403 2163/460/403 2193/457/403
f 2193/457/404 2163/460/404 2162/415/404
f 2163/460/405 2155/461/405 2162/415/405
f 2155/461/406 2158/462/406 2162/415/406
f 1433/340/407 1429/463/407 1432/342/407
f 2158/462/408 2165/429/408 2162/415/408
f 1429/463/409 1428/464/409 1432/342/409
f 2158/462/410 2160/465/410 2165/429/410
f 2173/383/411 2165/429/411 2167/384/411
f 2378/388/412 2381/466/412 2379/467/412
f 2378/388/413 2379/467/413 2380/389/413
f 2167/384/414 2166/468/414 2168/430/414
f 2168/430/415 2176/469/415 2170/385/415
f 2170/385/416 2176/469/416 2177/391/416
f 652/470/417 651/432/417 653/431/417
f 651/432/418 642/434/418 655/433/418
f 713/303/419 705/471/419 703/293/419
f 654/438/420 642/434/420 649/440/420
f 1596/393/421 1595/472/421 1592/394/421
f 2250/348/422 2253/473/422 2251/350/422
f 3164/474/423 3167/475/423 3193/397/423
f 3184/445/424 3185/476/424 3201/410/424
f 3160/451/425 3256/453/425 3243/454/425
f 3160/451/426 3243/454/426 3201/410/426
f 2150/459/427 2153/477/427 2149/419/427
f 2149/419/428 2155/461/428 2163/460/428
f 2155/461/429 2157/478/429 2158/462/429
f 2155/461/430 2156/479/430 2157/478/430
f 2158/462/431 2157/478/431 2160/465/431
f 2165/429/432 2160/465/432 2166/468/432
f 2165/429/433 2166/468/433 2167/384/433
f 2168/430/434 2166/468/434 2176/469/434
f 1268/343/435 1269/480/435 1270/302/435
f 1246/481/436 1239/482/436 1236/320/436
f 1236/320/437 1239/482/437 1237/439/437
f 722/483/438 705/471/438 713/303/438
f 705/471/439 704/436/439 703/293/439
f 703/293/440 704/436/440 702/287/440
f 642/434/441 643/484/441 649/440/441
f 649/440/442 643/484/442 650/441/442
f 1596/393/443 1603/485/443 1595/472/443
f 1595/472/444 1593/486/444 1592/394/444
f 1592/394/445 1593/486/445 1594/346/445
f 1593/486/446 1597/487/446 1594/346/446
f 2250/348/447 2254/488/447 2253/473/447
f 1757/489/448 1756/490/448 1755/442/448
f 1755/442/449 1756/490/449 1751/491/449
f 1755/442/450 1751/491/450 1754/443/450
f 1754/443/451 1751/491/451 1753/492/451
f 3204/493/452 3169/494/452 3183/448/452
f 3162/495/453 3159/496/453 3161/497/453
f 1753/492/454 1783/444/454 1754/443/454
f 3159/496/455 3160/451/455 3161/497/455
f 3161/497/456 3160/451/456 3201/410/456
f 3211/498/457 3221/450/457 3218/499/457
f 1753/492/458 1785/449/458 1783/444/458
f 1776/500/459 1786/408/459 1785/449/459
f 1776/500/460 1779/501/460 1789/455/460
f 1776/500/461 1789/455/461 1786/408/461
f 1430/502/462 1431/503/462 1428/464/462
f 2381/466/463 2384/504/463 2379/467/463
f 2153/477/464 2154/505/464 2149/419/464
f 2149/419/465 2154/505/465 2155/461/465
f 2791/506/466 2790/507/466 2792/508/466
f 2154/505/467 2156/479/467 2155/461/467
f 2157/478/468 2159/509/468 2160/465/468
f 2160/465/469 2213/510/469 2166/468/469
f 652/470/470 629/511/470 651/432/470
f 629/511/471 633/512/471 651/432/471
f 651/432/472 633/512/472 642/434/472
f 642/434/473 633/512/473 641/513/473
f 641/513/474 643/484/474 642/434/474
f 3184/445/475 3179/514/475 3185/476/475
f 3184/445/476 3167/475/476 3173/515/476
f 3180/516/477 3201/410/477 3185/476/477
f 1751/491/478 1752/517/478 1753/492/478
f 1753/492/479 1752/517/479 1785/449/479
f 1785/449/480 1752/517/480 1776/500/480
f 1776/500/481 1778/518/481 1779/501/481
f 1779/501/482 1778/518/482 1781/519/482
f 2156/479/483 2161/520/483 2159/509/483
f 2156/479/484 2159/509/484 2157/478/484
f 2160/465/485 2159/509/485 2213/510/485
f 618/521/486 616/522/486 657/523/486
f 616/522/487 613/524/487 652/470/487
f 657/523/488 616/522/488 652/470/488
f 613/524/489 629/511/489 652/470/489
f 629/511/490 632/525/490 633/512/490
f 1269/480/491 1303/526/491 1270/302/491
f 1270/302/492 1303/526/492 1302/271/492
f 1246/481/493 1242/527/493 1239/482/493
f 722/483/494 714/528/494 705/471/494
f 1595/472/495 1598/529/495 1593/486/495
f 1593/486/496 1598/529/496 1597/487/496
f 1760/530/497 1759/531/497 1751/491/497
f 1756/490/498 1760/530/498 1751/491/498
f 3162/495/499 3161/497/499 3181/532/499
f 3181/532/500 3161/497/500 3180/516/500
f 3180/516/501 3185/476/501 3179/514/501
f 1751/491/502 1759/531/502 1752/517/502
f 1752/517/503 1772/533/503 1776/500/503
f 1776/500/504 1777/534/504 1778/518/504
f 134/535/505 163/536/505 135/537/505
f 134/535/506 139/538/506 163/536/506
f 2791/506/507 2785/539/507 2790/507/507
f 2790/507/508 2785/539/508 2784/540/508
f 633/512/509 634/541/509 641/513/509
f 621/542/510 618/521/510 658/543/510
f 714/528/511 706/544/511 705/471/511
f 1595/472/512 1600/545/512 1599/546/512
f 1598/529/513 1599/546/513 1601/547/513
f 1772/533/514 1775/548/514 1776/500/514
f 1775/548/515 1777/534/515 1776/500/515
f 1676/421/516 1679/549/516 1677/422/516
f 133/550/517 134/535/517 135/537/517
f 1290/551/518 1268/343/518 1293/552/518
f 133/550/519 131/553/519 134/535/519
f 131/553/520 138/554/520 139/538/520
f 131/553/521 139/538/521 134/535/521
f 1268/343/522 1271/555/522 1269/480/522
f 629/511/523 630/556/523 632/525/523
f 632/525/524 630/556/524 634/541/524
f 613/524/525 628/557/525 629/511/525
f 1239/482/526 1240/558/526 1237/439/526
f 705/471/527 706/544/527 704/436/527
f 2161/520/528 2164/559/528 2159/509/528
f 622/560/529 621/542/529 658/543/529
f 1600/545/530 1601/547/530 1599/546/530
f 1757/489/531 1761/561/531 1756/490/531
f 1756/490/532 1761/561/532 1760/530/532
f 1760/530/533 1762/562/533 1759/531/533
f 3205/563/534 3208/564/534 3169/494/534
f 3169/494/535 3208/564/535 3171/565/535
f 140/566/536 135/537/536 141/567/536
f 140/566/537 133/550/537 135/537/537
f 132/568/538 131/553/538 133/550/538
f 1679/549/539 1680/569/539 1677/422/539
f 1290/551/540 1271/555/540 1268/343/540
f 132/568/541 130/570/541 131/553/541
f 2280/571/542 2275/572/542 2271/573/542
f 130/570/543 129/574/543 131/553/543
f 129/574/544 138/554/544 131/553/544
f 613/524/545 615/575/545 628/557/545
f 629/511/546 628/557/546 630/556/546
f 130/570/547 117/576/547 129/574/547
f 616/522/548 618/521/548 617/577/548
f 617/577/549 614/578/549 616/522/549
f 616/522/550 614/578/550 613/524/550
f 129/574/551 128/579/551 138/554/551
f 2785/539/552 2780/580/552 2784/540/552
f 2780/580/553 2779/581/553 2784/540/553
f 621/542/554 620/582/554 618/521/554
f 706/544/555 707/583/555 704/436/555
f 1760/530/556 1761/561/556 1762/562/556
f 140/566/557 141/567/557 159/584/557
f 140/566/558 175/585/558 143/586/558
f 143/586/559 132/568/559 140/566/559
f 2262/587/560 2265/588/560 2273/589/560
f 137/590/561 130/570/561 142/591/561
f 142/591/562 130/570/562 132/568/562
f 2273/589/563 2267/592/563 2277/593/563
f 2277/593/564 2267/592/564 2269/594/564
f 137/590/565 136/595/565 130/570/565
f 51/596/566 136/595/566 137/590/566
f 136/595/567 117/576/567 130/570/567
f 613/524/568 614/578/568 615/575/568
f 615/575/569 631/597/569 628/557/569
f 618/521/570 619/598/570 617/577/570
f 620/582/571 619/598/571 618/521/571
f 136/595/572 51/596/572 117/576/572
f 117/576/573 128/579/573 129/574/573
f 138/554/574 154/599/574 139/538/574
f 139/538/575 154/599/575 169/600/575
f 128/579/576 154/599/576 138/554/576
f 2780/580/577 2777/601/577 2779/581/577
f 142/591/578 63/602/578 137/590/578
f 637/603/579 648/604/579 638/605/579
f 57/606/580 51/596/580 63/602/580
f 63/602/581 51/596/581 137/590/581
f 57/606/582 49/607/582 51/596/582
f 628/557/583 631/597/583 630/556/583
f 1269/480/584 1280/608/584 1303/526/584
f 49/607/585 50/609/585 51/596/585
f 51/596/586 50/609/586 52/610/586
f 52/610/587 117/576/587 51/596/587
f 1239/482/588 1242/527/588 1241/611/588
f 1239/482/589 1241/611/589 1240/558/589
f 3448/612/590 3447/613/590 3446/614/590
f 117/576/591 52/610/591 128/579/591
f 622/560/592 620/582/592 621/542/592
f 3498/615/593 3491/616/593 3448/612/593
f 1764/617/594 1763/618/594 1761/561/594
f 1761/561/595 1763/618/595 1762/562/595
f 1772/533/596 1774/619/596 1775/548/596
f 184/620/597 143/586/597 175/585/597
f 142/591/598 81/621/598 63/602/598
f 615/575/599 644/622/599 645/623/599
f 59/624/600 46/625/600 58/626/600
f 46/625/601 49/607/601 58/626/601
f 58/626/602 49/607/602 57/606/602
f 59/624/603 44/627/603 46/625/603
f 619/598/604 626/628/604 617/577/604
f 2964/629/605 2966/630/605 2967/631/605
f 715/632/606 711/633/606 714/528/606
f 714/528/607 711/633/607 706/544/607
f 46/625/608 47/634/608 49/607/608
f 45/635/609 47/634/609 46/625/609
f 44/627/610 45/635/610 46/625/610
f 49/607/611 47/634/611 50/609/611
f 50/609/612 144/636/612 52/610/612
f 2777/601/613 2778/637/613 2779/581/613
f 622/560/614 623/638/614 620/582/614
f 47/634/615 144/636/615 50/609/615
f 52/610/616 144/636/616 164/639/616
f 3448/612/617 3491/616/617 3447/613/617
f 52/610/618 164/639/618 128/579/618
f 3498/615/619 3381/640/619 3491/616/619
f 349/641/620 344/642/620 443/643/620
f 187/644/621 142/591/621 184/620/621
f 142/591/622 187/644/622 81/621/622
f 78/645/623 57/606/623 81/621/623
f 81/621/624 57/606/624 63/602/624
f 58/626/625 57/606/625 78/645/625
f 1290/551/626 1274/646/626 1271/555/626
f 2964/629/627 2965/647/627 2966/630/627
f 1271/555/628 1273/648/628 1269/480/628
f 61/649/629 53/650/629 44/627/629
f 61/649/630 44/627/630 60/651/630
f 706/544/631 708/652/631 707/583/631
f 1242/527/632 1247/653/632 1244/654/632
f 1242/527/633 1244/654/633 1241/611/633
f 53/650/634 48/655/634 44/627/634
f 44/627/635 48/655/635 45/635/635
f 3445/656/636 3389/657/636 3446/614/636
f 2778/637/637 2781/658/637 2779/581/637
f 3380/659/638 3379/660/638 3381/640/638
f 48/655/639 152/661/639 45/635/639
f 45/635/640 152/661/640 47/634/640
f 152/661/641 153/662/641 47/634/641
f 47/634/642 153/662/642 144/636/642
f 1767/663/643 1766/664/643 1764/617/643
f 3196/665/644 3176/666/644 3195/667/644
f 1764/617/645 1766/664/645 1763/618/645
f 1762/562/646 1769/668/646 1770/669/646
f 349/641/647 334/670/647 344/642/647
f 348/671/648 352/672/648 347/673/648
f 74/674/649 59/624/649 77/675/649
f 77/675/650 59/624/650 58/626/650
f 77/675/651 58/626/651 78/645/651
f 1290/551/652 1286/676/652 1274/646/652
f 1271/555/653 1274/646/653 1273/648/653
f 62/677/654 53/650/654 61/649/654
f 619/598/655 624/678/655 626/628/655
f 1269/480/656 1273/648/656 1280/608/656
f 708/652/657 709/679/657 707/583/657
f 707/583/658 709/679/658 724/680/658
f 711/633/659 708/652/659 706/544/659
f 620/582/660 624/678/660 619/598/660
f 54/681/661 48/655/661 53/650/661
f 3447/613/662 3445/656/662 3446/614/662
f 48/655/663 54/681/663 160/682/663
f 3491/616/664 3445/656/664 3447/613/664
f 48/655/665 160/682/665 157/683/665
f 3381/640/666 3386/684/666 3491/616/666
f 157/683/667 152/661/667 48/655/667
f 3380/659/668 3377/685/668 3379/660/668
f 3382/686/669 3377/685/669 3380/659/669
f 1767/663/670 1768/687/670 1766/664/670
f 1763/618/671 1766/664/671 1769/668/671
f 1772/533/672 1773/688/672 1774/619/672
f 958/689/673 956/690/673 971/691/673
f 68/692/674 60/651/674 74/674/674
f 65/693/675 60/651/675 68/692/675
f 60/651/676 59/624/676 74/674/676
f 65/693/677 61/649/677 60/651/677
f 65/693/678 62/677/678 61/649/678
f 332/694/679 324/695/679 329/696/679
f 62/677/680 55/697/680 53/650/680
f 624/678/681 635/698/681 636/699/681
f 715/632/682 716/700/682 711/633/682
f 55/697/683 54/681/683 53/650/683
f 2778/637/684 2782/701/684 2781/658/684
f 623/638/685 624/678/685 620/582/685
f 717/702/686 716/700/686 715/632/686
f 55/697/687 56/703/687 54/681/687
f 3386/684/688 3445/656/688 3491/616/688
f 3379/660/689 3386/684/689 3381/640/689
f 3473/704/690 3365/705/690 3382/686/690
f 1769/668/691 1766/664/691 1770/669/691
f 326/706/692 333/707/692 327/708/692
f 69/709/693 65/693/693 68/692/693
f 77/675/694 78/645/694 185/710/694
f 66/711/695 65/693/695 69/709/695
f 66/711/696 62/677/696 65/693/696
f 331/712/697 324/695/697 332/694/697
f 62/677/698 64/713/698 55/697/698
f 624/678/699 627/714/699 635/698/699
f 721/14/700 712/11/700 711/633/700
f 711/633/701 712/11/701 708/652/701
f 2778/637/702 2783/715/702 2782/701/702
f 64/713/703 71/716/703 56/703/703
f 64/713/704 56/703/704 55/697/704
f 623/638/705 625/717/705 624/678/705
f 56/703/706 162/718/706 54/681/706
f 162/718/707 161/719/707 54/681/707
f 54/681/708 161/719/708 160/682/708
f 3423/720/709 3360/721/709 3473/704/709
f 3473/704/710 3360/721/710 3365/705/710
f 3365/705/711 3366/722/711 3382/686/711
f 3382/686/712 3366/722/712 3377/685/712
f 69/709/713 68/692/713 76/723/713
f 68/692/714 74/674/714 170/724/714
f 66/711/715 67/725/715 62/677/715
f 1274/646/716 1278/726/716 1277/727/716
f 1274/646/717 1277/727/717 1273/648/717
f 67/725/718 64/713/718 62/677/718
f 708/652/719 710/728/719 709/679/719
f 1273/648/720 1304/729/720 1280/608/720
f 624/678/721 625/717/721 627/714/721
f 716/700/722 726/730/722 734/731/722
f 717/702/723 725/732/723 716/700/723
f 71/716/724 123/733/724 56/703/724
f 3445/656/725 3385/734/725 3389/657/725
f 168/735/726 162/718/726 56/703/726
f 3377/685/727 3368/736/727 3379/660/727
f 3384/737/728 3360/721/728 3423/720/728
f 3366/722/729 3368/736/729 3377/685/729
f 1771/738/730 1780/739/730 1773/688/730
f 76/723/731 68/692/731 83/740/731
f 68/692/732 170/724/732 83/740/732
f 79/741/733 69/709/733 76/723/733
f 72/742/734 66/711/734 69/709/734
f 956/690/735 955/743/735 954/744/735
f 67/725/736 70/745/736 64/713/736
f 708/652/737 718/746/737 710/728/737
f 1273/648/738 1277/727/738 1304/729/738
f 719/13/739 718/746/739 712/11/739
f 712/11/740 718/746/740 708/652/740
f 2783/715/741 2787/747/741 2786/748/741
f 70/745/742 71/716/742 64/713/742
f 2783/715/743 2786/748/743 2782/701/743
f 123/733/744 151/749/744 56/703/744
f 3386/684/745 3385/734/745 3445/656/745
f 151/749/746 168/735/746 56/703/746
f 3368/736/747 3386/684/747 3379/660/747
f 79/741/748 76/723/748 84/750/748
f 84/750/749 76/723/749 83/740/749
f 1771/738/750 1782/751/750 1780/739/750
f 947/752/751 972/753/751 949/754/751
f 75/755/752 66/711/752 72/742/752
f 67/725/753 66/711/753 75/755/753
f 73/756/754 70/745/754 67/725/754
f 1247/653/755 1250/757/755 1248/758/755
f 1247/653/756 1248/758/756 1244/654/756
f 3386/684/757 3373/759/757 3385/734/757
f 3364/760/758 3357/761/758 3361/762/758
f 3384/737/759 3358/763/759 3360/721/759
f 3365/705/760 3363/764/760 3366/722/760
f 3366/722/761 3363/764/761 3367/765/761
f 3367/765/762 3368/736/762 3366/722/762
f 423/766/763 360/767/763 385/768/763
f 952/769/764 954/744/764 955/743/764
f 82/770/765 67/725/765 75/755/765
f 2787/747/766 2789/771/766 2788/772/766
f 2787/747/767 2788/772/767 2786/748/767
f 188/773/768 146/774/768 103/775/768
f 127/776/769 103/775/769 146/774/769
f 182/777/770 190/778/770 110/779/770
f 182/777/771 110/779/771 127/776/771
f 1248/758/772 1249/780/772 1244/654/772
f 717/702/773 737/781/773 725/732/773
f 725/732/774 738/782/774 726/730/774
f 725/732/775 737/781/775 738/782/775
f 71/716/776 95/783/776 123/733/776
f 3373/759/777 3378/784/777 3385/734/777
f 3368/736/778 3369/785/778 3386/684/778
f 3369/785/779 3373/759/779 3386/684/779
f 151/749/780 150/786/780 168/735/780
f 3362/787/781 3357/761/781 3364/760/781
f 3361/762/782 3357/761/782 3358/763/782
f 3361/762/783 3358/763/783 3384/737/783
f 3360/721/784 3359/788/784 3363/764/784
f 3360/721/785 3363/764/785 3365/705/785
f 80/789/786 72/742/786 79/741/786
f 80/789/787 82/770/787 72/742/787
f 82/770/788 75/755/788 72/742/788
f 385/768/789 341/790/789 320/791/789
f 73/756/790 67/725/790 82/770/790
f 790/792/791 805/793/791 809/794/791
f 1286/676/792 1288/795/792 1278/726/792
f 188/773/793 106/796/793 111/797/793
f 390/798/794 384/799/794 328/800/794
f 111/797/795 106/796/795 104/801/795
f 106/796/796 105/802/796 104/801/796
f 1282/803/797 1281/804/797 1278/726/797
f 1278/726/798 1281/804/798 1277/727/798
f 106/796/799 103/775/799 105/802/799
f 105/802/800 102/805/800 104/801/800
f 102/805/801 100/806/801 104/801/801
f 103/775/802 102/805/802 105/802/802
f 127/776/803 110/779/803 103/775/803
f 86/807/804 71/716/804 70/745/804
f 1250/757/805 1251/808/805 1248/758/805
f 103/775/806 101/809/806 102/805/806
f 102/805/807 101/809/807 100/806/807
f 103/775/808 110/779/808 107/810/808
f 107/810/809 101/809/809 103/775/809
f 100/806/810 101/809/810 99/811/810
f 71/716/811 86/807/811 95/783/811
f 3373/759/812 3376/812/812 3378/784/812
f 107/810/813 108/813/813 101/809/813
f 1315/814/814 1314/815/814 1324/816/814
f 123/733/815 150/786/815 151/749/815
f 1314/815/816 1322/817/816 1324/816/816
f 109/818/817 99/811/817 101/809/817
f 108/813/818 109/818/818 101/809/818
f 3442/819/819 3435/820/819 3362/787/819
f 3368/736/820 3367/765/820 3369/785/820
f 874/821/821 899/822/821 887/823/821
f 189/824/822 188/773/822 111/797/822
f 111/797/823 104/801/823 120/825/823
f 85/826/824 70/745/824 73/756/824
f 104/801/825 100/806/825 98/827/825
f 85/826/826 86/807/826 70/745/826
f 1277/727/827 1281/804/827 1301/828/827
f 1277/727/828 1301/828/828 1304/729/828
f 100/806/829 99/811/829 98/827/829
f 429/829/830 430/830/830 424/831/830
f 181/832/831 180/833/831 179/834/831
f 98/827/832 99/811/832 93/835/832
f 99/811/833 94/836/833 93/835/833
f 93/835/834 94/836/834 92/837/834
f 110/779/835 113/838/835 107/810/835
f 113/838/836 112/839/836 107/810/836
f 156/840/837 112/839/837 113/838/837
f 95/783/838 150/786/838 123/733/838
f 112/839/839 108/813/839 107/810/839
f 99/811/840 122/841/840 94/836/840
f 3362/787/841 3356/842/841 3357/761/841
f 3367/765/842 3370/843/842 3369/785/842
f 1314/815/843 1321/844/843 1322/817/843
f 99/811/844 109/818/844 116/845/844
f 99/811/845 116/845/845 122/841/845
f 3444/846/846 3435/820/846 3442/819/846
f 3435/820/847 3356/842/847 3362/787/847
f 3358/763/848 3359/788/848 3360/721/848
f 112/839/849 118/847/849 115/848/849
f 112/839/850 115/848/850 108/813/850
f 108/813/851 114/849/851 109/818/851
f 109/818/852 114/849/852 116/845/852
f 115/848/853 114/849/853 108/813/853
f 935/850/854 934/851/854 928/852/854
f 173/853/855 87/854/855 82/770/855
f 120/825/856 104/801/856 119/855/856
f 87/854/857 85/826/857 73/756/857
f 1288/795/858 1282/803/858 1278/726/858
f 104/801/859 97/856/859 119/855/859
f 104/801/860 98/827/860 97/856/860
f 1060/857/861 1038/858/861 1057/859/861
f 1057/859/862 1038/858/862 1054/860/862
f 1038/858/863 1025/861/863 1054/860/863
f 97/856/864 98/827/864 93/835/864
f 1060/857/865 1058/862/865 1038/858/865
f 424/831/866 392/863/866 396/864/866
f 1038/858/867 1034/865/867 1025/861/867
f 1046/866/868 1058/862/868 1056/867/868
f 1058/862/869 1046/866/869 1038/858/869
f 1046/866/870 1034/865/870 1038/858/870
f 1034/865/871 1028/868/871 1025/861/871
f 93/835/872 92/837/872 89/869/872
f 89/869/873 91/870/873 86/807/873
f 1301/828/874 1309/871/874 1316/872/874
f 92/837/875 91/870/875 89/869/875
f 1046/866/876 1036/873/876 1034/865/876
f 1034/865/877 1032/874/877 1028/868/877
f 1036/873/878 1032/874/878 1034/865/878
f 1316/872/879 1309/871/879 1315/814/879
f 91/870/880 92/837/880 96/875/880
f 96/875/881 95/783/881 91/870/881
f 91/870/882 95/783/882 86/807/882
f 1315/814/883 1309/871/883 1314/815/883
f 3369/785/884 3370/843/884 3371/876/884
f 3369/785/885 3371/876/885 3373/759/885
f 94/836/886 145/877/886 92/837/886
f 95/783/887 147/878/887 150/786/887
f 3367/765/888 3383/879/888 3370/843/888
f 112/839/889 121/880/889 118/847/889
f 3359/788/890 3499/881/890 3363/764/890
f 121/880/891 124/882/891 118/847/891
f 114/849/892 149/883/892 116/845/892
f 122/841/893 116/845/893 148/884/893
f 3496/885/894 3281/886/894 3299/887/894
f 2133/888/895 2130/889/895 2132/890/895
f 115/848/896 149/883/896 114/849/896
f 1320/891/897 1332/892/897 1339/893/897
f 937/894/898 907/895/898 944/896/898
f 877/897/899 900/898/899 901/899/899
f 172/900/900 85/826/900 87/854/900
f 2415/901/901 2416/902/901 2412/903/901
f 1288/795/902 1287/904/902 1282/803/902
f 1054/860/903 1025/861/903 1048/905/903
f 1025/861/904 1026/906/904 1048/905/904
f 97/856/905 93/835/905 90/907/905
f 93/835/906 89/869/906 90/907/906
f 90/907/907 89/869/907 88/908/907
f 88/908/908 89/869/908 86/807/908
f 88/908/909 86/807/909 85/826/909
f 1028/868/910 1021/909/910 1025/861/910
f 1025/861/911 1021/909/911 1024/910/911
f 1301/828/912 1281/804/912 1299/911/912
f 1056/867/913 1047/912/913 1046/866/913
f 1028/868/914 1032/874/914 1021/909/914
f 1047/912/915 1036/873/915 1046/866/915
f 1047/912/916 1039/913/916 1036/873/916
f 1039/913/917 1035/914/917 1036/873/917
f 1036/873/918 1035/914/918 1032/874/918
f 3370/843/919 3372/915/919 3371/876/919
f 126/916/920 125/917/920 92/837/920
f 92/837/921 125/917/921 96/875/921
f 96/875/922 125/917/922 95/783/922
f 95/783/923 125/917/923 147/878/923
f 3299/887/924 3276/918/924 3280/919/924
f 147/878/925 176/920/925 150/786/925
f 3357/761/926 3295/921/926 3358/763/926
f 3276/918/927 3279/922/927 3280/919/927
f 3435/820/928 3312/923/928 3298/924/928
f 3435/820/929 3298/924/929 3356/842/929
f 3499/881/930 3383/879/930 3363/764/930
f 1321/844/931 1314/815/931 1320/891/931
f 2132/890/932 2130/889/932 2131/925/932
f 118/847/933 155/926/933 115/848/933
f 149/883/934 167/927/934 116/845/934
f 167/927/935 183/928/935 116/845/935
f 116/845/936 183/928/936 148/884/936
f 115/848/937 155/926/937 149/883/937
f 3289/929/938 3277/930/938 3281/886/938
f 1332/892/939 1333/931/939 1339/893/939
f 877/897/940 901/899/940 886/932/940
f 2413/933/941 2415/901/941 2412/903/941
f 2412/903/942 2403/934/942 2413/933/942
f 1063/935/943 1057/859/943 1065/936/943
f 1063/935/944 1060/857/944 1057/859/944
f 158/937/945 97/856/945 174/938/945
f 1062/939/946 1060/857/946 1063/935/946
f 1062/939/947 1058/862/947 1060/857/947
f 1048/905/948 1026/906/948 1027/940/948
f 1026/906/949 1024/910/949 1027/940/949
f 1025/861/950 1024/910/950 1026/906/950
f 1058/862/951 1064/941/951 1056/867/951
f 1301/828/952 1299/911/952 1309/871/952
f 1059/942/953 1047/912/953 1056/867/953
f 1032/874/954 1022/943/954 1021/909/954
f 1035/914/955 1022/943/955 1032/874/955
f 165/944/956 166/945/956 125/917/956
f 126/916/957 165/944/957 125/917/957
f 125/917/958 166/945/958 147/878/958
f 147/878/959 166/945/959 176/920/959
f 3295/921/960 3359/788/960 3358/763/960
f 3444/846/961 3312/923/961 3435/820/961
f 3359/788/962 3425/946/962 3499/881/962
f 1314/815/963 1317/947/963 1320/891/963
f 1320/891/964 1323/948/964 1332/892/964
f 3305/949/965 3301/950/965 3289/929/965
f 177/951/966 149/883/966 155/926/966
f 2417/952/967 2415/901/967 2409/953/967
f 2415/901/968 2413/933/968 2409/953/968
f 2409/953/969 2413/933/969 2398/954/969
f 1066/955/970 1063/935/970 1065/936/970
f 2398/954/971 2413/933/971 2397/956/971
f 2413/933/972 2403/934/972 2397/956/972
f 1062/939/973 1064/941/973 1058/862/973
f 1024/910/974 1029/957/974 1027/940/974
f 1011/958/975 1030/959/975 1024/910/975
f 1299/911/976 1310/960/976 1309/871/976
f 1024/910/977 1019/961/977 1043/962/977
f 1021/909/978 1019/961/978 1024/910/978
f 1059/942/979 1055/963/979 1047/912/979
f 1021/909/980 1022/943/980 1020/964/980
f 1021/909/981 1020/964/981 1019/961/981
f 3370/843/982 3374/965/982 3372/915/982
f 1047/912/983 1055/963/983 1039/913/983
f 1039/913/984 1040/966/984 1035/914/984
f 3383/879/985 3486/967/985 3375/968/985
f 1040/966/986 1037/969/986 1035/914/986
f 1037/969/987 1033/970/987 1035/914/987
f 1035/914/988 1033/970/988 1022/943/988
f 1022/943/989 1033/970/989 1023/971/989
f 1314/815/990 1313/972/990 1317/947/990
f 3279/922/991 3282/973/991 3290/974/991
f 3298/924/992 3295/921/992 3356/842/992
f 3295/921/993 3425/946/993 3359/788/993
f 3276/918/994 3278/975/994 3279/922/994
f 1320/891/995 1317/947/995 1323/948/995
f 3289/929/996 3301/950/996 3277/930/996
f 3305/949/997 3306/976/997 3301/950/997
f 1332/892/998 1323/948/998 1333/931/998
f 177/951/999 191/977/999 149/883/999
f 3308/978/1000 3307/979/1000 3305/949/1000
f 3307/979/1001 3306/976/1001 3305/949/1001
f 937/894/1002 933/980/1002 907/895/1002
f 2398/954/1003 2397/956/1003 2394/981/1003
f 855/982/1004 877/897/1004 854/983/1004
f 1067/984/1005 1063/935/1005 1066/955/1005
f 886/932/1006 875/985/1006 863/986/1006
f 1068/987/1007 1063/935/1007 1067/984/1007
f 2403/934/1008 2402/988/1008 2386/989/1008
f 1068/987/1009 1071/990/1009 1062/939/1009
f 1282/803/1010 1283/991/1010 1281/804/1010
f 1071/990/1011 1064/941/1011 1062/939/1011
f 1281/804/1012 1283/991/1012 1299/911/1012
f 1024/910/1013 1030/959/1013 1029/957/1013
f 1408/992/1014 1385/993/1014 1414/994/1014
f 2709/995/1015 2706/996/1015 2708/997/1015
f 1385/993/1016 1409/998/1016 1414/994/1016
f 431/999/1017 411/1000/1017 427/1001/1017
f 1385/993/1018 1384/1002/1018 1409/998/1018
f 1384/1002/1019 1396/1003/1019 1409/998/1019
f 1019/961/1020 1007/1004/1020 1009/1005/1020
f 1019/961/1021 1020/964/1021 1007/1004/1021
f 3375/968/1022 3374/965/1022 3370/843/1022
f 1055/963/1023 1053/1006/1023 1039/913/1023
f 1039/913/1024 1053/1006/1024 1040/966/1024
f 3356/842/1025 3295/921/1025 3357/761/1025
f 3290/974/1026 3282/973/1026 3312/923/1026
f 3290/974/1027 3312/923/1027 3444/846/1027
f 3279/922/1028 3278/975/1028 3282/973/1028
f 3310/1007/1029 3311/1008/1029 3307/979/1029
f 1323/948/1030 1336/1009/1030 1333/931/1030
f 886/932/1031 863/986/1031 854/983/1031
f 2397/956/1032 2403/934/1032 2388/1010/1032
f 2403/934/1033 2386/989/1033 2388/1010/1033
f 1285/1011/1034 1284/1012/1034 1282/803/1034
f 1285/1011/1035 1282/803/1035 1287/904/1035
f 1282/803/1036 1284/1012/1036 1283/991/1036
f 1283/991/1037 1300/1013/1037 1299/911/1037
f 1029/957/1038 1030/959/1038 1031/1014/1038
f 1299/911/1039 1307/1015/1039 1310/960/1039
f 411/1000/1040 409/1016/1040 427/1001/1040
f 1007/1004/1041 1008/1017/1041 1009/1005/1041
f 1309/871/1042 1313/972/1042 1314/815/1042
f 1309/871/1043 1311/1018/1043 1313/972/1043
f 3499/881/1044 3486/967/1044 3383/879/1044
f 1396/1003/1045 1393/1019/1045 1410/1020/1045
f 1023/971/1046 1042/1021/1046 1007/1004/1046
f 1023/971/1047 1007/1004/1047 1020/964/1047
f 1023/971/1048 1049/1022/1048 1042/1021/1048
f 1053/1006/1049 1052/1023/1049 1040/966/1049
f 1040/966/1050 1052/1023/1050 1037/969/1050
f 1044/1024/1051 1049/1022/1051 1023/971/1051
f 1033/970/1052 1044/1024/1052 1023/971/1052
f 1037/969/1053 1044/1024/1053 1033/970/1053
f 1317/947/1054 1330/1025/1054 1323/948/1054
f 3306/976/1055 3494/1026/1055 3301/950/1055
f 3301/950/1056 3302/1027/1056 3277/930/1056
f 3277/930/1057 3302/1027/1057 3288/1028/1057
f 1333/931/1058 1336/1009/1058 1340/1029/1058
f 1333/931/1059 1340/1029/1059 1341/1030/1059
f 2127/1031/1060 2126/1032/1060 2125/1033/1060
f 933/980/1061 903/1034/1061 904/1035/1061
f 1072/1036/1062 1067/984/1062 1066/955/1062
f 1069/1037/1063 1068/987/1063 1067/984/1063
f 1288/795/1064 1289/1038/1064 1287/904/1064
f 1070/1039/1065 1071/990/1065 1068/987/1065
f 1284/1012/1066 1297/1040/1066 1283/991/1066
f 1795/1041/1067 1794/1042/1067 1790/1043/1067
f 1011/958/1068 1009/1005/1068 1010/1044/1068
f 1009/1005/1069 1008/1017/1069 1010/1044/1069
f 1310/960/1070 1311/1018/1070 1309/871/1070
f 1007/1004/1071 1014/1045/1071 1008/1017/1071
f 1007/1004/1072 1041/1046/1072 1014/1045/1072
f 3425/946/1073 3490/1047/1073 3499/881/1073
f 3490/1047/1074 3486/967/1074 3499/881/1074
f 1042/1021/1075 1041/1046/1075 1007/1004/1075
f 1410/1020/1076 1394/1048/1076 1411/1049/1076
f 3312/923/1077 3284/1050/1077 3298/924/1077
f 3298/924/1078 3284/1050/1078 3292/1051/1078
f 3278/975/1079 3283/1052/1079 3282/973/1079
f 3287/1053/1080 3303/1054/1080 3278/975/1080
f 1052/1023/1081 1051/1055/1081 1037/969/1081
f 1037/969/1082 1051/1055/1082 1044/1024/1082
f 3301/950/1083 3494/1026/1083 3302/1027/1083
f 3311/1008/1084 3309/1056/1084 3307/979/1084
f 2126/1032/1085 2140/1057/1085 2124/1058/1085
f 1074/1059/1086 1069/1037/1086 1067/984/1086
f 875/985/1087 876/1060/1087 853/1061/1087
f 1294/1062/1088 1284/1012/1088 1285/1011/1088
f 1294/1062/1089 1297/1040/1089 1284/1012/1089
f 1412/1063/1090 1374/1064/1090 1408/992/1090
f 1297/1040/1091 1298/1065/1091 1283/991/1091
f 1408/992/1092 1374/1064/1092 1385/993/1092
f 1300/1013/1093 1307/1015/1093 1299/911/1093
f 1790/1043/1094 1794/1042/1094 1793/1066/1094
f 1384/1002/1095 1378/1067/1095 1396/1003/1095
f 1396/1003/1096 1378/1067/1096 1393/1019/1096
f 1311/1018/1097 1318/1068/1097 1313/972/1097
f 3295/921/1098 3297/1069/1098 3425/946/1098
f 1410/1020/1099 1393/1019/1099 1394/1048/1099
f 3298/924/1100 3292/1051/1100 3295/921/1100
f 3282/973/1101 3283/1052/1101 3284/1050/1101
f 3282/973/1102 3284/1050/1102 3312/923/1102
f 1394/1048/1103 1398/1070/1103 1411/1049/1103
f 1049/1022/1104 1044/1024/1104 1050/1071/1104
f 1317/947/1105 1313/972/1105 1329/1072/1105
f 1317/947/1106 1329/1072/1106 1330/1025/1106
f 3303/1054/1107 3283/1052/1107 3278/975/1107
f 1052/1023/1108 1061/1073/1108 1051/1055/1108
f 3306/976/1109 3309/1056/1109 3494/1026/1109
f 1323/948/1110 1330/1025/1110 1336/1009/1110
f 3307/979/1111 3309/1056/1111 3306/976/1111
f 3311/1008/1112 3438/1074/1112 3309/1056/1112
f 2414/1075/1113 2410/1076/1113 2407/1077/1113
f 2414/1075/1114 2418/1078/1114 2410/1076/1114
f 2407/1077/1115 2410/1076/1115 2406/1079/1115
f 1073/1080/1116 1072/1036/1116 1076/1081/1116
f 1074/1059/1117 1067/984/1117 1073/1080/1117
f 1422/1082/1118 1388/1083/1118 1415/1084/1118
f 1415/1084/1119 1388/1083/1119 1372/1085/1119
f 1413/1086/1120 1372/1085/1120 1412/1063/1120
f 1412/1063/1121 1372/1085/1121 1374/1064/1121
f 1832/1087/1122 1833/1088/1122 1834/1089/1122
f 1833/1088/1123 1835/1090/1123 1834/1089/1123
f 1837/1091/1124 1836/1092/1124 1838/1093/1124
f 1802/1094/1125 1797/1095/1125 1801/1096/1125
f 1802/1094/1126 1801/1096/1126 1804/1097/1126
f 1809/1098/1127 1801/1096/1127 1808/1099/1127
f 1374/1064/1128 1352/1100/1128 1385/993/1128
f 1790/1043/1129 1791/1101/1129 1792/1102/1129
f 1792/1102/1130 1791/1101/1130 1797/1095/1130
f 1790/1043/1131 1793/1066/1131 1791/1101/1131
f 1352/1100/1132 1384/1002/1132 1385/993/1132
f 1352/1100/1133 1356/1103/1133 1384/1002/1133
f 1356/1103/1134 1378/1067/1134 1384/1002/1134
f 1010/1044/1135 1012/1104/1135 1013/1105/1135
f 1010/1044/1136 1008/1017/1136 1012/1104/1136
f 1310/960/1137 1319/1106/1137 1311/1018/1137
f 3425/946/1138 3314/1107/1138 3490/1047/1138
f 3297/1069/1139 3314/1107/1139 3425/946/1139
f 3292/1051/1140 3293/1108/1140 3295/921/1140
f 3295/921/1141 3293/1108/1141 3297/1069/1141
f 2683/1109/1142 2682/1110/1142 2681/1111/1142
f 3505/1112/1143 3506/1113/1143 3507/1114/1143
f 3418/1115/1144 3419/1116/1144 3494/1026/1144
f 1330/1025/1145 1342/1117/1145 1336/1009/1145
f 3512/1118/1146 3513/1119/1146 3514/1120/1146
f 3511/1121/1147 3510/1122/1147 3505/1112/1147
f 3044/1123/1148 3042/1124/1148 3040/1125/1148
f 2124/1058/1149 2140/1057/1149 2123/1126/1149
f 3044/1123/1150 3040/1125/1150 3045/1127/1150
f 931/1128/1151 895/1129/1151 903/1034/1151
f 2395/1130/1152 2393/1131/1152 2399/1132/1152
f 1295/1133/1153 1285/1011/1153 1289/1038/1153
f 1842/1134/1154 1832/1087/1154 1834/1089/1154
f 1834/1089/1155 1837/1091/1155 1839/1135/1155
f 1839/1135/1156 1837/1091/1156 1840/1136/1156
f 1834/1089/1157 1836/1092/1157 1837/1091/1157
f 1797/1095/1158 1791/1101/1158 1801/1096/1158
f 1801/1096/1159 1803/1137/1159 1808/1099/1159
f 1307/1015/1160 1331/1138/1160 1312/1139/1160
f 1307/1015/1161 1312/1139/1161 1310/960/1161
f 425/1140/1162 412/1141/1162 411/1000/1162
f 1310/960/1163 1312/1139/1163 1319/1106/1163
f 1356/1103/1164 1358/1142/1164 1378/1067/1164
f 1013/1105/1165 1012/1104/1165 1016/1143/1165
f 3490/1047/1166 3487/1144/1166 3486/967/1166
f 3486/967/1167 3487/1144/1167 3375/968/1167
f 1008/1017/1168 1014/1045/1168 1015/1145/1168
f 1008/1017/1169 1015/1145/1169 1012/1104/1169
f 2636/1146/1170 2633/1147/1170 2637/1148/1170
f 2633/1147/1171 2635/1149/1171 2637/1148/1171
f 2637/1148/1172 2635/1149/1172 2639/1150/1172
f 1041/1046/1173 1045/1151/1173 1014/1045/1173
f 1045/1151/1174 1015/1145/1174 1014/1045/1174
f 1311/1018/1175 1335/1152/1175 1318/1068/1175
f 1313/972/1176 1318/1068/1176 1329/1072/1176
f 2680/1153/1177 2648/1154/1177 2681/1111/1177
f 2682/1110/1178 2680/1153/1178 2681/1111/1178
f 3495/1155/1179 3300/1156/1179 3303/1054/1179
f 3303/1054/1180 3300/1156/1180 3283/1052/1180
f 1330/1025/1181 1329/1072/1181 1342/1117/1181
f 3505/1112/1182 3508/1157/1182 3506/1113/1182
f 3505/1112/1183 3509/1158/1183 3508/1157/1183
f 3505/1112/1184 3510/1122/1184 3509/1158/1184
f 932/1159/1185 895/1129/1185 931/1128/1185
f 1075/1160/1186 1074/1059/1186 1073/1080/1186
f 2393/1131/1187 2400/1161/1187 2399/1132/1187
f 1422/1082/1188 1404/1162/1188 1388/1083/1188
f 2393/1131/1189 2392/1163/1189 2400/1161/1189
f 1843/1164/1190 1842/1134/1190 1844/1165/1190
f 804/1166/1191 783/1167/1191 789/1168/1191
f 1842/1134/1192 1834/1089/1192 1841/1169/1192
f 1841/1169/1193 1834/1089/1193 1839/1135/1193
f 1372/1085/1194 1360/1170/1194 1374/1064/1194
f 1360/1170/1195 1355/1171/1195 1374/1064/1195
f 1374/1064/1196 1355/1171/1196 1352/1100/1196
f 1791/1101/1197 1798/1172/1197 1801/1096/1197
f 1801/1096/1198 1798/1172/1198 1803/1137/1198
f 1300/1013/1199 1308/1173/1199 1307/1015/1199
f 1307/1015/1200 1308/1173/1200 1331/1138/1200
f 432/1174/1201 425/1140/1201 434/1175/1201
f 1378/1067/1202 1377/1176/1202 1393/1019/1202
f 1015/1145/1203 1017/1177/1203 1012/1104/1203
f 1334/1178/1204 1335/1152/1204 1311/1018/1204
f 1393/1019/1205 1377/1176/1205 1394/1048/1205
f 1394/1048/1206 1395/1179/1206 1398/1070/1206
f 1318/1068/1207 1335/1152/1207 1348/1180/1207
f 3283/1052/1208 3285/1181/1208 3284/1050/1208
f 1318/1068/1209 1348/1180/1209 1329/1072/1209
f 2684/1182/1210 2679/1183/1210 2683/1109/1210
f 1342/1117/1211 1350/1184/1211 1336/1009/1211
f 3043/1185/1212 3041/1186/1212 3042/1124/1212
f 3405/1187/1213 3404/1188/1213 3397/1189/1213
f 3042/1124/1214 3041/1186/1214 3040/1125/1214
f 932/1159/1215 909/1190/1215 895/1129/1215
f 1078/1191/1216 1075/1160/1216 1077/1192/1216
f 2474/1193/1217 2469/1194/1217 2464/1195/1217
f 1423/1196/1218 1404/1162/1218 1422/1082/1218
f 1372/1085/1219 1362/1197/1219 1360/1170/1219
f 1805/1198/1220 1806/1199/1220 1803/1137/1220
f 1803/1137/1221 1806/1199/1221 1808/1099/1221
f 1352/1100/1222 1354/1200/1222 1356/1103/1222
f 1356/1103/1223 1354/1200/1223 1358/1142/1223
f 1016/1143/1224 1012/1104/1224 1018/1201/1224
f 1378/1067/1225 1358/1142/1225 1377/1176/1225
f 1319/1106/1226 1334/1178/1226 1311/1018/1226
f 2631/1202/1227 2632/1203/1227 2633/1147/1227
f 2633/1147/1228 2634/1204/1228 2635/1149/1228
f 2797/1205/1229 2801/1206/1229 2800/1207/1229
f 2635/1149/1230 2640/1208/1230 2639/1150/1230
f 2799/1209/1231 2797/1205/1231 2800/1207/1231
f 3293/1108/1232 3296/1210/1232 3297/1069/1232
f 1394/1048/1233 1377/1176/1233 1395/1179/1233
f 3300/1156/1234 3285/1181/1234 3283/1052/1234
f 1398/1070/1235 1395/1179/1235 1420/1211/1235
f 1348/1180/1236 1342/1117/1236 1329/1072/1236
f 3304/1212/1237 3285/1181/1237 3300/1156/1237
f 3439/1213/1238 3304/1212/1238 3300/1156/1238
f 2679/1183/1239 2676/1214/1239 2682/1110/1239
f 3418/1115/1240 3395/1215/1240 3419/1116/1240
f 3040/1125/1241 3038/1216/1241 3045/1127/1241
f 1078/1191/1242 1077/1192/1242 1080/1217/1242
f 1423/1196/1243 1421/1218/1243 1404/1162/1243
f 1363/1219/1244 1388/1083/1244 1404/1162/1244
f 1388/1083/1245 1363/1219/1245 1362/1197/1245
f 1355/1171/1246 1353/1220/1246 1352/1100/1246
f 1798/1172/1247 1805/1198/1247 1803/1137/1247
f 435/1221/1248 419/1222/1248 432/1174/1248
f 3314/1107/1249 3316/1223/1249 3328/1224/1249
f 3314/1107/1250 3328/1224/1250 3490/1047/1250
f 1012/1104/1251 1017/1177/1251 1018/1201/1251
f 2632/1203/1252 2634/1204/1252 2633/1147/1252
f 2635/1149/1253 2634/1204/1253 2640/1208/1253
f 3296/1210/1254 3313/1225/1254 3297/1069/1254
f 3313/1225/1255 3314/1107/1255 3297/1069/1255
f 3284/1050/1256 3286/1226/1256 3292/1051/1256
f 3286/1226/1257 3293/1108/1257 3292/1051/1257
f 1335/1152/1258 1347/1227/1258 1348/1180/1258
f 3285/1181/1259 3286/1226/1259 3284/1050/1259
f 2682/1110/1260 2669/1228/1260 2680/1153/1260
f 2684/1182/1261 2685/1229/1261 2679/1183/1261
f 2682/1110/1262 2676/1214/1262 2669/1228/1262
f 1348/1180/1263 1349/1230/1263 1342/1117/1263
f 1342/1117/1264 1349/1230/1264 1350/1184/1264
f 3396/1231/1265 3395/1215/1265 3418/1115/1265
f 2122/1232/1266 2141/1233/1266 2118/1234/1266
f 3404/1188/1267 3403/1235/1267 3397/1189/1267
f 3040/1125/1268 3041/1186/1268 3037/1236/1268
f 2118/1234/1269 2120/1237/1269 2122/1232/1269
f 3040/1125/1270 3037/1236/1270 3038/1216/1270
f 2120/1237/1271 2123/1126/1271 2134/1238/1271
f 2123/1126/1272 2144/1239/1272 2134/1238/1272
f 891/1240/1273 864/1241/1273 865/1242/1273
f 1360/1170/1274 1353/1220/1274 1355/1171/1274
f 1352/1100/1275 1353/1220/1275 1354/1200/1275
f 1798/1172/1276 1807/1243/1276 1805/1198/1276
f 1358/1142/1277 1359/1244/1277 1377/1176/1277
f 3314/1107/1278 3315/1245/1278 3316/1223/1278
f 2632/1203/1279 2638/1246/1279 2634/1204/1279
f 1334/1178/1280 1347/1227/1280 1335/1152/1280
f 3314/1107/1281 3313/1225/1281 3315/1245/1281
f 2634/1204/1282 2642/1247/1282 2640/1208/1282
f 2796/1248/1283 2802/1249/1283 2801/1206/1283
f 2797/1205/1284 2796/1248/1284 2801/1206/1284
f 3293/1108/1285 3286/1226/1285 3294/1250/1285
f 3293/1108/1286 3294/1250/1286 3296/1210/1286
f 1377/1176/1287 1386/1251/1287 1395/1179/1287
f 2640/1208/1288 2641/1252/1288 2639/1150/1288
f 2799/1209/1289 2798/1253/1289 2797/1205/1289
f 3285/1181/1290 3291/1254/1290 3286/1226/1290
f 3304/1212/1291 3291/1254/1291 3285/1181/1291
f 2680/1153/1292 2669/1228/1292 2648/1154/1292
f 3030/1255/1293 3028/1256/1293 3046/1257/1293
f 3391/1258/1294 3304/1212/1294 3439/1213/1294
f 1350/1184/1295 1349/1230/1295 1351/1259/1295
f 3396/1231/1296 3394/1260/1296 3395/1215/1296
f 3046/1257/1297 3029/1261/1297 3041/1186/1297
f 3397/1189/1298 3403/1235/1298 3394/1260/1298
f 3397/1189/1299 3394/1260/1299 3396/1231/1299
f 2134/1238/1300 2136/1262/1300 2135/1263/1300
f 2134/1238/1301 2144/1239/1301 2136/1262/1301
f 1805/1198/1302 1811/1264/1302 1806/1199/1302
f 1807/1243/1303 1810/1265/1303 1805/1198/1303
f 1354/1200/1304 1357/1266/1304 1358/1142/1304
f 2884/1267/1305 2883/1268/1305 2885/1269/1305
f 3549/1270/1306 3551/1271/1306 3550/1272/1306
f 1358/1142/1307 1357/1266/1307 1359/1244/1307
f 1319/1106/1308 1346/1273/1308 1334/1178/1308
f 1347/1227/1309 1334/1178/1309 1346/1273/1309
f 1377/1176/1310 1359/1244/1310 1376/1274/1310
f 3030/1255/1311 3021/1275/1311 3028/1256/1311
f 2634/1204/1312 2638/1246/1312 2642/1247/1312
f 1377/1176/1313 1376/1274/1313 1386/1251/1313
f 2642/1247/1314 2649/1276/1314 2640/1208/1314
f 2642/1247/1315 2644/1277/1315 2649/1276/1315
f 2640/1208/1316 2649/1276/1316 2641/1252/1316
f 2641/1252/1317 2646/1278/1317 2639/1150/1317
f 2798/1253/1318 2794/1279/1318 2797/1205/1318
f 2797/1205/1319 2794/1279/1319 2796/1248/1319
f 2644/1277/1320 2650/1280/1320 2649/1276/1320
f 2649/1276/1321 2651/1281/1321 2641/1252/1321
f 2685/1229/1322 2652/1282/1322 2679/1183/1322
f 3041/1186/1323 3029/1261/1323 3037/1236/1323
f 2122/1232/1324 2135/1263/1324 2141/1233/1324
f 2144/1239/1325 2145/1283/1325 2136/1262/1325
f 2136/1262/1326 2145/1283/1326 2139/1284/1326
f 1421/1218/1327 1407/1285/1327 1404/1162/1327
f 1404/1162/1328 1407/1285/1328 1363/1219/1328
f 1363/1219/1329 1361/1286/1329 1362/1197/1329
f 1362/1197/1330 1361/1286/1330 1360/1170/1330
f 1361/1286/1331 1353/1220/1331 1360/1170/1331
f 1810/1265/1332 1811/1264/1332 1805/1198/1332
f 1308/1173/1333 1337/1287/1333 1331/1138/1333
f 1353/1220/1334 1357/1266/1334 1354/1200/1334
f 1331/1138/1335 1337/1287/1335 1338/1288/1335
f 1331/1138/1336 1338/1288/1336 1312/1139/1336
f 2862/1289/1337 2861/1290/1337 2884/1267/1337
f 1338/1288/1338 1343/1291/1338 1312/1139/1338
f 3021/1275/1339 3018/1292/1339 3028/1256/1339
f 2645/1293/1340 2643/1294/1340 2638/1246/1340
f 2638/1246/1341 2643/1294/1341 2642/1247/1341
f 2796/1248/1342 2793/1295/1342 2802/1249/1342
f 1906/1296/1343 1908/1297/1343 1911/1298/1343
f 1912/1299/1344 1906/1296/1344 1911/1298/1344
f 2642/1247/1345 2643/1294/1345 2644/1277/1345
f 1909/1300/1346 1907/1301/1346 1906/1296/1346
f 1906/1296/1347 1907/1301/1347 1908/1297/1347
f 3018/1292/1348 3016/1302/1348 3028/1256/1348
f 1915/1303/1349 1914/1304/1349 1913/1305/1349
f 1913/1305/1350 1914/1304/1350 1910/1306/1350
f 1913/1305/1351 1910/1306/1351 1909/1300/1351
f 1909/1300/1352 1910/1306/1352 1907/1301/1352
f 2648/1154/1353 2669/1228/1353 2664/1307/1353
f 2669/1228/1354 2658/1308/1354 2664/1307/1354
f 2646/1278/1355 2641/1252/1355 2647/1309/1355
f 2798/1253/1356 2803/1310/1356 2794/1279/1356
f 3391/1258/1357 3390/1311/1357 3304/1212/1357
f 3304/1212/1358 3390/1311/1358 3291/1254/1358
f 1386/1251/1359 1392/1312/1359 1395/1179/1359
f 2650/1280/1360 2651/1281/1360 2649/1276/1360
f 1395/1179/1361 1392/1312/1361 1416/1313/1361
f 2676/1214/1362 2654/1314/1362 2669/1228/1362
f 2654/1314/1363 2658/1308/1363 2669/1228/1363
f 2652/1282/1364 2654/1314/1364 2679/1183/1364
f 2679/1183/1365 2654/1314/1365 2676/1214/1365
f 2141/1233/1366 2135/1263/1366 2142/1315/1366
f 3037/1236/1367 3015/1316/1367 3010/1317/1367
f 3037/1236/1368 3010/1317/1368 3038/1216/1368
f 3010/1317/1369 3039/1318/1369 3038/1216/1369
f 2846/1319/1370 2845/1320/1370 2848/1321/1370
f 1337/1287/1371 1344/1322/1371 1338/1288/1371
f 2884/1267/1372 2861/1290/1372 2883/1268/1372
f 2935/1323/1373 2936/1324/1373 2931/1325/1373
f 2645/1293/1374 2670/1326/1374 2643/1294/1374
f 2840/1327/1375 2841/1328/1375 2842/1329/1375
f 3400/1330/1376 3422/1331/1376 3502/1332/1376
f 3502/1332/1377 3422/1331/1377 3332/1333/1377
f 3502/1332/1378 3332/1333/1378 3503/1334/1378
f 3332/1333/1379 3504/1335/1379 3503/1334/1379
f 1907/1301/1380 1917/1336/1380 1908/1297/1380
f 2644/1277/1381 2699/1337/1381 2650/1280/1381
f 2803/1310/1382 2795/1338/1382 2794/1279/1382
f 3391/1258/1383 3392/1339/1383 3390/1311/1383
f 3390/1311/1384 3392/1339/1384 3399/1340/1384
f 1915/1303/1385 1916/1341/1385 1914/1304/1385
f 3390/1311/1386 3399/1340/1386 3400/1330/1386
f 3394/1260/1387 3393/1342/1387 3391/1258/1387
f 3016/1302/1388 3015/1316/1388 3029/1261/1388
f 1856/1343/1389 1855/1344/1389 1871/1345/1389
f 3014/1346/1390 3031/1347/1390 3032/1348/1390
f 3039/1318/1391 3014/1346/1391 3032/1348/1391
f 3032/1348/1392 3031/1347/1392 3050/1349/1392
f 1361/1286/1393 1365/1350/1393 1353/1220/1393
f 1353/1220/1394 1368/1351/1394 1357/1266/1394
f 2845/1320/1395 2849/1352/1395 2848/1321/1395
f 2848/1321/1396 2849/1352/1396 2850/1353/1396
f 2850/1353/1397 2849/1352/1397 2851/1354/1397
f 1337/1287/1398 1345/1355/1398 1344/1322/1398
f 1344/1322/1399 1343/1291/1399 1338/1288/1399
f 2861/1290/1400 2867/1356/1400 2883/1268/1400
f 3021/1275/1401 3020/1357/1401 3018/1292/1401
f 3334/1358/1402 3330/1359/1402 3332/1333/1402
f 3332/1333/1403 3330/1359/1403 3325/1360/1403
f 1376/1274/1404 1383/1361/1404 1386/1251/1404
f 1386/1251/1405 1383/1361/1405 1392/1312/1405
f 2658/1308/1406 2659/1362/1406 2664/1307/1406
f 2650/1280/1407 2699/1337/1407 2651/1281/1407
f 2641/1252/1408 2694/1363/1408 2698/1364/1408
f 2641/1252/1409 2698/1364/1409 2647/1309/1409
f 2647/1309/1410 2698/1364/1410 2697/1365/1410
f 3392/1339/1411 3401/1366/1411 3399/1340/1411
f 3393/1342/1412 3392/1339/1412 3391/1258/1412
f 315/1367/1413 278/1368/1413 314/1369/1413
f 271/1370/1414 268/1371/1414 278/1368/1414
f 271/1370/1415 266/1372/1415 268/1371/1415
f 1407/1285/1416 1406/1373/1416 1364/1374/1416
f 1407/1285/1417 1364/1374/1417 1363/1219/1417
f 1363/1219/1418 1364/1374/1418 1361/1286/1418
f 266/1372/1419 265/1375/1419 257/1376/1419
f 265/1375/1420 248/1377/1420 257/1376/1420
f 1364/1374/1421 1365/1350/1421 1361/1286/1421
f 1353/1220/1422 1365/1350/1422 1368/1351/1422
f 1357/1266/1423 1368/1351/1423 1369/1378/1423
f 267/1379/1424 276/1380/1424 260/1381/1424
f 1357/1266/1425 1369/1378/1425 1359/1244/1425
f 3021/1275/1426 3023/1382/1426 3022/1383/1426
f 3021/1275/1427 3022/1383/1427 3020/1357/1427
f 1359/1244/1428 1375/1384/1428 1376/1274/1428
f 2701/1385/1429 2695/1386/1429 2700/1387/1429
f 2701/1385/1430 2700/1387/1430 2702/1388/1430
f 2702/1388/1431 2700/1387/1431 2703/1389/1431
f 2693/1390/1432 2699/1337/1432 2644/1277/1432
f 2664/1307/1433 2659/1362/1433 2665/1391/1433
f 3018/1292/1434 3017/1392/1434 3016/1302/1434
f 3392/1339/1435 3402/1393/1435 3401/1366/1435
f 2658/1308/1436 2653/1394/1436 2659/1362/1436
f 1392/1312/1437 1397/1395/1437 1416/1313/1437
f 3034/1396/1438 3013/1397/1438 3017/1392/1438
f 3017/1392/1439 3013/1397/1439 3016/1302/1439
f 2655/1398/1440 2653/1394/1440 2652/1282/1440
f 2652/1282/1441 2653/1394/1441 2654/1314/1441
f 3013/1397/1442 3015/1316/1442 3016/1302/1442
f 3408/1399/1443 3409/1400/1443 3407/1401/1443
f 3408/1399/1444 3407/1401/1444 3393/1342/1444
f 3013/1397/1445 3009/1402/1445 3015/1316/1445
f 3013/1397/1446 3012/1403/1446 3009/1402/1446
f 3009/1402/1447 3010/1317/1447 3015/1316/1447
f 3009/1402/1448 3007/1404/1448 3010/1317/1448
f 3010/1317/1449 3007/1404/1449 3011/1405/1449
f 3010/1317/1450 3011/1405/1450 3014/1346/1450
f 3014/1346/1451 3011/1405/1451 3031/1347/1451
f 912/1406/1452 921/1407/1452 920/1408/1452
f 912/1406/1453 920/1408/1453 915/1409/1453
f 915/1409/1454 920/1408/1454 917/1410/1454
f 920/1408/1455 942/1411/1455 917/1410/1455
f 911/1412/1456 910/1413/1456 912/1406/1456
f 1364/1374/1457 1366/1414/1457 1365/1350/1457
f 2849/1352/1458 2852/1415/1458 2851/1354/1458
f 2851/1354/1459 2860/1416/1459 2861/1290/1459
f 3316/1223/1460 3319/1417/1460 3321/1418/1460
f 1369/1378/1461 1371/1419/1461 1359/1244/1461
f 3318/1420/1462 3319/1417/1462 3316/1223/1462
f 3317/1421/1463 3323/1422/1463 3318/1420/1463
f 1359/1244/1464 1371/1419/1464 1375/1384/1464
f 3329/1423/1465 3327/1424/1465 3325/1360/1465
f 3325/1360/1466 3327/1424/1466 3323/1422/1466
f 3325/1360/1467 3323/1422/1467 3324/1425/1467
f 1375/1384/1468 1383/1361/1468 1376/1274/1468
f 2694/1363/1469 2693/1390/1469 2692/1426/1469
f 3334/1358/1470 3329/1423/1470 3330/1359/1470
f 3330/1359/1471 3329/1423/1471 3325/1360/1471
f 3020/1357/1472 3019/1427/1472 3018/1292/1472
f 3019/1427/1473 3017/1392/1473 3018/1292/1473
f 1392/1312/1474 1383/1361/1474 1397/1395/1474
f 2653/1394/1475 2660/1428/1475 2659/1362/1475
f 3019/1427/1476 3033/1429/1476 3017/1392/1476
f 3034/1396/1477 3008/1430/1477 3013/1397/1477
f 1397/1395/1478 1417/1431/1478 1416/1313/1478
f 3033/1429/1479 3034/1396/1479 3017/1392/1479
f 3393/1342/1480 3407/1401/1480 3406/1432/1480
f 3393/1342/1481 3406/1432/1481 3392/1339/1481
f 3011/1405/1482 3050/1349/1482 3031/1347/1482
f 278/1368/1483 312/1433/1483 314/1369/1483
f 1389/1434/1484 1366/1414/1484 1364/1374/1484
f 246/1435/1485 248/1377/1485 247/1436/1485
f 251/1437/1486 250/1438/1486 247/1436/1486
f 2845/1320/1487 2853/1439/1487 2852/1415/1487
f 2845/1320/1488 2852/1415/1488 2849/1352/1488
f 1367/1440/1489 1370/1441/1489 1369/1378/1489
f 1368/1351/1490 1367/1440/1490 1369/1378/1490
f 251/1437/1491 260/1381/1491 250/1438/1491
f 2860/1416/1492 2866/1442/1492 2861/1290/1492
f 2861/1290/1493 2866/1442/1493 2867/1356/1493
f 276/1380/1494 280/1443/1494 260/1381/1494
f 1369/1378/1495 1370/1441/1495 1371/1419/1495
f 2673/1444/1496 2677/1445/1496 2675/1446/1496
f 2672/1447/1497 2673/1444/1497 2675/1446/1497
f 2675/1446/1498 2677/1445/1498 2671/1448/1498
f 2695/1386/1499 2696/1449/1499 2700/1387/1499
f 2671/1448/1500 2677/1445/1500 2689/1450/1500
f 2671/1448/1501 2689/1450/1501 2693/1390/1501
f 2692/1426/1502 2691/1451/1502 2695/1386/1502
f 3333/1452/1503 3329/1423/1503 3334/1358/1503
f 3020/1357/1504 3027/1453/1504 3019/1427/1504
f 3401/1366/1505 3436/1454/1505 3420/1455/1505
f 3536/1456/1506 3537/1457/1506 3538/1458/1506
f 3334/1358/1507 3436/1454/1507 3333/1452/1507
f 3036/1459/1508 3033/1429/1508 3019/1427/1508
f 3008/1430/1509 3012/1403/1509 3013/1397/1509
f 1851/1460/1510 1870/1461/1510 1857/1462/1510
f 3012/1403/1511 3006/1463/1511 3009/1402/1511
f 1872/1464/1512 1848/1465/1512 1849/1466/1512
f 257/1376/1513 248/1377/1513 256/1467/1513
f 248/1377/1514 246/1435/1514 256/1467/1514
f 246/1435/1515 247/1436/1515 245/1468/1515
f 1365/1350/1516 1367/1440/1516 1368/1351/1516
f 2852/1415/1517 2854/1469/1517 2851/1354/1517
f 247/1436/1518 250/1438/1518 245/1468/1518
f 3024/1470/1519 3022/1383/1519 3023/1382/1519
f 3318/1420/1520 3320/1471/1520 3319/1417/1520
f 2692/1426/1521 2689/1450/1521 2691/1451/1521
f 3022/1383/1522 3027/1453/1522 3020/1357/1522
f 3027/1453/1523 3036/1459/1523 3019/1427/1523
f 3402/1393/1524 3436/1454/1524 3401/1366/1524
f 2653/1394/1525 2657/1472/1525 2660/1428/1525
f 3008/1430/1526 3005/1473/1526 3006/1463/1526
f 3407/1401/1527 3488/1474/1527 3406/1432/1527
f 3406/1432/1528 3488/1474/1528 3426/1475/1528
f 3406/1432/1529 3426/1475/1529 3402/1393/1529
f 2655/1398/1530 2656/1476/1530 2653/1394/1530
f 3008/1430/1531 3006/1463/1531 3012/1403/1531
f 1851/1460/1532 1858/1477/1532 1870/1461/1532
f 3006/1463/1533 3007/1404/1533 3009/1402/1533
f 3007/1404/1534 3048/1478/1534 3047/1479/1534
f 1206/1480/1535 1202/1481/1535 1208/1482/1535
f 1406/1373/1536 1419/1483/1536 1389/1434/1536
f 246/1435/1537 245/1468/1537 243/1484/1537
f 1365/1350/1538 1366/1414/1538 1367/1440/1538
f 2854/1469/1539 2860/1416/1539 2851/1354/1539
f 3024/1470/1540 3025/1485/1540 3022/1383/1540
f 3326/1486/1541 3320/1471/1541 3318/1420/1541
f 1371/1419/1542 1381/1487/1542 1375/1384/1542
f 3323/1422/1543 3326/1486/1543 3318/1420/1543
f 1375/1384/1544 1381/1487/1544 1387/1488/1544
f 2677/1445/1545 2687/1489/1545 2689/1450/1545
f 3025/1485/1546 3026/1490/1546 3022/1383/1546
f 2673/1444/1547 2674/1491/1547 2687/1489/1547
f 2673/1444/1548 2687/1489/1548 2677/1445/1548
f 3026/1490/1549 3027/1453/1549 3022/1383/1549
f 3329/1423/1550 3331/1492/1550 3327/1424/1550
f 1387/1488/1551 1391/1493/1551 1383/1361/1551
f 2665/1391/1552 2660/1428/1552 2661/1494/1552
f 3402/1393/1553 3427/1495/1553 3436/1454/1553
f 2656/1476/1554 2657/1472/1554 2653/1394/1554
f 3005/1473/1555 3004/1496/1555 3006/1463/1555
f 3410/1497/1556 3411/1498/1556 3407/1401/1556
f 3411/1498/1557 3488/1474/1557 3407/1401/1557
f 915/1409/1558 917/1410/1558 916/1499/1558
f 906/1500/1559 905/1501/1559 893/1502/1559
f 1389/1434/1560 1419/1483/1560 1401/1503/1560
f 1401/1503/1561 1390/1504/1561 1366/1414/1561
f 1389/1434/1562 1401/1503/1562 1366/1414/1562
f 1366/1414/1563 1390/1504/1563 1382/1505/1563
f 1366/1414/1564 1382/1505/1564 1367/1440/1564
f 2852/1415/1565 2855/1506/1565 2854/1469/1565
f 245/1468/1566 250/1438/1566 249/1507/1566
f 245/1468/1567 249/1507/1567 244/1508/1567
f 260/1381/1568 274/1509/1568 250/1438/1568
f 1370/1441/1569 1379/1510/1569 1371/1419/1569
f 260/1381/1570 279/1511/1570 274/1509/1570
f 1371/1419/1571 1379/1510/1571 1381/1487/1571
f 3319/1417/1572 3320/1471/1572 3322/1512/1572
f 2866/1442/1573 2868/1513/1573 2890/1514/1573
f 2687/1489/1574 2688/1515/1574 2689/1450/1574
f 2688/1515/1575 2690/1516/1575 2689/1450/1575
f 2689/1450/1576 2690/1516/1576 2691/1451/1576
f 3026/1490/1577 2999/1517/1577 3001/1518/1577
f 3333/1452/1578 3331/1492/1578 3329/1423/1578
f 1397/1395/1579 1391/1493/1579 1417/1431/1579
f 3001/1518/1580 3004/1496/1580 3005/1473/1580
f 3488/1474/1581 3428/1519/1581 3426/1475/1581
f 3410/1497/1582 3412/1520/1582 3411/1498/1582
f 3426/1475/1583 3428/1519/1583 3427/1495/1583
f 3413/1521/1584 3412/1520/1584 3410/1497/1584
f 3006/1463/1585 3003/1522/1585 3007/1404/1585
f 1206/1480/1586 1195/1523/1586 1202/1481/1586
f 245/1468/1587 244/1508/1587 243/1484/1587
f 1382/1505/1588 1373/1524/1588 1367/1440/1588
f 2854/1469/1589 2864/1525/1589 2860/1416/1589
f 1367/1440/1590 1373/1524/1590 1370/1441/1590
f 1373/1524/1591 1380/1526/1591 1370/1441/1591
f 2860/1416/1592 2864/1525/1592 2866/1442/1592
f 2866/1442/1593 2864/1525/1593 2868/1513/1593
f 1370/1441/1594 1380/1526/1594 1379/1510/1594
f 3320/1471/1595 3489/1527/1595 3322/1512/1595
f 3326/1486/1596 3489/1527/1596 3320/1471/1596
f 2674/1491/1597 2668/1528/1597 2687/1489/1597
f 2687/1489/1598 2668/1528/1598 2688/1515/1598
f 3327/1424/1599 3443/1529/1599 3323/1422/1599
f 1387/1488/1600 1399/1530/1600 1391/1493/1600
f 2657/1472/1601 2662/1531/1601 2661/1494/1601
f 2660/1428/1602 2657/1472/1602 2661/1494/1602
f 3340/1532/1603 3339/1533/1603 3337/1534/1603
f 3436/1454/1604 3340/1532/1604 3337/1534/1604
f 3521/1535/1605 3519/1536/1605 3518/1537/1605
f 3521/1535/1606 3518/1537/1606 3522/1538/1606
f 1391/1493/1607 1418/1539/1607 1417/1431/1607
f 2655/1398/1608 2678/1540/1608 2656/1476/1608
f 3414/1541/1609 3412/1520/1609 3413/1521/1609
f 3006/1463/1610 3004/1496/1610 3003/1522/1610
f 3007/1404/1611 3003/1522/1611 3048/1478/1611
f 256/1467/1612 246/1435/1612 255/1542/1612
f 246/1435/1613 243/1484/1613 255/1542/1613
f 2855/1506/1614 2863/1543/1614 2858/1544/1614
f 250/1438/1615 273/1545/1615 249/1507/1615
f 3534/1546/1616 3533/1547/1616 3535/1548/1616
f 3567/1549/1617 3566/1550/1617 3564/1551/1617
f 3323/1422/1618 3443/1529/1618 3326/1486/1618
f 2890/1514/1619 2886/1552/1619 2891/1553/1619
f 1387/1488/1620 1381/1487/1620 1399/1530/1620
f 2674/1491/1621 2662/1531/1621 2668/1528/1621
f 3327/1424/1622 3331/1492/1622 3443/1529/1622
f 3337/1534/1623 3339/1533/1623 3338/1554/1623
f 3337/1534/1624 3335/1555/1624 3333/1452/1624
f 2999/1517/1625 2995/1556/1625 3001/1518/1625
f 1391/1493/1626 1399/1530/1626 1418/1539/1626
f 3001/1518/1627 3000/1557/1627 3004/1496/1627
f 3428/1519/1628 3430/1558/1628 3429/1559/1628
f 3000/1557/1629 3003/1522/1629 3004/1496/1629
f 753/1560/1630 756/1561/1630 757/1562/1630
f 2457/1563/1631 2437/1564/1631 2445/1565/1631
f 2437/1564/1632 2439/1566/1632 2445/1565/1632
f 243/1484/1633 244/1508/1633 240/1567/1633
f 3557/1568/1634 3552/1569/1634 3554/1570/1634
f 2854/1469/1635 2865/1571/1635 2864/1525/1635
f 244/1508/1636 239/1572/1636 240/1567/1636
f 244/1508/1637 249/1507/1637 239/1572/1637
f 2868/1513/1638 2886/1552/1638 2890/1514/1638
f 3532/1573/1639 3533/1547/1639 3534/1546/1639
f 2668/1528/1640 2666/1574/1640 2688/1515/1640
f 3531/1575/1641 3530/1576/1641 3527/1577/1641
f 611/1578/1642 608/1579/1642 612/1580/1642
f 3338/1554/1643 3335/1555/1643 3337/1534/1643
f 3333/1452/1644 3335/1555/1644 3331/1492/1644
f 2662/1531/1645 2657/1472/1645 2663/1581/1645
f 2667/1582/1646 2663/1581/1646 2657/1472/1646
f 3340/1532/1647 3341/1583/1647 3339/1533/1647
f 1168/1584/1648 1152/1585/1648 1151/1586/1648
f 3001/1518/1649 2995/1556/1649 3000/1557/1649
f 3523/1587/1650 3524/1588/1650 3525/1589/1650
f 3488/1474/1651 3432/1590/1651 3428/1519/1651
f 3415/1591/1652 3412/1520/1652 3414/1541/1652
f 1869/1592/1653 1862/1593/1653 1860/1594/1653
f 753/1560/1654 755/1595/1654 756/1561/1654
f 1885/1596/1655 1887/1597/1655 1886/1598/1655
f 2858/1544/1656 2859/1599/1656 2854/1469/1656
f 1382/1505/1657 1405/1600/1657 1373/1524/1657
f 3556/1601/1658 3553/1602/1658 3552/1569/1658
f 3552/1569/1659 3553/1602/1659 3554/1570/1659
f 1379/1510/1660 1380/1526/1660 1400/1603/1660
f 3472/1604/1661 3471/1605/1661 3455/1606/1661
f 1379/1510/1662 1400/1603/1662 1381/1487/1662
f 1381/1487/1663 1400/1603/1663 1402/1607/1663
f 3530/1576/1664 3528/1608/1664 3527/1577/1664
f 2662/1531/1665 2663/1581/1665 2666/1574/1665
f 3339/1533/1666 3345/1609/1666 3338/1554/1666
f 1165/1610/1667 1152/1585/1667 1168/1584/1667
f 3432/1590/1668 3431/1611/1668 3428/1519/1668
f 3428/1519/1669 3431/1611/1669 3430/1558/1669
f 3000/1557/1670 3002/1612/1670 3003/1522/1670
f 3002/1612/1671 3035/1613/1671 3003/1522/1671
f 1550/1614/1672 1567/1615/1672 1566/1616/1672
f 1566/1616/1673 1573/1617/1673 1571/1618/1673
f 255/1542/1674 243/1484/1674 254/1619/1674
f 2442/1620/1675 2444/1621/1675 2439/1566/1675
f 1888/1622/1676 1887/1597/1676 1885/1596/1676
f 1191/1623/1677 1189/1624/1677 1197/1625/1677
f 243/1484/1678 240/1567/1678 242/1626/1678
f 3553/1602/1679 3555/1627/1679 3554/1570/1679
f 1197/1625/1680 1188/1628/1680 1204/1629/1680
f 3556/1601/1681 3560/1630/1681 3553/1602/1681
f 1204/1629/1682 1188/1628/1682 1175/1631/1682
f 1373/1524/1683 1403/1632/1683 1380/1526/1683
f 249/1507/1684 269/1633/1684 239/1572/1684
f 1380/1526/1685 1403/1632/1685 1400/1603/1685
f 249/1507/1686 273/1545/1686 269/1633/1686
f 3471/1605/1687 3452/1634/1687 3455/1606/1687
f 3527/1577/1688 3528/1608/1688 3529/1635/1688
f 3489/1527/1689 3449/1636/1689 3471/1605/1689
f 3345/1609/1690 3437/1637/1690 3338/1554/1690
f 3331/1492/1691 3336/1638/1691 3443/1529/1691
f 3339/1533/1692 3343/1639/1692 3345/1609/1692
f 3341/1583/1693 3342/1640/1693 3339/1533/1693
f 3524/1588/1694 3526/1641/1694 3525/1589/1694
f 604/1642/1695 607/1643/1695 609/1644/1695
f 606/1645/1696 603/1646/1696 610/1647/1696
f 3415/1591/1697 3416/1648/1697 3412/1520/1697
f 3412/1520/1698 3416/1648/1698 3417/1649/1698
f 753/1560/1699 754/1650/1699 755/1595/1699
f 243/1484/1700 242/1626/1700 254/1619/1700
f 239/1572/1701 238/1651/1701 240/1567/1701
f 1189/1624/1702 1188/1628/1702 1197/1625/1702
f 3561/1652/1703 3560/1630/1703 3556/1601/1703
f 2864/1525/1704 2865/1571/1704 2868/1513/1704
f 2948/1653/1705 2949/1654/1705 2950/1655/1705
f 2868/1513/1706 2869/1656/1706 2886/1552/1706
f 1172/1657/1707 1155/1658/1707 1194/1659/1707
f 1155/1658/1708 1153/1660/1708 1161/1661/1708
f 3443/1529/1709 3348/1662/1709 3352/1663/1709
f 3353/1664/1710 3449/1636/1710 3489/1527/1710
f 3335/1555/1711 3346/1665/1711 3336/1638/1711
f 3335/1555/1712 3336/1638/1712 3331/1492/1712
f 2998/1666/1713 2995/1556/1713 2999/1517/1713
f 3417/1649/1714 3416/1648/1714 3440/1667/1714
f 3000/1557/1715 2997/1668/1715 3002/1612/1715
f 3002/1612/1716 3049/1669/1716 3035/1613/1716
f 914/1670/1717 922/1671/1717 923/1672/1717
f 254/1619/1718 242/1626/1718 252/1673/1718
f 242/1626/1719 240/1567/1719 241/1674/1719
f 240/1567/1720 238/1651/1720 241/1674/1720
f 1149/1675/1721 1158/1676/1721 1167/1677/1721
f 238/1651/1722 239/1572/1722 235/1678/1722
f 611/1578/1723 601/1679/1723 608/1579/1723
f 3352/1663/1724 3351/1680/1724 3353/1664/1724
f 3342/1640/1725 3344/1681/1725 3343/1639/1725
f 604/1642/1726 566/1682/1726 607/1643/1726
f 2995/1556/1727 2997/1668/1727 3000/1557/1727
f 602/1683/1728 603/1646/1728 606/1645/1728
f 3002/1612/1729 2997/1668/1729 3049/1669/1729
f 599/1684/1730 520/1685/1730 595/1686/1730
f 242/1626/1731 241/1674/1731 252/1673/1731
f 230/1687/1732 231/1688/1732 228/1689/1732
f 241/1674/1733 231/1688/1733 230/1687/1733
f 2993/1690/1734 2992/1691/1734 2991/1692/1734
f 2993/1690/1735 2991/1692/1735 2994/1693/1735
f 241/1674/1736 238/1651/1736 231/1688/1736
f 231/1688/1737 234/1694/1737 228/1689/1737
f 2888/1695/1738 2865/1571/1738 2859/1599/1738
f 238/1651/1739 235/1678/1739 231/1688/1739
f 231/1688/1740 235/1678/1740 234/1694/1740
f 239/1572/1741 270/1696/1741 235/1678/1741
f 2865/1571/1742 2869/1656/1742 2868/1513/1742
f 239/1572/1743 269/1633/1743 270/1696/1743
f 601/1679/1744 585/1697/1744 608/1579/1744
f 3455/1606/1745 3456/1698/1745 3457/1699/1745
f 3443/1529/1746 3336/1638/1746 3348/1662/1746
f 3348/1662/1747 3351/1680/1747 3352/1663/1747
f 3449/1636/1748 3452/1634/1748 3471/1605/1748
f 2998/1666/1749 2996/1700/1749 2995/1556/1749
f 604/1642/1750 565/1701/1750 566/1682/1750
f 2995/1556/1751 2996/1700/1751 2997/1668/1751
f 558/1702/1752 560/1703/1752 602/1683/1752
f 602/1683/1753 560/1703/1753 603/1646/1753
f 603/1646/1754 560/1703/1754 590/1704/1754
f 253/1705/1755 252/1673/1755 241/1674/1755
f 253/1705/1756 241/1674/1756 230/1687/1756
f 229/1706/1757 228/1689/1757 225/1707/1757
f 1181/1708/1758 1173/1709/1758 1177/1710/1758
f 228/1689/1759 232/1711/1759 226/1712/1759
f 234/1694/1760 233/1713/1760 228/1689/1760
f 228/1689/1761 233/1713/1761 232/1711/1761
f 1177/1710/1762 1164/1714/1762 1174/1715/1762
f 1149/1675/1763 1148/1716/1763 1156/1717/1763
f 234/1694/1764 236/1718/1764 233/1713/1764
f 234/1694/1765 235/1678/1765 236/1718/1765
f 235/1678/1766 272/1719/1766 236/1718/1766
f 2865/1571/1767 2870/1720/1767 2869/1656/1767
f 270/1696/1768 272/1719/1768 235/1678/1768
f 3457/1699/1769 3456/1698/1769 3460/1721/1769
f 527/1722/1770 529/1723/1770 552/1724/1770
f 552/1724/1771 529/1723/1771 555/1725/1771
f 561/1726/1772 528/1727/1772 554/1728/1772
f 3452/1634/1773 3454/1729/1773 3455/1606/1773
f 3454/1729/1774 3456/1698/1774 3455/1606/1774
f 3421/1730/1775 3355/1731/1775 3338/1554/1775
f 3355/1731/1776 3346/1665/1776 3338/1554/1776
f 3351/1680/1777 3354/1732/1777 3353/1664/1777
f 608/1579/1778 574/1733/1778 582/1734/1778
f 560/1703/1779 550/1735/1779 590/1704/1779
f 261/1736/1780 253/1705/1780 230/1687/1780
f 264/1737/1781 229/1706/1781 237/1738/1781
f 229/1706/1782 225/1707/1782 237/1738/1782
f 599/1684/1783 570/1739/1783 520/1685/1783
f 2992/1691/1784 2990/1740/1784 2991/1692/1784
f 233/1713/1785 259/1741/1785 232/1711/1785
f 2888/1695/1786 2870/1720/1786 2865/1571/1786
f 233/1713/1787 236/1718/1787 259/1741/1787
f 236/1718/1788 272/1719/1788 259/1741/1788
f 1160/1742/1789 1150/1743/1789 1154/1744/1789
f 2870/1720/1790 2871/1745/1790 2869/1656/1790
f 585/1697/1791 574/1733/1791 608/1579/1791
f 3353/1664/1792 3354/1732/1792 3434/1746/1792
f 3434/1746/1793 3449/1636/1793 3353/1664/1793
f 543/1747/1794 539/1748/1794 545/1749/1794
f 565/1701/1795 547/1750/1795 548/1751/1795
f 582/1734/1796 574/1733/1796 573/1752/1796
f 209/1753/1797 192/1754/1797 213/1755/1797
f 237/1738/1798 225/1707/1798 227/1756/1798
f 223/1757/1799 196/1758/1799 209/1753/1799
f 209/1753/1800 227/1756/1800 223/1757/1800
f 209/1753/1801 196/1758/1801 192/1754/1801
f 196/1758/1802 193/1759/1802 192/1754/1802
f 227/1756/1803 225/1707/1803 223/1757/1803
f 225/1707/1804 224/1760/1804 223/1757/1804
f 223/1757/1805 224/1760/1805 196/1758/1805
f 225/1707/1806 226/1712/1806 224/1760/1806
f 196/1758/1807 224/1760/1807 201/1761/1807
f 196/1758/1808 201/1761/1808 193/1759/1808
f 201/1761/1809 224/1760/1809 207/1762/1809
f 601/1679/1810 586/1763/1810 585/1697/1810
f 3454/1729/1811 3458/1764/1811 3456/1698/1811
f 532/1765/1812 548/1751/1812 547/1750/1812
f 3346/1665/1813 3347/1766/1813 3336/1638/1813
f 3336/1638/1814 3347/1766/1814 3348/1662/1814
f 3449/1636/1815 3451/1767/1815 3452/1634/1815
f 217/1768/1816 263/1769/1816 209/1753/1816
f 209/1753/1817 263/1769/1817 227/1756/1817
f 237/1738/1818 227/1756/1818 263/1769/1818
f 1563/1770/1819 1527/1771/1819 1569/1772/1819
f 752/1773/1820 751/1774/1820 753/1560/1820
f 193/1759/1821 201/1761/1821 202/1775/1821
f 201/1761/1822 207/1762/1822 206/1776/1822
f 201/1761/1823 206/1776/1823 202/1775/1823
f 258/1777/1824 207/1762/1824 224/1760/1824
f 258/1777/1825 277/1778/1825 207/1762/1825
f 224/1760/1826 232/1711/1826 258/1777/1826
f 275/1779/1827 277/1778/1827 232/1711/1827
f 2870/1720/1828 2888/1695/1828 2874/1780/1828
f 259/1741/1829 275/1779/1829 232/1711/1829
f 2870/1720/1830 2874/1780/1830 2871/1745/1830
f 259/1741/1831 311/1781/1831 275/1779/1831
f 529/1723/1832 503/1782/1832 553/1783/1832
f 3460/1721/1833 3474/1784/1833 3475/1785/1833
f 3456/1698/1834 3459/1786/1834 3460/1721/1834
f 555/1725/1835 553/1783/1835 596/1787/1835
f 3458/1764/1836 3459/1786/1836 3456/1698/1836
f 3347/1766/1837 3349/1788/1837 3348/1662/1837
f 3346/1665/1838 3355/1731/1838 3347/1766/1838
f 3434/1746/1839 3450/1789/1839 3449/1636/1839
f 3450/1789/1840 3451/1767/1840 3449/1636/1840
f 3452/1634/1841 3453/1790/1841 3454/1729/1841
f 217/1768/1842 213/1755/1842 218/1791/1842
f 319/1792/1843 263/1769/1843 217/1768/1843
f 2991/1692/1844 2990/1740/1844 2989/1793/1844
f 277/1778/1845 305/1794/1845 207/1762/1845
f 207/1762/1846 305/1794/1846 206/1776/1846
f 2888/1695/1847 2887/1795/1847 2874/1780/1847
f 509/1796/1848 503/1782/1848 523/1797/1848
f 2874/1780/1849 2875/1798/1849 2871/1745/1849
f 2871/1745/1850 2873/1799/1850 2872/1800/1850
f 553/1783/1851 591/1801/1851 596/1787/1851
f 3349/1788/1852 3350/1802/1852 3348/1662/1852
f 3348/1662/1853 3350/1802/1853 3351/1680/1853
f 3351/1680/1854 3350/1802/1854 3354/1732/1854
f 222/1803/1855 217/1768/1855 218/1791/1855
f 222/1803/1856 319/1792/1856 217/1768/1856
f 218/1791/1857 213/1755/1857 211/1804/1857
f 1509/1805/1858 1507/1806/1858 1562/1807/1858
f 213/1755/1859 192/1754/1859 211/1804/1859
f 192/1754/1860 195/1808/1860 211/1804/1860
f 192/1754/1861 193/1759/1861 194/1809/1861
f 192/1754/1862 194/1809/1862 195/1808/1862
f 193/1759/1863 202/1775/1863 194/1809/1863
f 206/1776/1864 208/1810/1864 202/1775/1864
f 2318/9/1865 2317/8/1865 2321/1811/1865
f 305/1794/1866 309/1812/1866 206/1776/1866
f 3476/1813/1867 3477/1814/1867 3474/1784/1867
f 3458/1764/1868 3462/1815/1868 3459/1786/1868
f 3453/1790/1869 3462/1815/1869 3454/1729/1869
f 3454/1729/1870 3462/1815/1870 3458/1764/1870
f 3452/1634/1871 3451/1767/1871 3453/1790/1871
f 222/1803/1872 218/1791/1872 221/1816/1872
f 221/1816/1873 218/1791/1873 219/1817/1873
f 1516/1818/1874 1505/1819/1874 1509/1805/1874
f 218/1791/1875 211/1804/1875 219/1817/1875
f 211/1804/1876 195/1808/1876 212/1820/1876
f 1528/1821/1877 1533/1822/1877 1527/1771/1877
f 507/1823/1878 506/1824/1878 498/1825/1878
f 2887/1795/1879 2876/1826/1879 2874/1780/1879
f 2892/1827/1880 2893/1828/1880 2894/1829/1880
f 2612/1830/1881 2611/1831/1881 2613/1832/1881
f 2613/1832/1882 2611/1831/1882 2614/1833/1882
f 3474/1784/1883 3464/1834/1883 3476/1813/1883
f 3462/1815/1884 3463/1835/1884 3459/1786/1884
f 3463/1835/1885 3464/1834/1885 3459/1786/1885
f 3459/1786/1886 3464/1834/1886 3474/1784/1886
f 3350/1802/1887 3424/1836/1887 3354/1732/1887
f 3434/1746/1888 3492/1837/1888 3450/1789/1888
f 1516/1818/1889 1515/1838/1889 1505/1819/1889
f 219/1817/1890 211/1804/1890 220/1839/1890
f 1508/1840/1891 1562/1807/1891 1507/1806/1891
f 211/1804/1892 212/1820/1892 220/1839/1892
f 195/1808/1893 194/1809/1893 197/1841/1893
f 195/1808/1894 197/1841/1894 198/1842/1894
f 194/1809/1895 203/1843/1895 197/1841/1895
f 202/1775/1896 203/1843/1896 194/1809/1896
f 202/1775/1897 208/1810/1897 203/1843/1897
f 2990/1740/1898 2985/1844/1898 2989/1793/1898
f 206/1776/1899 310/1845/1899 208/1810/1899
f 2605/1846/1900 2616/1847/1900 2617/1848/1900
f 2618/1849/1901 2605/1846/1901 2617/1848/1901
f 309/1812/1902 310/1845/1902 206/1776/1902
f 2893/1828/1903 2895/1850/1903 2894/1829/1903
f 2895/1850/1904 2897/1851/1904 2894/1829/1904
f 3476/1813/1905 3478/1852/1905 3477/1814/1905
f 511/1853/1906 567/1854/1906 588/1855/1906
f 3424/1836/1907 3492/1837/1907 3434/1746/1907
f 3450/1789/1908 3492/1837/1908 3451/1767/1908
f 1452/1856/1909 1463/1857/1909 1450/1858/1909
f 220/1839/1910 212/1820/1910 216/1859/1910
f 212/1820/1911 198/1842/1911 216/1859/1911
f 216/1859/1912 198/1842/1912 215/1860/1912
f 513/1861/1913 495/1862/1913 508/1863/1913
f 2985/1844/1914 2984/1864/1914 2989/1793/1914
f 2887/1795/1915 2889/1865/1915 2876/1826/1915
f 2876/1826/1916 2877/1866/1916 2875/1798/1916
f 2895/1850/1917 2898/1867/1917 2897/1851/1917
f 2898/1867/1918 2899/1868/1918 2897/1851/1918
f 3476/1813/1919 3480/1869/1919 3478/1852/1919
f 3464/1834/1920 3500/1870/1920 3476/1813/1920
f 3463/1835/1921 3465/1871/1921 3464/1834/1921
f 1455/1872/1922 1456/1873/1922 1515/1838/1922
f 1515/1838/1923 1456/1873/1923 1505/1819/1923
f 216/1859/1924 215/1860/1924 306/1874/1924
f 215/1860/1925 198/1842/1925 214/1875/1925
f 214/1875/1926 198/1842/1926 200/1876/1926
f 288/1877/1927 281/1878/1927 283/1879/1927
f 1528/1821/1928 1532/1880/1928 1533/1822/1928
f 198/1842/1929 197/1841/1929 199/1881/1929
f 198/1842/1930 199/1881/1930 200/1876/1930
f 281/1878/1931 200/1876/1931 199/1881/1931
f 281/1878/1932 282/1882/1932 283/1879/1932
f 281/1878/1933 199/1881/1933 282/1882/1933
f 203/1843/1934 208/1810/1934 210/1883/1934
f 310/1845/1935 316/1884/1935 208/1810/1935
f 2605/1846/1936 2604/1885/1936 2616/1847/1936
f 2893/1828/1937 2896/1886/1937 2895/1850/1937
f 3500/1870/1938 3481/1887/1938 3476/1813/1938
f 567/1854/1939 501/1888/1939 568/1889/1939
f 3469/1890/1940 3500/1870/1940 3464/1834/1940
f 568/1889/1941 501/1888/1941 562/1891/1941
f 1456/1873/1942 1506/1892/1942 1505/1819/1942
f 1507/1806/1943 1504/1893/1943 1508/1840/1943
f 303/1894/1944 214/1875/1944 288/1877/1944
f 1508/1840/1945 1504/1893/1945 1513/1895/1945
f 306/1874/1946 215/1860/1946 214/1875/1946
f 214/1875/1947 281/1878/1947 288/1877/1947
f 214/1875/1948 200/1876/1948 281/1878/1948
f 288/1877/1949 283/1879/1949 289/1896/1949
f 289/1896/1950 283/1879/1950 285/1897/1950
f 285/1897/1951 283/1879/1951 284/1898/1951
f 283/1879/1952 282/1882/1952 284/1898/1952
f 197/1841/1953 204/1899/1953 199/1881/1953
f 199/1881/1954 204/1899/1954 282/1882/1954
f 203/1843/1955 205/1900/1955 197/1841/1955
f 197/1841/1956 205/1900/1956 204/1899/1956
f 749/1901/1957 748/1902/1957 750/1903/1957
f 2605/1846/1958 2586/1904/1958 2604/1885/1958
f 2612/1830/1959 2593/1905/1959 2611/1831/1959
f 3481/1887/1960 3480/1869/1960 3476/1813/1960
f 3463/1835/1961 3470/1906/1961 3468/1907/1961
f 501/1888/1962 505/1908/1962 562/1891/1962
f 1456/1873/1963 1459/1909/1963 1506/1892/1963
f 1471/1910/1964 1461/1911/1964 1462/1912/1964
f 2101/1913/1965 2104/1914/1965 2111/1915/1965
f 2104/1914/1966 2101/1913/1966 2091/1916/1966
f 290/1917/1967 287/1918/1967 292/1919/1967
f 2084/1920/1968 2086/1921/1968 2101/1913/1968
f 2101/1913/1969 2086/1921/1969 2091/1916/1969
f 289/1896/1970 285/1897/1970 290/1917/1970
f 290/1917/1971 285/1897/1971 287/1918/1971
f 1520/1922/1972 1524/1923/1972 1522/1924/1972
f 2084/1920/1973 2081/1925/1973 2086/1921/1973
f 2081/1925/1974 2087/1926/1974 2086/1921/1974
f 2087/1926/1975 2091/1916/1975 2086/1921/1975
f 285/1897/1976 284/1898/1976 286/1927/1976
f 285/1897/1977 286/1927/1977 287/1918/1977
f 2087/1926/1978 2089/1928/1978 2091/1916/1978
f 284/1898/1979 291/1929/1979 286/1927/1979
f 284/1898/1980 282/1882/1980 291/1929/1980
f 282/1882/1981 297/1930/1981 291/1929/1981
f 203/1843/1982 210/1883/1982 205/1900/1982
f 205/1900/1983 300/1931/1983 204/1899/1983
f 204/1899/1984 298/1932/1984 282/1882/1984
f 204/1899/1985 300/1931/1985 298/1932/1985
f 208/1810/1986 317/1933/1986 210/1883/1986
f 208/1810/1987 316/1884/1987 317/1933/1987
f 2889/1865/1988 2879/1934/1988 2876/1826/1988
f 1092/1935/1989 1099/1936/1989 1090/1937/1989
f 2876/1826/1990 2878/1938/1990 2877/1866/1990
f 3480/1869/1991 3481/1887/1991 3482/1939/1991
f 2712/1940/1992 2711/1941/1992 2714/1942/1992
f 2895/1850/1993 2908/1943/1993 2901/1944/1993
f 2895/1850/1994 2901/1944/1994 2898/1867/1994
f 3500/1870/1995 3493/1945/1995 3481/1887/1995
f 500/1946/1996 487/1947/1996 557/1948/1996
f 3463/1835/1997 3466/1949/1997 3465/1871/1997
f 1459/1909/1998 1510/1950/1998 1506/1892/1998
f 1443/1951/1999 1462/1912/1999 1461/1911/1999
f 2112/1952/2000 2101/1913/2000 2111/1915/2000
f 2103/1953/2001 2101/1913/2001 2112/1952/2001
f 2103/1953/2002 2085/1954/2002 2084/1920/2002
f 2103/1953/2003 2084/1920/2003 2101/1913/2003
f 2103/1953/2004 2092/1955/2004 2085/1954/2004
f 2085/1954/2005 2082/1956/2005 2084/1920/2005
f 2092/1955/2006 2090/1957/2006 2085/1954/2006
f 2090/1957/2007 2082/1956/2007 2085/1954/2007
f 2084/1920/2008 2082/1956/2008 2081/1925/2008
f 2081/1925/2009 2088/1958/2009 2087/1926/2009
f 295/1959/2010 286/1927/2010 294/1960/2010
f 482/1961/2011 479/1962/2011 489/1963/2011
f 490/1964/2012 482/1961/2012 489/1963/2012
f 286/1927/2013 293/1965/2013 294/1960/2013
f 2087/1926/2014 2088/1958/2014 2089/1928/2014
f 286/1927/2015 291/1929/2015 293/1965/2015
f 2985/1844/2016 2981/1966/2016 2984/1864/2016
f 205/1900/2017 210/1883/2017 300/1931/2017
f 300/1931/2018 318/1967/2018 298/1932/2018
f 210/1883/2019 317/1933/2019 300/1931/2019
f 298/1932/2020 318/1967/2020 297/1930/2020
f 2879/1934/2021 2878/1938/2021 2876/1826/2021
f 2898/1867/2022 2902/1968/2022 2900/1969/2022
f 2611/1831/2023 2593/1905/2023 2586/1904/2023
f 2586/1904/2024 2585/1970/2024 2604/1885/2024
f 3469/1890/2025 3493/1945/2025 3500/1870/2025
f 1465/1971/2026 1461/1911/2026 1471/1910/2026
f 1492/1972/2027 1501/1973/2027 1491/1974/2027
f 1510/1950/2028 1512/1975/2028 1511/1976/2028
f 1492/1972/2029 1500/1977/2029 1501/1973/2029
f 1484/1978/2030 1483/1979/2030 1500/1977/2030
f 1504/1893/2031 1511/1976/2031 1513/1895/2031
f 1513/1895/2032 1511/1976/2032 1517/1980/2032
f 1478/1981/2033 1483/1979/2033 1484/1978/2033
f 483/1982/2034 470/1983/2034 480/1984/2034
f 2095/1985/2035 2083/1986/2035 2090/1957/2035
f 2090/1957/2036 2083/1986/2036 2082/1956/2036
f 2082/1956/2037 2083/1986/2037 2079/1987/2037
f 2082/1956/2038 2079/1987/2038 2081/1925/2038
f 2080/1988/2039 2088/1958/2039 2081/1925/2039
f 2081/1925/2040 2079/1987/2040 2080/1988/2040
f 1724/1989/2041 1723/1990/2041 1725/1991/2041
f 1725/1991/2042 1723/1990/2042 1726/1992/2042
f 479/1962/2043 481/1993/2043 489/1963/2043
f 2080/1988/2044 2077/1994/2044 2088/1958/2044
f 291/1929/2045 301/1995/2045 293/1965/2045
f 2903/1996/2046 2905/1997/2046 2906/1998/2046
f 2906/1998/2047 2905/1997/2047 2910/1999/2047
f 3481/1887/2048 3485/2000/2048 3484/2001/2048
f 3481/1887/2049 3484/2001/2049 3482/1939/2049
f 2710/2002/2050 2711/1941/2050 2712/1940/2050
f 2898/1867/2051 2907/2003/2051 2902/1968/2051
f 2593/1905/2052 2592/2004/2052 2586/1904/2052
f 2901/1944/2053 2907/2003/2053 2898/1867/2053
f 1465/1971/2054 1445/2005/2054 1461/1911/2054
f 1486/2006/2055 1500/1977/2055 1492/1972/2055
f 459/2007/2056 458/2008/2056 480/1984/2056
f 2095/1985/2057 2096/2009/2057 2083/1986/2057
f 2095/1985/2058 2097/2010/2058 2096/2009/2058
f 2079/1987/2059 2077/1994/2059 2080/1988/2059
f 2108/2011/2060 2097/2010/2060 2109/2012/2060
f 2079/1987/2061 2078/2013/2061 2077/1994/2061
f 2981/1966/2062 2983/2014/2062 2984/1864/2062
f 2905/1997/2063 2911/2015/2063 2910/1999/2063
f 2117/2016/2064 2110/2017/2064 2116/2018/2064
f 2108/2011/2065 2107/2019/2065 2097/2010/2065
f 2902/1968/2066 2904/2020/2066 2903/1996/2066
f 2900/1969/2067 2902/1968/2067 2903/1996/2067
f 2911/2015/2068 2913/2021/2068 2910/1999/2068
f 2078/2013/2069 2074/2022/2069 2077/1994/2069
f 2077/1994/2070 2074/2022/2070 2076/2023/2070
f 2877/1866/2071 2878/1938/2071 2880/2024/2071
f 2710/2002/2072 2713/2025/2072 2711/1941/2072
f 2586/1904/2073 2592/2004/2073 2584/2026/2073
f 2074/2022/2074 2073/2027/2074 2076/2023/2074
f 1590/2028/2075 1585/2029/2075 1591/2030/2075
f 1487/2031/2076 1491/1974/2076 1490/2032/2076
f 1511/1976/2077 1512/1975/2077 1514/2033/2077
f 1511/1976/2078 1514/2033/2078 1517/1980/2078
f 1517/1980/2079 1514/2033/2079 1518/2034/2079
f 1724/1989/2080 1719/2035/2080 1723/1990/2080
f 2083/1986/2081 2094/2036/2081 2079/1987/2081
f 2096/2009/2082 2098/2037/2082 2083/1986/2082
f 2094/2036/2083 2093/2038/2083 2079/1987/2083
f 2110/2017/2084 2107/2019/2084 2108/2011/2084
f 2116/2018/2085 2110/2017/2085 2108/2011/2085
f 2107/2019/2086 2096/2009/2086 2097/2010/2086
f 2096/2009/2087 2106/2039/2087 2098/2037/2087
f 2716/2040/2088 2715/2041/2088 2710/2002/2088
f 2093/2038/2089 2078/2013/2089 2079/1987/2089
f 2710/2002/2090 2715/2041/2090 2713/2025/2090
f 2078/2013/2091 2093/2038/2091 2074/2022/2091
f 2584/2026/2092 2585/1970/2092 2586/1904/2092
f 2908/1943/2093 2920/2042/2093 2907/2003/2093
f 2908/1943/2094 2907/2003/2094 2901/1944/2094
f 2072/2043/2095 2073/2027/2095 2074/2022/2095
f 1590/2028/2096 1586/2044/2096 1585/2029/2096
f 1585/2029/2097 1589/2045/2097 1591/2030/2097
f 1589/2045/2098 1585/2029/2098 1579/2046/2098
f 2720/2047/2099 2719/2048/2099 2717/2049/2099
f 1719/2035/2100 1721/2050/2100 1723/1990/2100
f 2905/1997/2101 2909/2051/2101 2911/2015/2101
f 2098/2037/2102 2094/2036/2102 2083/1986/2102
f 2904/2020/2103 2909/2051/2103 2905/1997/2103
f 2107/2019/2104 2106/2039/2104 2096/2009/2104
f 3618/2052/2105 3604/2053/2105 3606/2054/2105
f 3604/2053/2106 3603/2055/2106 3606/2054/2106
f 2907/2003/2107 2921/2056/2107 2902/1968/2107
f 2102/2057/2108 2074/2022/2108 2093/2038/2108
f 2585/1970/2109 2588/2058/2109 2604/1885/2109
f 2604/1885/2110 2588/2058/2110 2609/2059/2110
f 2102/2057/2111 2072/2043/2111 2074/2022/2111
f 1691/2060/2112 1688/2061/2112 1695/2062/2112
f 2072/2043/2113 2070/2063/2113 2073/2027/2113
f 2072/2043/2114 2071/2064/2114 2070/2063/2114
f 1586/2044/2115 1581/2065/2115 1585/2029/2115
f 1542/2066/2116 1541/2067/2116 1454/2068/2116
f 1585/2029/2117 1581/2065/2117 1579/2046/2117
f 1579/2046/2118 1578/2069/2118 1587/2070/2118
f 3709/2071/2119 3706/2072/2119 3708/2073/2119
f 2719/2048/2120 2718/2074/2120 2717/2049/2120
f 2717/2049/2121 2718/2074/2121 2715/2041/2121
f 2717/2049/2122 2715/2041/2122 2716/2040/2122
f 2981/1966/2123 2982/2075/2123 2983/2014/2123
f 2902/1968/2124 2918/2076/2124 2904/2020/2124
f 2098/2037/2125 2106/2039/2125 2099/2077/2125
f 2098/2037/2126 2099/2077/2126 2094/2036/2126
f 2094/2036/2127 2100/2078/2127 2093/2038/2127
f 2100/2078/2128 2102/2057/2128 2093/2038/2128
f 1688/2061/2129 1693/2079/2129 1695/2062/2129
f 2072/2043/2130 2075/2080/2130 2071/2064/2130
f 1581/2065/2131 1576/2081/2131 1579/2046/2131
f 1460/2082/2132 1554/2083/2132 1436/2084/2132
f 1472/2085/2133 1469/2086/2133 1468/2087/2133
f 1579/2046/2134 1576/2081/2134 1578/2069/2134
f 2904/2020/2135 2918/2076/2135 2909/2051/2135
f 2909/2051/2136 2912/2088/2136 2911/2015/2136
f 2913/2021/2137 2912/2088/2137 2914/2089/2137
f 2913/2021/2138 2914/2089/2138 2915/2090/2138
f 2914/2089/2139 2917/2091/2139 2916/2092/2139
f 2915/2090/2140 2914/2089/2140 2916/2092/2140
f 2106/2039/2141 2115/2093/2141 2099/2077/2141
f 2115/2093/2142 2113/2094/2142 2099/2077/2142
f 2588/2058/2143 2610/2095/2143 2609/2059/2143
f 1696/2096/2144 1694/2097/2144 1691/2060/2144
f 2075/2080/2145 2069/2098/2145 2071/2064/2145
f 2071/2064/2146 2069/2098/2146 2070/2063/2146
f 2069/2098/2147 2068/2099/2147 2070/2063/2147
f 1586/2044/2148 1580/2100/2148 1581/2065/2148
f 1581/2065/2149 1580/2100/2149 1576/2081/2149
f 2978/2101/2150 2979/2102/2150 2980/2103/2150
f 3614/2104/2151 3613/2105/2151 3608/2106/2151
f 2524/2107/2152 2525/2108/2152 2526/2109/2152
f 3601/2110/2153 3634/2111/2153 3600/2112/2153
f 2113/2094/2154 2114/2113/2154 2100/2078/2154
f 2592/2004/2155 2577/2114/2155 2584/2026/2155
f 1690/2115/2156 1688/2061/2156 1691/2060/2156
f 1691/2060/2157 1694/2097/2157 1690/2115/2157
f 1690/2115/2158 1684/2116/2158 1688/2061/2158
f 1688/2061/2159 1684/2116/2159 1686/2117/2159
f 1688/2061/2160 1686/2117/2160 1693/2079/2160
f 2075/2080/2161 2105/2118/2161 2069/2098/2161
f 1580/2100/2162 1577/2119/2162 1576/2081/2162
f 1542/2066/2163 1543/2120/2163 1541/2067/2163
f 1464/2121/2164 1466/2122/2164 1458/2123/2164
f 1576/2081/2165 1577/2119/2165 1578/2069/2165
f 1541/2067/2166 1543/2120/2166 1557/2124/2166
f 1578/2069/2167 1577/2119/2167 1582/2125/2167
f 1578/2069/2168 1582/2125/2168 1583/2126/2168
f 1583/2126/2169 1582/2125/2169 1584/2127/2169
f 3636/2128/2170 3612/2129/2170 3635/2130/2170
f 3612/2129/2171 3625/2131/2171 3609/2132/2171
f 1719/2035/2172 1720/2133/2172 1721/2050/2172
f 2525/2108/2173 2527/2134/2173 2526/2109/2173
f 2926/2135/2174 2923/2136/2174 2925/2137/2174
f 3690/4/2175 3695/2138/2175 3692/5/2175
f 3588/2139/2176 3583/2140/2176 3587/2141/2176
f 3587/2141/2177 3590/2142/2177 3589/2143/2177
f 3591/2144/2178 3631/2145/2178 3592/2146/2178
f 3592/2146/2179 3631/2145/2179 3678/2147/2179
f 2912/2088/2180 2919/2148/2180 2914/2089/2180
f 1706/2149/2181 1705/2150/2181 1704/2151/2181
f 2879/1934/2182 2880/2024/2182 2878/1938/2182
f 1704/2151/2183 1703/2152/2183 1702/2153/2183
f 2584/2026/2184 2587/2154/2184 2585/1970/2184
f 2585/1970/2185 2587/2154/2185 2588/2058/2185
f 2105/2118/2186 2065/2155/2186 2069/2098/2186
f 2069/2098/2187 2065/2155/2187 2068/2099/2187
f 1554/2083/2188 1460/2082/2188 1555/2156/2188
f 1458/2123/2189 1466/2122/2189 1558/2157/2189
f 1469/2086/2190 1498/2158/2190 1499/2159/2190
f 3633/2160/2191 3599/2161/2191 3677/2162/2191
f 3638/2163/2192 3628/2164/2192 3617/2165/2192
f 2286/2166/2193 2288/2167/2193 2297/2168/2193
f 2296/2169/2194 2286/2166/2194 2297/2168/2194
f 1720/2133/2195 1722/2170/2195 1721/2050/2195
f 2923/2136/2196 2924/2171/2196 2925/2137/2196
f 2914/2089/2197 2919/2148/2197 2922/2172/2197
f 1705/2150/2198 1703/2152/2198 1704/2151/2198
f 1702/2153/2199 1692/2173/2199 1694/2097/2199
f 1694/2097/2200 1692/2173/2200 1690/2115/2200
f 1690/2115/2201 1687/2174/2201 1684/2116/2201
f 1684/2116/2202 1687/2174/2202 1685/2175/2202
f 1684/2116/2203 1685/2175/2203 1686/2117/2203
f 2294/2176/2204 2293/2177/2204 2295/2178/2204
f 2822/2179/2205 2817/2180/2205 2820/2181/2205
f 3686/2182/2206 3682/2183/2206 3676/2184/2206
f 3687/2185/2207 3630/2186/2207 3670/2187/2207
f 2814/2188/2208 2816/2189/2208 2817/2180/2208
f 3696/2190/2209 3697/2191/2209 3698/2192/2209
f 3698/2192/2210 3697/2191/2210 3699/2193/2210
f 1621/2194/2211 1623/2195/2211 1622/2196/2211
f 1620/2197/2212 1621/2194/2212 1622/2196/2212
f 3626/2198/2213 3593/2199/2213 3590/2142/2213
f 2041/2200/2214 2039/2201/2214 2038/2202/2214
f 2038/2202/2215 2039/2201/2215 2040/2203/2215
f 2982/2075/2216 2986/2204/2216 2983/2014/2216
f 2879/1934/2217 2881/2205/2217 2880/2024/2217
f 1703/2152/2218 1692/2173/2218 1702/2153/2218
f 2584/2026/2219 2577/2114/2219 2587/2154/2219
f 1692/2173/2220 1687/2174/2220 1690/2115/2220
f 2065/2155/2221 2067/2206/2221 2068/2099/2221
f 3630/2186/2222 3586/2207/2222 3585/2208/2222
f 3585/2208/2223 3586/2207/2223 3583/2140/2223
f 744/2209/2224 743/2210/2224 745/2211/2224
f 3619/2212/2225 3673/2213/2225 3641/2214/2225
f 2588/2058/2226 2602/2215/2226 2610/2095/2226
f 1686/2117/2227 1685/2175/2227 1689/2216/2227
f 1689/2216/2228 1697/2217/2228 1686/2117/2228
f 2105/2118/2229 2066/2218/2229 2065/2155/2229
f 2065/2155/2230 2066/2218/2230 2067/2206/2230
f 1720/2133/2231 1727/2219/2231 1722/2170/2231
f 743/2210/2232 742/2220/2232 745/2211/2232
f 2982/2075/2233 2987/2221/2233 2986/2204/2233
f 1098/2222/2234 1107/2223/2234 1086/2224/2234
f 3644/2225/2235 3645/2226/2235 3643/2227/2235
f 2577/2114/2236 2590/2228/2236 2587/2154/2236
f 2588/2058/2237 2587/2154/2237 2589/2229/2237
f 2588/2058/2238 2589/2229/2238 2602/2215/2238
f 1692/2173/2239 1701/2230/2239 1687/2174/2239
f 1687/2174/2240 1698/2231/2240 1685/2175/2240
f 1701/2230/2241 1699/2232/2241 1687/2174/2241
f 1687/2174/2242 1699/2232/2242 1698/2231/2242
f 1685/2175/2243 1698/2231/2243 1689/2216/2243
f 1689/2216/2244 1698/2231/2244 1700/2233/2244
f 3684/2234/2245 3680/2235/2245 3675/2236/2245
f 2987/2221/2246 2988/2237/2246 2986/2204/2246
f 2577/2114/2247 2576/2238/2247 2590/2228/2247
f 2587/2154/2248 2590/2228/2248 2589/2229/2248
f 3647/2239/2249 3649/2240/2249 3653/2241/2249
f 3653/2241/2250 3652/2242/2250 3669/2243/2250
f 3653/2241/2251 3669/2243/2251 3680/2235/2251
f 1129/2244/2252 1087/2245/2252 1122/2246/2252
f 2578/2247/2253 2573/2248/2253 2577/2114/2253
f 2577/2114/2254 2573/2248/2254 2576/2238/2254
f 740/2249/2255 743/2210/2255 744/2209/2255
f 1107/2223/2256 1108/2250/2256 1086/2224/2256
f 2590/2228/2257 2591/2251/2257 2589/2229/2257
f 2589/2229/2258 2591/2251/2258 2602/2215/2258
f 740/2249/2259 742/2220/2259 743/2210/2259
f 2602/2215/2260 2601/2252/2260 2608/2253/2260
f 2591/2251/2261 2601/2252/2261 2602/2215/2261
f 1139/2254/2262 1122/2246/2262 1121/2255/2262
f 2583/2256/2263 2582/2257/2263 2573/2248/2263
f 1108/2250/2264 1083/2258/2264 1086/2224/2264
f 2590/2228/2265 2576/2238/2265 2591/2251/2265
f 820/2259/2266 770/2260/2266 821/2261/2266
f 740/2249/2267 741/2262/2267 742/2220/2267
f 2591/2251/2268 2594/2263/2268 2601/2252/2268
f 820/2259/2269 823/2264/2269 822/2265/2269
f 820/2259/2270 822/2265/2270 740/2249/2270
f 740/2249/2271 822/2265/2271 741/2262/2271
f 2582/2257/2272 2571/2266/2272 2573/2248/2272
f 2576/2238/2273 2572/2267/2273 2591/2251/2273
f 2591/2251/2274 2572/2267/2274 2594/2263/2274
f 2601/2252/2275 2594/2263/2275 2608/2253/2275
f 3148/2268/2276 3150/2269/2276 3151/2270/2276
f 2573/2248/2277 2571/2266/2277 2572/2267/2277
f 2573/2248/2278 2572/2267/2278 2576/2238/2278
f 1108/2250/2279 1102/2271/2279 1083/2258/2279
f 2582/2257/2280 2581/2272/2280 2571/2266/2280
f 2572/2267/2281 2570/2273/2281 2594/2263/2281
f 2594/2263/2282 2603/2274/2282 2608/2253/2282
f 2608/2253/2283 2603/2274/2283 2615/2275/2283
f 3120/2276/2284 3118/2277/2284 3139/2278/2284
f 3148/2268/2285 3149/2279/2285 3150/2269/2285
f 2581/2272/2286 2580/2280/2286 2571/2266/2286
f 2570/2273/2287 2595/2281/2287 2594/2263/2287
f 824/2282/2288 825/2283/2288 822/2265/2288
f 822/2265/2289 825/2283/2289 826/2284/2289
f 2571/2266/2290 2570/2273/2290 2572/2267/2290
f 2571/2266/2291 2569/2285/2291 2570/2273/2291
f 2580/2280/2292 2569/2285/2292 2571/2266/2292
f 2570/2273/2293 2567/2286/2293 2595/2281/2293
f 2595/2281/2294 2597/2287/2294 2603/2274/2294
f 2569/2285/2295 2567/2286/2295 2570/2273/2295
f 2567/2286/2296 2596/2288/2296 2595/2281/2296
f 3117/2289/2297 3078/2290/2297 3139/2278/2297
f 825/2283/2298 827/2291/2298 826/2284/2298
f 2603/2274/2299 2607/2292/2299 2615/2275/2299
f 2595/2281/2300 2596/2288/2300 2597/2287/2300
f 1103/2293/2301 1094/2294/2301 1102/2271/2301
f 2580/2280/2302 2568/2295/2302 2569/2285/2302
f 3078/2290/2303 3052/2296/2303 3051/2297/2303
f 3051/2297/2304 3052/2296/2304 3053/2298/2304
f 2596/2288/2305 2598/2299/2305 2597/2287/2305
f 2603/2274/2306 2597/2287/2306 2607/2292/2306
f 2569/2285/2307 2568/2295/2307 2567/2286/2307
f 3114/2300/2308 3077/2301/2308 3078/2290/2308
f 3052/2296/2309 3054/2302/2309 3053/2298/2309
f 2568/2295/2310 2564/2303/2310 2567/2286/2310
f 2567/2286/2311 2566/2304/2311 2596/2288/2311
f 2597/2287/2312 2598/2299/2312 2607/2292/2312
f 3052/2296/2313 3076/2305/2313 3054/2302/2313
f 2565/2306/2314 2564/2303/2314 2568/2295/2314
f 2567/2286/2315 2564/2303/2315 2566/2304/2315
f 2598/2299/2316 2600/2307/2316 2607/2292/2316
f 2596/2288/2317 2566/2304/2317 2599/2308/2317
f 2596/2288/2318 2599/2308/2318 2598/2299/2318
f 2565/2306/2319 2560/2309/2319 2564/2303/2319
f 2598/2299/2320 2599/2308/2320 2600/2307/2320
f 2600/2307/2321 2619/2310/2321 2620/2311/2321
f 2607/2292/2322 2600/2307/2322 2620/2311/2322
f 3076/2305/2323 3063/2312/2323 3054/2302/2323
f 3099/2313/2324 3075/2314/2324 3076/2305/2324
f 3076/2305/2325 3062/2315/2325 3063/2312/2325
f 2564/2303/2326 2560/2309/2326 2559/2316/2326
f 2564/2303/2327 2559/2316/2327 2566/2304/2327
f 2599/2308/2328 2563/2317/2328 2600/2307/2328
f 2600/2307/2329 2606/2318/2329 2619/2310/2329
f 2566/2304/2330 2559/2316/2330 2599/2308/2330
f 1106/2319/2331 1101/2320/2331 1105/2321/2331
f 3062/2315/2332 3061/2322/2332 3063/2312/2332
f 2560/2309/2333 2558/2323/2333 2559/2316/2333
f 2599/2308/2334 2559/2316/2334 2563/2317/2334
f 3099/2313/2335 3098/2324/2335 3075/2314/2335
f 2559/2316/2336 2557/2325/2336 2563/2317/2336
f 1106/2319/2337 1109/2326/2337 1101/2320/2337
f 3062/2315/2338 3060/2327/2338 3061/2322/2338
f 2559/2316/2339 2554/2328/2339 2557/2325/2339
f 2563/2317/2340 2562/2329/2340 2606/2318/2340
f 2562/2329/2341 2621/2330/2341 2606/2318/2341
f 1106/2319/2342 1114/2331/2342 1109/2326/2342
f 3075/2314/2343 3060/2327/2343 3062/2315/2343
f 2558/2323/2344 2554/2328/2344 2559/2316/2344
f 2557/2325/2345 2562/2329/2345 2563/2317/2345
f 1114/2331/2346 1113/2332/2346 1109/2326/2346
f 2557/2325/2347 2556/2333/2347 2562/2329/2347
f 2557/2325/2348 2554/2328/2348 2556/2333/2348
f 2562/2329/2349 2556/2333/2349 2622/2334/2349
f 2562/2329/2350 2622/2334/2350 2621/2330/2350
f 3060/2327/2351 3059/2335/2351 3061/2322/2351
f 2558/2323/2352 2552/2336/2352 2554/2328/2352
f 2621/2330/2353 2623/2337/2353 2624/2338/2353
f 1627/2339/2354 1624/2340/2354 1645/2341/2354
f 2554/2328/2355 2552/2336/2355 2553/2342/2355
f 1624/2340/2356 1635/2343/2356 1645/2341/2356
f 2553/2342/2357 2555/2344/2357 2554/2328/2357
f 2554/2328/2358 2555/2344/2358 2556/2333/2358
f 2556/2333/2359 2555/2344/2359 2622/2334/2359
f 3074/2345/2360 3073/2346/2360 3060/2327/2360
f 3060/2327/2361 3056/2347/2361 3059/2335/2361
f 1624/2340/2362 1629/2348/2362 1635/2343/2362
f 1627/2339/2363 1625/2349/2363 1624/2340/2363
f 2553/2342/2364 2550/2350/2364 2555/2344/2364
f 2550/2350/2365 2561/2351/2365 2555/2344/2365
f 2561/2351/2366 2579/2352/2366 2555/2344/2366
f 2812/2353/2367 2811/2354/2367 2810/2355/2367
f 2552/2336/2368 2546/2356/2368 2550/2350/2368
f 2552/2336/2369 2550/2350/2369 2553/2342/2369
f 3059/2335/2370 3056/2347/2370 3058/2357/2370
f 1635/2343/2371 1629/2348/2371 1640/2358/2371
f 1115/2359/2372 1116/2360/2372 1112/2361/2372
f 1626/2362/2373 1628/2363/2373 1624/2340/2373
f 1624/2340/2374 1628/2363/2374 1629/2348/2374
f 2809/2364/2375 2810/2355/2375 2811/2354/2375
f 3073/2346/2376 3071/2365/2376 3056/2347/2376
f 3071/2365/2377 3057/2366/2377 3056/2347/2377
f 1626/2362/2378 1630/2367/2378 1628/2363/2378
f 2546/2356/2379 2547/2368/2379 2548/2369/2379
f 2809/2364/2380 2807/2370/2380 2810/2355/2380
f 2548/2369/2381 2550/2350/2381 2546/2356/2381
f 2548/2369/2382 2575/2371/2382 2550/2350/2382
f 3086/2372/2383 3126/2373/2383 3085/2374/2383
f 1116/2360/2384 1118/2375/2384 1117/2376/2384
f 2549/2377/2385 2548/2369/2385 2547/2368/2385
f 2549/2377/2386 2551/2378/2386 2548/2369/2386
f 1626/2362/2387 1632/2379/2387 1630/2367/2387
f 2548/2369/2388 2574/2380/2388 2575/2371/2388
f 3071/2365/2389 3072/2381/2389 3057/2366/2389
f 2969/2382/2390 2971/2383/2390 2970/2384/2390
f 1628/2363/2391 1633/2385/2391 1629/2348/2391
f 1633/2385/2392 1634/2386/2392 1629/2348/2392
f 1629/2348/2393 1634/2386/2393 1640/2358/2393
f 2970/2384/2394 2971/2383/2394 2972/2387/2394
f 2551/2378/2395 2574/2380/2395 2548/2369/2395
f 3071/2365/2396 3069/2388/2396 3072/2381/2396
f 2971/2383/2397 2973/2389/2397 2972/2387/2397
f 1633/2385/2398 1642/2390/2398 1634/2386/2398
f 1634/2386/2399 1646/2391/2399 1640/2358/2399
f 1646/2391/2400 1661/2392/2400 1640/2358/2400
f 1640/2358/2401 1661/2392/2401 1662/2393/2401
f 3071/2365/2402 3070/2394/2402 3069/2388/2402
f 2937/2395/2403 2938/2396/2403 2939/2397/2403
f 1630/2367/2404 1631/2398/2404 1628/2363/2404
f 1631/2398/2405 1636/2399/2405 1628/2363/2405
f 1628/2363/2406 1636/2399/2406 1633/2385/2406
f 2490/2400/2407 2491/2401/2407 2492/2402/2407
f 2813/2403/2408 2808/2404/2408 2805/2405/2408
f 1662/2393/2409 1661/2392/2409 1663/2406/2409
f 1662/2393/2410 1663/2406/2410 1670/2407/2410
f 1634/2386/2411 1642/2390/2411 1646/2391/2411
f 2492/2402/2412 2491/2401/2412 2493/2408/2412
f 1642/2390/2413 1653/2409/2413 1646/2391/2413
f 1661/2392/2414 1669/2410/2414 1663/2406/2414
f 1663/2406/2415 1669/2410/2415 1670/2407/2415
f 1636/2399/2416 1637/2411/2416 1633/2385/2416
f 1637/2411/2417 1643/2412/2417 1642/2390/2417
f 1633/2385/2418 1637/2411/2418 1642/2390/2418
f 1642/2390/2419 1643/2412/2419 1654/2413/2419
f 2973/2389/2420 2974/2414/2420 2972/2387/2420
f 1630/2367/2421 1638/2415/2421 1631/2398/2421
f 1673/2416/2422 1653/2409/2422 1655/2417/2422
f 1642/2390/2423 1654/2413/2423 1653/2409/2423
f 3070/2394/2424 3068/2418/2424 3069/2388/2424
f 3155/2419/2425 3156/2420/2425 3157/2421/2425
f 1668/2422/2426 1667/2423/2426 1638/2415/2426
f 1653/2409/2427 1654/2413/2427 1655/2417/2427
f 3068/2418/2428 3067/2424/2428 3069/2388/2428
f 1674/2425/2429 1672/2426/2429 1667/2423/2429
f 1638/2415/2430 1659/2427/2430 1631/2398/2430
f 2729/2428/2431 2727/2429/2431 2730/2430/2431
f 1631/2398/2432 1641/2431/2432 1636/2399/2432
f 1636/2399/2433 1639/2432/2433 1637/2411/2433
f 1639/2432/2434 1644/2433/2434 1637/2411/2434
f 1637/2411/2435 1644/2433/2435 1643/2412/2435
f 1643/2412/2436 1644/2433/2436 1647/2434/2436
f 2725/2435/2437 2727/2429/2437 2729/2428/2437
f 1641/2431/2438 1649/2436/2438 1636/2399/2438
f 2725/2435/2439 2726/2437/2439 2727/2429/2439
f 1672/2426/2440 1664/2438/2440 1667/2423/2440
f 1667/2423/2441 1664/2438/2441 1638/2415/2441
f 2726/2437/2442 2728/2439/2442 2727/2429/2442
f 1672/2426/2443 1666/2440/2443 1664/2438/2443
f 1639/2432/2444 1636/2399/2444 1650/2441/2444
f 1636/2399/2445 1649/2436/2445 1650/2441/2445
f 1644/2433/2446 1648/2442/2446 1647/2434/2446
f 1647/2434/2447 1648/2442/2447 1652/2443/2447
f 3102/2444/2448 3128/2445/2448 3093/2446/2448
f 2059/2447/2449 2060/2448/2449 2061/2449/2449
f 2060/2448/2450 2062/2450/2450 2061/2449/2450
f 1671/2451/2451 1657/2452/2451 1644/2433/2451
f 1644/2433/2452 1657/2452/2452 1648/2442/2452
f 1648/2442/2453 1658/2453/2453 1652/2443/2453
f 3067/2424/2454 3064/2454/2454 3066/2455/2454
f 1648/2442/2455 1657/2452/2455 1658/2453/2455
f 1666/2440/2456 1665/2456/2456 1664/2438/2456
f 2728/2439/2457 2731/2457/2457 2727/2429/2457
f 1641/2431/2458 1651/2458/2458 1649/2436/2458
f 3064/2454/2459 3065/2459/2459 3066/2455/2459
f 2951/2460/2460 2952/2461/2460 2953/2462/2460
f 1649/2436/2461 1651/2458/2461 1650/2441/2461
f 1650/2441/2462 1651/2458/2462 1660/2463/2462
f 1980/2464/2463 1981/2465/2463 1982/2466/2463
f 1979/2467/2464 1981/2465/2464 1980/2464/2464
f 2757/2468/2465 2755/20/2465 2754/2469/2465
f 2754/2469/2466 2755/20/2466 2756/19/2466
f 2355/51/2467 2360/53/2467 2366/2470/2467
f 1970/45/2468 1974/44/2468 1973/2471/2468
f 2833/68/2469 2837/2472/2469 2836/2473/2469
f 1973/2471/2470 1987/2474/2470 1984/2475/2470
f 1972/2476/2471 1973/2471/2471 1984/2475/2471
f 1970/45/2472 1973/2471/2472 1972/2476/2472
f 2219/47/2473 2234/2477/2473 2224/2478/2473
f 2838/2479/2474 2837/2472/2474 2833/68/2474
f 2356/2480/2475 2360/53/2475 2352/52/2475
f 1979/2467/2476 1980/2464/2476 1978/43/2476
f 2216/57/2477 2219/47/2477 2224/2478/2477
f 2757/2468/2478 2754/2469/2478 2758/2481/2478
f 2833/68/2479 2836/2473/2479 2834/69/2479
f 2761/2482/2480 2762/2483/2480 2763/2484/2480
f 1970/45/2481 1972/2476/2481 1971/2485/2481
f 2838/2479/2482 2833/68/2482 2835/70/2482
f 1964/2486/2483 1968/2487/2483 1969/2488/2483
f 2758/2481/2484 2754/2469/2484 2759/2489/2484
f 2353/62/2485 2356/2480/2485 2352/52/2485
f 2241/2490/2486 2242/2491/2486 2240/2492/2486
f 1960/2493/2487 1979/2467/2487 1978/43/2487
f 1963/2494/2488 1968/2487/2488 1964/2486/2488
f 2838/2479/2489 2835/70/2489 2839/2495/2489
f 2766/2496/2490 2761/2482/2490 2765/2497/2490
f 2761/2482/2491 2763/2484/2491 2764/2498/2491
f 2765/2497/2492 2761/2482/2492 2764/2498/2492
f 2216/57/2493 2224/2478/2493 2222/89/2493
f 2222/89/2494 2224/2478/2494 2241/2490/2494
f 1960/2493/2495 1978/43/2495 1970/45/2495
f 1971/2485/2496 1968/2487/2496 1963/2494/2496
f 2503/81/2497 2511/2499/2497 2505/82/2497
f 2222/89/2498 2241/2490/2498 2240/2492/2498
f 1970/45/2499 1971/2485/2499 1961/2500/2499
f 1960/2493/2500 1970/45/2500 1961/2500/2500
f 1961/2500/2501 1971/2485/2501 1963/2494/2501
f 1963/2494/2502 1964/2486/2502 1962/2501/2502
f 2509/2502/2503 2511/2499/2503 2503/81/2503
f 2233/130/2504 2222/89/2504 2240/2492/2504
f 1961/2500/2505 1963/2494/2505 1962/2501/2505
f 2518/99/2506 2517/93/2506 2520/95/2506
f 1929/2503/2507 1930/2504/2507 1931/2505/2507
f 1959/2506/2508 1960/2493/2508 1957/2507/2508
f 1960/2493/2509 1961/2500/2509 1957/2507/2509
f 1927/2508/2510 1932/2509/2510 1930/2504/2510
f 1927/2508/2511 1930/2504/2511 1929/2503/2511
f 3266/2510/2512 3269/2511/2512 3267/2512/2512
f 2509/2502/2513 2503/81/2513 2507/2513/2513
f 2503/81/2514 2502/84/2514 2507/2513/2514
f 1958/2514/2515 1957/2507/2515 1961/2500/2515
f 1961/2500/2516 1962/2501/2516 1958/2514/2516
f 1927/2508/2517 1929/2503/2517 1928/2515/2517
f 2510/2516/2518 2509/2502/2518 2507/2513/2518
f 2339/101/2519 2377/2517/2519 2375/104/2519
f 2221/90/2520 2222/89/2520 2223/124/2520
f 1958/2514/2521 1927/2508/2521 1926/2518/2521
f 1926/2518/2522 1927/2508/2522 1921/2519/2522
f 2530/115/2523 2535/114/2523 2536/2520/2523
f 3266/2510/2524 3267/2512/2524 3268/2521/2524
f 1921/2519/2525 1927/2508/2525 1928/2515/2525
f 1902/110/2526 1900/112/2526 1901/2522/2526
f 2348/88/2527 2347/96/2527 2344/121/2527
f 3265/2523/2528 3263/2524/2528 3262/2525/2528
f 3262/2525/2529 3263/2524/2529 3264/2526/2529
f 1899/135/2530 1900/112/2530 1903/109/2530
f 1905/2527/2531 1902/110/2531 1901/2522/2531
f 1901/2522/2532 1900/112/2532 1890/137/2532
f 1890/137/2533 1900/112/2533 1899/135/2533
f 2223/124/2534 2222/89/2534 2226/131/2534
f 1956/2528/2535 1959/2506/2535 1957/2507/2535
f 1950/2529/2536 1957/2507/2536 1958/2514/2536
f 2534/143/2537 2536/2520/2537 2537/2530/2537
f 2530/115/2538 2536/2520/2538 2534/143/2538
f 2531/122/2539 2530/115/2539 2534/143/2539
f 1967/2531/2540 1959/2506/2540 1956/2528/2540
f 1956/2528/2541 1957/2507/2541 1950/2529/2541
f 1958/2514/2542 1926/2518/2542 1950/2529/2542
f 2225/125/2543 2223/124/2543 2232/146/2543
f 1919/2532/2544 1950/2529/2544 1926/2518/2544
f 2376/2533/2545 2342/113/2545 2371/141/2545
f 1889/156/2546 1890/137/2546 1891/144/2546
f 2227/145/2547 2223/124/2547 2226/131/2547
f 1947/2534/2548 1956/2528/2548 1950/2529/2548
f 1947/2534/2549 1950/2529/2549 1919/2532/2549
f 1926/2518/2550 1921/2519/2550 1919/2532/2550
f 1919/2532/2551 1921/2519/2551 1920/2535/2551
f 2346/132/2552 2332/120/2552 2369/142/2552
f 2035/140/2553 2021/139/2553 2022/160/2553
f 1889/156/2554 1891/144/2554 1892/157/2554
f 1967/2531/2555 1956/2528/2555 1953/2536/2555
f 1956/2528/2556 1947/2534/2556 1953/2536/2556
f 1918/2537/2557 1919/2532/2557 1920/2535/2557
f 1895/168/2558 1893/158/2558 1894/163/2558
f 1918/2537/2559 1947/2534/2559 1919/2532/2559
f 2371/141/2560 2345/152/2560 2372/2538/2560
f 2227/145/2561 2226/131/2561 2228/2539/2561
f 1965/2540/2562 1967/2531/2562 1953/2536/2562
f 1946/2541/2563 1953/2536/2563 1947/2534/2563
f 1946/2541/2564 1947/2534/2564 1918/2537/2564
f 1922/2542/2565 1918/2537/2565 1920/2535/2565
f 739/2543/2566 732/172/2566 736/2544/2566
f 1219/164/2567 1238/165/2567 1231/154/2567
f 2229/2545/2568 2227/145/2568 2228/2539/2568
f 1965/2540/2569 1953/2536/2569 1946/2541/2569
f 2021/139/2570 2028/2546/2570 2020/167/2570
f 732/172/2571 730/171/2571 728/176/2571
f 2229/2545/2572 2228/2539/2572 2230/187/2572
f 1939/2547/2573 1946/2541/2573 1918/2537/2573
f 1923/2548/2574 1918/2537/2574 1922/2542/2574
f 736/2544/2575 732/172/2575 723/2549/2575
f 723/2549/2576 732/172/2576 728/176/2576
f 1966/2550/2577 1965/2540/2577 1946/2541/2577
f 1966/2550/2578 1946/2541/2578 1939/2547/2578
f 2231/186/2579 2229/2545/2579 2230/187/2579
f 1939/2547/2580 1918/2537/2580 1923/2548/2580
f 1923/2548/2581 1922/2542/2581 1924/2551/2581
f 693/194/2582 728/176/2582 727/180/2582
f 1966/2550/2583 1939/2547/2583 1949/2552/2583
f 693/194/2584 723/2549/2584 728/176/2584
f 694/192/2585 693/194/2585 727/180/2585
f 2235/185/2586 2230/187/2586 2236/198/2586
f 1949/2552/2587 1939/2547/2587 1937/2553/2587
f 1939/2547/2588 1923/2548/2588 1925/2554/2588
f 1925/2554/2589 1923/2548/2589 1924/2551/2589
f 2236/198/2590 2230/187/2590 2237/2555/2590
f 698/2556/2591 723/2549/2591 693/194/2591
f 1937/2553/2592 1939/2547/2592 1925/2554/2592
f 1261/2557/2593 1266/2558/2593 1265/2559/2593
f 698/2556/2594 693/194/2594 691/195/2594
f 2238/199/2595 2236/198/2595 2237/2555/2595
f 1934/2560/2596 1937/2553/2596 1925/2554/2596
f 2238/199/2597 2237/2555/2597 2239/215/2597
f 1261/2557/2598 1265/2559/2598 1264/220/2598
f 691/195/2599 689/213/2599 698/2556/2599
f 1948/2561/2600 1949/2552/2600 1935/2562/2600
f 1935/2562/2601 1949/2552/2601 1937/2553/2601
f 1935/2562/2602 1937/2553/2602 1934/2560/2602
f 2243/214/2603 2238/199/2603 2239/215/2603
f 2025/2563/2604 2002/203/2604 2026/202/2604
f 1943/2564/2605 1948/2561/2605 1935/2562/2605
f 2244/2565/2606 2238/199/2606 2243/214/2606
f 1261/2557/2607 1264/220/2607 1260/222/2607
f 2027/2566/2608 2025/2563/2608 2037/2567/2608
f 2002/203/2609 2025/2563/2609 2007/217/2609
f 1936/2568/2610 1943/2564/2610 1935/2562/2610
f 1935/2562/2611 1934/2560/2611 1933/2569/2611
f 1933/2569/2612 1934/2560/2612 1925/2554/2612
f 1258/2570/2613 1261/2557/2613 1260/222/2613
f 2246/2571/2614 2243/214/2614 2245/216/2614
f 2007/217/2615 2025/2563/2615 2027/2566/2615
f 1933/2569/2616 1936/2568/2616 1935/2562/2616
f 2246/2571/2617 2245/216/2617 2247/2572/2617
f 1944/2573/2618 1943/2564/2618 1936/2568/2618
f 2024/230/2619 2007/217/2619 2027/2566/2619
f 1260/222/2620 1267/221/2620 1259/2574/2620
f 688/212/2621 684/210/2621 685/228/2621
f 1985/2575/2622 1977/2576/2622 1975/240/2622
f 1975/240/2623 1977/2576/2623 1955/2577/2623
f 2248/2578/2624 2246/2571/2624 2247/2572/2624
f 1940/2579/2625 1944/2573/2625 1936/2568/2625
f 1258/2570/2626 1260/222/2626 1259/2574/2626
f 1936/2568/2627 1933/2569/2627 1938/2580/2627
f 1257/2581/2628 1258/2570/2628 1256/2582/2628
f 1955/2577/2629 1944/2573/2629 1940/2579/2629
f 1256/2582/2630 1258/2570/2630 1259/2574/2630
f 1938/2580/2631 1940/2579/2631 1936/2568/2631
f 1985/2575/2632 1975/240/2632 1976/239/2632
f 1975/240/2633 1955/2577/2633 1945/238/2633
f 1945/238/2634 1955/2577/2634 1940/2579/2634
f 1941/2583/2635 1940/2579/2635 1938/2580/2635
f 1259/2574/2636 1267/221/2636 1262/2584/2636
f 2023/242/2637 2024/230/2637 2033/2585/2637
f 1254/2586/2638 1257/2581/2638 1256/2582/2638
f 1262/2584/2639 1256/2582/2639 1259/2574/2639
f 696/252/2640 695/223/2640 686/237/2640
f 1983/2587/2641 1976/239/2641 1945/238/2641
f 1945/238/2642 1940/2579/2642 1941/2583/2642
f 1941/2583/2643 1938/2580/2643 1942/2588/2643
f 1983/2587/2644 1945/238/2644 1954/2589/2644
f 1951/2590/2645 1945/238/2645 1941/2583/2645
f 1941/2583/2646 1942/2588/2646 1951/2590/2646
f 1951/2590/2647 1942/2588/2647 1952/2591/2647
f 1986/2592/2648 1983/2587/2648 1954/2589/2648
f 1954/2589/2649 1945/238/2649 1951/2590/2649
f 2018/246/2650 2023/242/2650 2034/2593/2650
f 1253/2594/2651 1254/2586/2651 1255/2595/2651
f 1255/2595/2652 1254/2586/2652 1256/2582/2652
f 1255/2595/2653 1256/2582/2653 1262/2584/2653
f 1006/2596/2654 1004/2597/2654 1005/2598/2654
f 1986/2592/2655 1954/2589/2655 1988/2599/2655
f 885/2600/2656 983/2601/2656 888/2602/2656
f 997/2603/2657 1001/2604/2657 1002/2605/2657
f 993/2606/2658 1001/2604/2658 997/2603/2658
f 1005/2598/2659 1004/2597/2659 992/2607/2659
f 992/2607/2660 1004/2597/2660 1003/2608/2660
f 992/2607/2661 1003/2608/2661 993/2606/2661
f 1263/2609/2662 1253/2594/2662 1255/2595/2662
f 699/257/2663 697/251/2663 686/237/2663
f 885/2600/2664 888/2602/2664 884/2610/2664
f 884/2610/2665 888/2602/2665 879/2611/2665
f 879/2611/2666 888/2602/2666 892/2612/2666
f 989/2613/2667 992/2607/2667 993/2606/2667
f 702/287/2668 697/251/2668 699/257/2668
f 28/2614/2669 37/2615/2669 29/2616/2669
f 883/2617/2670 885/2600/2670 884/2610/2670
f 883/2617/2671 884/2610/2671 873/2618/2671
f 991/2619/2672 992/2607/2672 989/2613/2672
f 3245/280/2673 3246/268/2673 3244/297/2673
f 993/2606/2674 997/2603/2674 996/2620/2674
f 873/2618/2675 884/2610/2675 879/2611/2675
f 2030/2621/2676 2019/258/2676 2029/260/2676
f 733/437/2677 697/251/2677 702/287/2677
f 3237/296/2678 3244/297/2678 3239/299/2678
f 1682/2622/2679 1675/420/2679 1678/423/2679
f 39/2623/2680 26/2624/2680 25/2625/2680
f 3232/335/2681 3237/296/2681 3230/309/2681
f 2429/2626/2682 2434/2627/2682 2435/2628/2682
f 882/2629/2683 883/2617/2683 873/2618/2683
f 873/2618/2684 879/2611/2684 878/2630/2684
f 1997/2631/2685 1996/2632/2685 1989/425/2685
f 1989/425/2686 1996/2632/2686 1994/2633/2686
f 990/2634/2687 991/2619/2687 989/2613/2687
f 1272/279/2688 1292/278/2688 1291/2635/2688
f 1268/343/2689 1272/279/2689 1291/2635/2689
f 989/2613/2690 993/2606/2690 996/2620/2690
f 29/2616/2691 31/2636/2691 30/2637/2691
f 30/2637/2692 31/2636/2692 32/2638/2692
f 31/2636/2693 35/323/2693 34/322/2693
f 1817/2639/2694 1829/328/2694 1812/330/2694
f 3238/310/2695 3237/296/2695 3231/334/2695
f 1818/2640/2696 1831/2641/2696 1826/2642/2696
f 2434/2627/2697 2429/2626/2697 2428/2643/2697
f 2031/2644/2698 2019/258/2698 2030/2621/2698
f 40/2645/2699 39/2623/2699 38/2646/2699
f 38/2646/2700 39/2623/2700 25/2625/2700
f 25/2625/2701 26/2624/2701 27/2647/2701
f 27/2647/2702 26/2624/2702 28/2614/2702
f 27/2647/2703 28/2614/2703 29/2616/2703
f 32/2638/2704 31/2636/2704 34/322/2704
f 1824/2648/2705 1829/328/2705 1817/2639/2705
f 2044/336/2706 2046/327/2706 2049/352/2706
f 3199/406/2707 3192/354/2707 3250/358/2707
f 872/2649/2708 882/2629/2708 873/2618/2708
f 2428/2643/2709 2429/2626/2709 2430/2650/2709
f 660/2651/2710 663/2652/2710 664/2653/2710
f 1998/424/2711 1997/2631/2711 1989/425/2711
f 1676/421/2712 1675/420/2712 1683/2654/2712
f 1989/425/2713 1994/2633/2713 1993/2655/2713
f 2050/351/2714 2048/324/2714 2053/2656/2714
f 3189/2657/2715 3198/2658/2715 3194/2659/2715
f 3189/2657/2716 3194/2659/2716 3190/2660/2716
f 3225/446/2717 3231/334/2717 3229/396/2717
f 3232/335/2718 3230/309/2718 3229/396/2718
f 1816/2661/2719 1812/330/2719 1814/2662/2719
f 3182/447/2720 3192/354/2720 3199/406/2720
f 1812/330/2721 1813/2663/2721 1814/2662/2721
f 1813/2663/2722 1812/330/2722 1815/331/2722
f 1814/2662/2723 1813/2663/2723 1822/2664/2723
f 1822/2664/2724 1813/2663/2724 1821/2665/2724
f 1818/2640/2725 1813/2663/2725 1815/331/2725
f 1821/2665/2726 1813/2663/2726 1818/2640/2726
f 1825/2666/2727 1821/2665/2727 1818/2640/2727
f 1825/2666/2728 1818/2640/2728 1826/2642/2728
f 1821/2665/2729 1825/2666/2729 1827/2667/2729
f 2162/415/2730 2202/418/2730 2197/458/2730
f 659/2668/2731 663/2652/2731 660/2651/2731
f 872/2649/2732 873/2618/2732 871/2669/2732
f 2432/2670/2733 2428/2643/2733 2431/2671/2733
f 2428/2643/2734 2430/2650/2734 2431/2671/2734
f 1990/428/2735 1989/425/2735 1992/2672/2735
f 1992/2672/2736 1989/425/2736 1993/2655/2736
f 987/2673/2737 989/2613/2737 996/2620/2737
f 27/2647/2738 29/2616/2738 30/2637/2738
f 3229/396/2739 3230/309/2739 3227/2674/2739
f 1816/2661/2740 1817/2639/2740 1812/330/2740
f 1819/2675/2741 1817/2639/2741 1816/2661/2741
f 3193/397/2742 3192/354/2742 3164/474/2742
f 1784/404/2743 1758/403/2743 1783/444/2743
f 3184/445/2744 3202/409/2744 3193/397/2744
f 3193/397/2745 3202/409/2745 3203/355/2745
f 3164/474/2746 3192/354/2746 3182/447/2746
f 3204/493/2747 3183/448/2747 3210/2676/2747
f 3211/498/2748 3209/398/2748 3212/400/2748
f 3183/448/2749 3209/398/2749 3210/2676/2749
f 3220/2677/2750 3222/402/2750 3224/401/2750
f 3221/450/2751 3222/402/2751 3220/2677/2751
f 871/2669/2752 873/2618/2752 878/2630/2752
f 1992/2672/2753 1993/2655/2753 1995/2678/2753
f 33/2679/2754 25/2625/2754 27/2647/2754
f 1755/442/2755 1765/2680/2755 1757/489/2755
f 1824/2648/2756 1817/2639/2756 1820/2681/2756
f 1820/2681/2757 1817/2639/2757 1819/2675/2757
f 3225/446/2758 3229/396/2758 3227/2674/2758
f 3167/475/2759 3184/445/2759 3193/397/2759
f 667/2682/2760 668/2683/2760 659/2668/2760
f 3210/2676/2761 3209/398/2761 3211/498/2761
f 1816/2661/2762 1814/2662/2762 1822/2664/2762
f 3211/498/2763 3212/400/2763 3221/450/2763
f 3221/450/2764 3220/2677/2764 3218/499/2764
f 2433/2684/2765 2432/2670/2765 2431/2671/2765
f 988/2685/2766 990/2634/2766 989/2613/2766
f 1428/464/2767 1429/463/2767 1430/502/2767
f 38/2646/2768 25/2625/2768 33/2679/2768
f 1594/346/2769 1597/487/2769 1602/395/2769
f 3189/2657/2770 3190/2660/2770 3186/2686/2770
f 1828/2687/2771 1824/2648/2771 1820/2681/2771
f 3225/446/2772 3227/2674/2772 3226/2688/2772
f 3224/401/2773 3225/446/2773 3223/2689/2773
f 3164/474/2774 3182/447/2774 3168/2690/2774
f 3168/2690/2775 3182/447/2775 3169/494/2775
f 3182/447/2776 3183/448/2776 3169/494/2776
f 3213/2691/2777 3210/2676/2777 3211/498/2777
f 3218/499/2778 3220/2677/2778 3219/2692/2778
f 1268/343/2779 1291/2635/2779 1293/552/2779
f 1608/2693/2780 1603/485/2780 1596/393/2780
f 3188/2694/2781 3189/2657/2781 3186/2686/2781
f 1828/2687/2782 1820/2681/2782 1823/2695/2782
f 3226/2688/2783 3227/2674/2783 3228/2696/2783
f 3179/514/2784 3184/445/2784 3173/515/2784
f 3223/2689/2785 3225/446/2785 3226/2688/2785
f 1823/2695/2786 1820/2681/2786 1819/2675/2786
f 3161/497/2787 3201/410/2787 3180/516/2787
f 3163/2697/2788 3167/475/2788 3164/474/2788
f 3169/494/2789 3204/493/2789 3205/563/2789
f 3206/2698/2790 3213/2691/2790 3211/498/2790
f 3206/2698/2791 3211/498/2791 3214/2699/2791
f 3220/2677/2792 3224/401/2792 3223/2689/2792
f 3219/2692/2793 3220/2677/2793 3223/2689/2793
f 3204/493/2794 3210/2676/2794 3213/2691/2794
f 3214/2699/2795 3211/498/2795 3215/2700/2795
f 3215/2700/2796 3211/498/2796 3218/499/2796
f 3215/2700/2797 3218/499/2797 3219/2692/2797
f 659/2668/2798 660/2651/2798 661/2701/2798
f 815/2702/2799 818/2703/2799 800/2704/2799
f 2032/2705/2800 2031/2644/2800 2030/2621/2800
f 871/2669/2801 878/2630/2801 880/2706/2801
f 987/2673/2802 988/2685/2802 989/2613/2802
f 641/513/2803 646/2707/2803 643/484/2803
f 1608/2693/2804 1604/2708/2804 1603/485/2804
f 1603/485/2805 1604/2708/2805 1600/545/2805
f 2254/488/2806 2255/2709/2806 2253/473/2806
f 3173/515/2807 3167/475/2807 3170/2710/2807
f 3170/2710/2808 3167/475/2808 3163/2697/2808
f 3205/563/2809 3204/493/2809 3206/2698/2809
f 3206/2698/2810 3204/493/2810 3213/2691/2810
f 662/2711/2811 659/2668/2811 661/2701/2811
f 800/2704/2812 882/2629/2812 872/2649/2812
f 1676/421/2813 1683/2654/2813 1679/549/2813
f 41/2712/2814 38/2646/2814 33/2679/2814
f 634/541/2815 646/2707/2815 641/513/2815
f 1604/2708/2816 1605/2713/2816 1600/545/2816
f 1595/472/2817 1603/485/2817 1600/545/2817
f 1595/472/2818 1599/546/2818 1598/529/2818
f 2255/2709/2819 2257/2714/2819 2256/2715/2819
f 2255/2709/2820 2256/2715/2820 2253/473/2820
f 3188/2694/2821 3186/2686/2821 3187/2716/2821
f 3191/2717/2822 3188/2694/2822 3187/2716/2822
f 3233/2718/2823 3226/2688/2823 3228/2696/2823
f 3235/2719/2824 3223/2689/2824 3226/2688/2824
f 3163/2697/2825 3164/474/2825 3165/2720/2825
f 3165/2720/2826 3164/474/2826 3168/2690/2826
f 3206/2698/2827 3214/2699/2827 3216/2721/2827
f 456/2722/2828 455/2723/2828 374/2724/2828
f 667/2682/2829 659/2668/2829 666/2725/2829
f 1772/533/2830 1752/517/2830 1759/531/2830
f 3217/2726/2831 3214/2699/2831 3215/2700/2831
f 666/2725/2832 659/2668/2832 662/2711/2832
f 800/2704/2833 872/2649/2833 869/2727/2833
f 869/2727/2834 872/2649/2834 871/2669/2834
f 665/2728/2835 661/2701/2835 660/2651/2835
f 2263/2729/2836 2279/2730/2836 2271/573/2836
f 987/2673/2837 996/2620/2837 998/2731/2837
f 2280/571/2838 2271/573/2838 2279/2730/2838
f 632/525/2839 634/541/2839 633/512/2839
f 733/437/2840 704/436/2840 724/680/2840
f 36/2732/2841 33/2679/2841 27/2647/2841
f 2257/2714/2842 2258/2733/2842 2256/2715/2842
f 3186/2686/2843 3181/532/2843 3178/2734/2843
f 3181/532/2844 3180/516/2844 3178/2734/2844
f 3178/2734/2845 3180/516/2845 3179/514/2845
f 3174/2735/2846 3179/514/2846 3173/515/2846
f 3235/2719/2847 3226/2688/2847 3233/2718/2847
f 3170/2710/2848 3163/2697/2848 3166/2736/2848
f 3166/2736/2849 3163/2697/2849 3165/2720/2849
f 376/2737/2850 455/2723/2850 377/2738/2850
f 3165/2720/2851 3168/2690/2851 3169/494/2851
f 3216/2721/2852 3214/2699/2852 3217/2726/2852
f 374/2724/2853 455/2723/2853 376/2737/2853
f 457/2739/2854 456/2722/2854 372/2740/2854
f 372/2740/2855 456/2722/2855 374/2724/2855
f 132/568/2856 133/550/2856 140/566/2856
f 870/2741/2857 871/2669/2857 880/2706/2857
f 988/2685/2858 987/2673/2858 986/2742/2858
f 1680/569/2859 1679/549/2859 1681/2743/2859
f 42/2744/2860 41/2712/2860 33/2679/2860
f 2263/2729/2861 2262/587/2861 2261/2745/2861
f 2261/2745/2862 2262/587/2862 2260/2746/2862
f 2257/2714/2863 2261/2745/2863 2260/2746/2863
f 2257/2714/2864 2260/2746/2864 2259/2747/2864
f 2257/2714/2865 2259/2747/2865 2258/2733/2865
f 3174/2735/2866 3178/2734/2866 3179/514/2866
f 3173/515/2867 3170/2710/2867 3172/2748/2867
f 3208/564/2868 3205/563/2868 3207/2749/2868
f 3172/2748/2869 3170/2710/2869 3166/2736/2869
f 3205/563/2870 3206/2698/2870 3207/2749/2870
f 1772/533/2871 1759/531/2871 1762/562/2871
f 3165/2720/2872 3169/494/2872 3171/565/2872
f 3207/2749/2873 3206/2698/2873 3216/2721/2873
f 175/585/2874 140/566/2874 159/584/2874
f 142/591/2875 132/568/2875 143/586/2875
f 797/2750/2876 815/2702/2876 800/2704/2876
f 2275/572/2877 2264/2751/2877 2271/573/2877
f 2271/573/2878 2264/2751/2878 2263/2729/2878
f 2263/2729/2879 2264/2751/2879 2262/587/2879
f 2281/2752/2880 2275/572/2880 2280/571/2880
f 630/556/2881 638/605/2881 634/541/2881
f 2273/589/2882 2277/593/2882 2260/2746/2882
f 2262/587/2883 2273/589/2883 2260/2746/2883
f 985/2753/2884 987/2673/2884 998/2731/2884
f 2260/2746/2885 2277/593/2885 2278/2754/2885
f 617/577/2886 626/628/2886 614/578/2886
f 2260/2746/2887 2278/2754/2887 2259/2747/2887
f 724/680/2888 704/436/2888 707/583/2888
f 3186/2686/2889 3178/2734/2889 3176/666/2889
f 3176/666/2890 3178/2734/2890 3174/2735/2890
f 3172/2748/2891 3174/2735/2891 3173/515/2891
f 377/2738/2892 447/2755/2892 378/2756/2892
f 375/2757/2893 376/2737/2893 377/2738/2893
f 375/2757/2894 377/2738/2894 378/2756/2894
f 350/2758/2895 383/2759/2895 381/2760/2895
f 374/2724/2896 376/2737/2896 375/2757/2896
f 373/2761/2897 374/2724/2897 375/2757/2897
f 381/2760/2898 457/2739/2898 357/2762/2898
f 357/2762/2899 457/2739/2899 372/2740/2899
f 372/2740/2900 374/2724/2900 373/2761/2900
f 869/2727/2901 871/2669/2901 870/2741/2901
f 1290/551/2902 1293/552/2902 1296/2763/2902
f 870/2741/2903 880/2706/2903 890/2764/2903
f 2264/2751/2904 2266/2765/2904 2265/588/2904
f 364/2766/2905 450/2767/2905 354/2768/2905
f 2281/2752/2906 2274/2769/2906 2275/572/2906
f 2275/572/2907 2274/2769/2907 2264/2751/2907
f 2264/2751/2908 2265/588/2908 2262/587/2908
f 2273/589/2909 2265/588/2909 2267/592/2909
f 630/556/2910 637/603/2910 638/605/2910
f 637/603/2911 630/556/2911 631/597/2911
f 3187/2716/2912 3186/2686/2912 3176/666/2912
f 3176/666/2913 3174/2735/2913 3175/2770/2913
f 3174/2735/2914 3172/2748/2914 3175/2770/2914
f 371/2771/2915 363/2772/2915 349/641/2915
f 363/2772/2916 383/2759/2916 350/2758/2916
f 350/2758/2917 381/2760/2917 356/2773/2917
f 356/2773/2918 381/2760/2918 357/2762/2918
f 963/2774/2919 966/2775/2919 964/2776/2919
f 669/2777/2920 662/2711/2920 661/2701/2920
f 357/2762/2921 372/2740/2921 355/2778/2921
f 355/2778/2922 372/2740/2922 361/2779/2922
f 372/2740/2923 373/2761/2923 361/2779/2923
f 2276/2780/2924 2285/2781/2924 2270/2782/2924
f 184/620/2925 142/591/2925 143/586/2925
f 2274/2769/2926 2276/2780/2926 2270/2782/2926
f 361/2779/2927 364/2766/2927 354/2768/2927
f 2274/2769/2928 2270/2782/2928 2264/2751/2928
f 2265/588/2929 2266/2765/2929 2267/592/2929
f 2267/592/2930 2266/2765/2930 2269/594/2930
f 985/2753/2931 986/2742/2931 987/2673/2931
f 615/575/2932 645/623/2932 631/597/2932
f 60/651/2933 44/627/2933 59/624/2933
f 3196/665/2934 3187/2716/2934 3176/666/2934
f 3177/2783/2935 3176/666/2935 3175/2770/2935
f 445/2784/2936 452/2785/2936 382/2786/2936
f 382/2786/2937 452/2785/2937 342/2787/2937
f 452/2785/2938 451/2788/2938 342/2787/2938
f 342/2787/2939 451/2788/2939 345/2789/2939
f 345/2789/2940 451/2788/2940 442/2790/2940
f 443/643/2941 371/2771/2941 349/641/2941
f 349/641/2942 363/2772/2942 350/2758/2942
f 345/2789/2943 442/2790/2943 344/642/2943
f 442/2790/2944 443/643/2944 344/642/2944
f 375/2757/2945 378/2756/2945 379/2791/2945
f 379/2791/2946 378/2756/2946 380/2792/2946
f 356/2773/2947 357/2762/2947 355/2778/2947
f 2285/2781/2948 2283/2793/2948 2270/2782/2948
f 2270/2782/2949 2283/2793/2949 2268/2794/2949
f 2283/2793/2950 2282/2795/2950 2268/2794/2950
f 2264/2751/2951 2270/2782/2951 2268/2794/2951
f 2264/2751/2952 2268/2794/2952 2266/2765/2952
f 354/2768/2953 355/2778/2953 361/2779/2953
f 2266/2765/2954 2268/2794/2954 2272/2796/2954
f 798/2797/2955 797/2750/2955 800/2704/2955
f 2266/2765/2956 2272/2796/2956 2269/594/2956
f 1286/676/2957 1290/551/2957 1296/2763/2957
f 358/2798/2958 347/673/2958 353/2799/2958
f 640/2800/2959 644/622/2959 615/575/2959
f 640/2800/2960 615/575/2960 614/578/2960
f 2778/637/2961 2777/601/2961 2780/580/2961
f 3197/2801/2962 3196/665/2962 3195/667/2962
f 3195/667/2963 3176/666/2963 3177/2783/2963
f 1769/668/2964 1762/562/2964 1763/618/2964
f 1771/738/2965 1772/533/2965 1762/562/2965
f 1771/738/2966 1762/562/2966 1770/669/2966
f 961/2802/2967 963/2774/2967 964/2776/2967
f 962/2803/2968 963/2774/2968 961/2802/2968
f 333/707/2969 344/642/2969 334/670/2969
f 349/641/2970 350/2758/2970 348/671/2970
f 2282/2795/2971 2284/2804/2971 2272/2796/2971
f 350/2758/2972 356/2773/2972 348/671/2972
f 2268/2794/2973 2282/2795/2973 2272/2796/2973
f 352/672/2974 355/2778/2974 354/2768/2974
f 798/2797/2975 800/2704/2975 869/2727/2975
f 353/2799/2976 352/672/2976 354/2768/2976
f 337/2805/2977 338/2806/2977 339/2807/2977
f 338/2806/2978 347/673/2978 339/2807/2978
f 336/2808/2979 335/2809/2979 337/2805/2979
f 347/673/2980 352/672/2980 353/2799/2980
f 358/2798/2981 339/2807/2981 347/673/2981
f 636/699/2982 647/2810/2982 626/628/2982
f 985/2753/2983 998/2731/2983 999/2811/2983
f 365/2812/2984 366/2813/2984 445/2784/2984
f 365/2812/2985 445/2784/2985 382/2786/2985
f 1773/688/2986 1772/533/2986 1771/738/2986
f 351/2814/2987 382/2786/2987 342/2787/2987
f 961/2802/2988 964/2776/2988 965/2815/2988
f 345/2789/2989 344/642/2989 333/707/2989
f 334/670/2990 349/641/2990 346/2816/2990
f 958/689/2991 962/2803/2991 961/2802/2991
f 346/2816/2992 349/641/2992 348/671/2992
f 348/671/2993 356/2773/2993 355/2778/2993
f 333/707/2994 334/670/2994 327/708/2994
f 185/710/2995 78/645/2995 186/2817/2995
f 78/645/2996 81/621/2996 186/2817/2996
f 954/744/2997 971/691/2997 956/690/2997
f 334/670/2998 335/2809/2998 327/708/2998
f 335/2809/2999 334/670/2999 338/2806/2999
f 334/670/3000 346/2816/3000 338/2806/3000
f 346/2816/3001 348/671/3001 347/673/3001
f 338/2806/3002 346/2816/3002 347/673/3002
f 352/672/3003 348/671/3003 355/2778/3003
f 868/2818/3004 869/2727/3004 870/2741/3004
f 335/2809/3005 338/2806/3005 337/2805/3005
f 325/2819/3006 327/708/3006 329/696/3006
f 329/696/3007 327/708/3007 336/2808/3007
f 336/2808/3008 327/708/3008 335/2809/3008
f 324/695/3009 325/2819/3009 329/696/3009
f 624/678/3010 636/699/3010 626/628/3010
f 734/731/3011 711/633/3011 716/700/3011
f 368/2820/3012 367/2821/3012 362/2822/3012
f 359/2823/3013 365/2812/3013 351/2814/3013
f 365/2812/3014 382/2786/3014 351/2814/3014
f 342/2787/3015 345/2789/3015 333/707/3015
f 326/706/3016 342/2787/3016 333/707/3016
f 960/2824/3017 958/689/3017 961/2802/3017
f 325/2819/3018 326/706/3018 327/708/3018
f 791/2825/3019 797/2750/3019 798/2797/3019
f 798/2797/3020 869/2727/3020 868/2818/3020
f 1278/726/3021 1274/646/3021 1286/676/3021
f 720/12/3022 721/14/3022 734/731/3022
f 734/731/3023 721/14/3023 711/633/3023
f 369/2826/3024 368/2820/3024 362/2822/3024
f 362/2822/3025 367/2821/3025 366/2813/3025
f 362/2822/3026 366/2813/3026 365/2812/3026
f 362/2822/3027 365/2812/3027 359/2823/3027
f 359/2823/3028 351/2814/3028 340/2827/3028
f 340/2827/3029 351/2814/3029 342/2787/3029
f 340/2827/3030 342/2787/3030 326/706/3030
f 957/2828/3031 958/689/3031 960/2824/3031
f 972/753/3032 970/2829/3032 949/754/3032
f 949/754/3033 970/2829/3033 951/2830/3033
f 951/2830/3034 970/2829/3034 953/2831/3034
f 957/2828/3035 956/690/3035 958/689/3035
f 790/792/3036 797/2750/3036 791/2825/3036
f 868/2818/3037 870/2741/3037 874/821/3037
f 790/792/3038 809/794/3038 797/2750/3038
f 985/2753/3039 999/2811/3039 1000/2832/3039
f 3387/2833/3040 3389/657/3040 3385/734/3040
f 370/2834/3041 369/2826/3041 362/2822/3041
f 343/2835/3042 359/2823/3042 340/2827/3042
f 961/2802/3043 965/2815/3043 975/2836/3043
f 960/2824/3044 961/2802/3044 969/2837/3044
f 322/2838/3045 340/2827/3045 326/706/3045
f 955/743/3046 956/690/3046 957/2828/3046
f 953/2831/3047 954/744/3047 952/769/3047
f 791/2825/3048 798/2797/3048 868/2818/3048
f 322/2838/3049 326/706/3049 325/2819/3049
f 874/821/3050 870/2741/3050 890/2764/3050
f 995/2839/3051 986/2742/3051 994/2840/3051
f 994/2840/3052 986/2742/3052 985/2753/3052
f 994/2840/3053 985/2753/3053 1000/2832/3053
f 720/12/3054 734/731/3054 726/730/3054
f 719/13/3055 720/12/3055 726/730/3055
f 726/730/3056 716/700/3056 725/732/3056
f 343/2835/3057 362/2822/3057 359/2823/3057
f 1782/751/3058 1771/738/3058 1770/669/3058
f 72/742/3059 69/709/3059 79/741/3059
f 321/2841/3060 343/2835/3060 340/2827/3060
f 961/2802/3061 975/2836/3061 974/2842/3061
f 969/2837/3062 961/2802/3062 973/2843/3062
f 973/2843/3063 961/2802/3063 974/2842/3063
f 951/2830/3064 953/2831/3064 952/769/3064
f 322/2838/3065 325/2819/3065 324/695/3065
f 323/2844/3066 322/2838/3066 324/695/3066
f 625/717/3067 639/2845/3067 627/714/3067
f 3387/2833/3068 3385/734/3068 3378/784/3068
f 3388/2846/3069 3387/2833/3069 3378/784/3069
f 370/2834/3070 362/2822/3070 360/767/3070
f 360/767/3071 362/2822/3071 343/2835/3071
f 398/2847/3072 423/766/3072 385/768/3072
f 957/2828/3073 960/2824/3073 969/2837/3073
f 322/2838/3074 321/2841/3074 340/2827/3074
f 330/2848/3075 323/2844/3075 331/712/3075
f 331/712/3076 323/2844/3076 324/695/3076
f 106/796/3077 188/773/3077 103/775/3077
f 627/714/3078 639/2845/3078 635/698/3078
f 84/750/3079 83/740/3079 170/724/3079
f 341/790/3080 360/767/3080 343/2835/3080
f 341/790/3081 343/2835/3081 321/2841/3081
f 385/768/3082 360/767/3082 341/790/3082
f 398/2847/3083 385/768/3083 387/2849/3083
f 449/2850/3084 400/2851/3084 414/2852/3084
f 384/799/3085 385/768/3085 320/791/3085
f 87/854/3086 73/756/3086 82/770/3086
f 323/2844/3087 320/791/3087 322/2838/3087
f 396/864/3088 390/798/3088 422/2853/3088
f 429/829/3089 396/864/3089 422/2853/3089
f 180/833/3090 178/2854/3090 179/834/3090
f 179/834/3091 178/2854/3091 110/779/3091
f 110/779/3092 178/2854/3092 113/838/3092
f 113/838/3093 178/2854/3093 156/840/3093
f 173/853/3094 82/770/3094 80/789/3094
f 947/752/3095 949/754/3095 948/2855/3095
f 950/2856/3096 949/754/3096 951/2830/3096
f 950/2856/3097 951/2830/3097 952/769/3097
f 867/2857/3098 791/2825/3098 868/2818/3098
f 868/2818/3099 874/821/3099 867/2857/3099
f 867/2857/3100 874/821/3100 887/823/3100
f 448/2858/3101 449/2850/3101 414/2852/3101
f 388/2859/3102 398/2847/3102 387/2849/3102
f 341/790/3103 321/2841/3103 320/791/3103
f 887/823/3104 899/822/3104 900/898/3104
f 388/2859/3105 387/2849/3105 386/2860/3105
f 386/2860/3106 387/2849/3106 385/768/3106
f 386/2860/3107 385/768/3107 384/799/3107
f 320/791/3108 321/2841/3108 322/2838/3108
f 390/798/3109 386/2860/3109 384/799/3109
f 328/800/3110 384/799/3110 320/791/3110
f 328/800/3111 320/791/3111 323/2844/3111
f 389/2861/3112 390/798/3112 396/864/3112
f 328/800/3113 323/2844/3113 330/2848/3113
f 424/831/3114 396/864/3114 429/829/3114
f 3497/2862/3115 3496/885/3115 3299/887/3115
f 112/839/3116 156/840/3116 121/880/3116
f 927/2863/3117 936/2864/3117 935/850/3117
f 934/851/3118 947/752/3118 946/2865/3118
f 930/2866/3119 934/851/3119 946/2865/3119
f 946/2865/3120 947/752/3120 948/2855/3120
f 948/2855/3121 949/754/3121 950/2856/3121
f 790/792/3122 791/2825/3122 787/2867/3122
f 413/2868/3123 448/2858/3123 414/2852/3123
f 414/2852/3124 400/2851/3124 394/2869/3124
f 394/2869/3125 400/2851/3125 399/2870/3125
f 394/2869/3126 399/2870/3126 388/2859/3126
f 388/2859/3127 399/2870/3127 398/2847/3127
f 388/2859/3128 386/2860/3128 389/2861/3128
f 158/937/3129 119/855/3129 97/856/3129
f 389/2861/3130 386/2860/3130 390/798/3130
f 392/863/3131 389/2861/3131 396/864/3131
f 430/830/3132 397/2871/3132 424/831/3132
f 3371/876/3133 3376/812/3133 3373/759/3133
f 92/837/3134 145/877/3134 126/916/3134
f 3383/879/3135 3367/765/3135 3363/764/3135
f 927/2863/3136 935/850/3136 928/852/3136
f 937/894/3137 936/2864/3137 927/2863/3137
f 959/2872/3138 950/2856/3138 952/769/3138
f 787/2867/3139 791/2825/3139 862/2873/3139
f 862/2873/3140 791/2825/3140 867/2857/3140
f 856/2874/3141 867/2857/3141 887/823/3141
f 887/823/3142 900/898/3142 877/897/3142
f 805/793/3143 790/792/3143 788/2875/3143
f 401/2876/3144 414/2852/3144 394/2869/3144
f 391/2877/3145 401/2876/3145 394/2869/3145
f 2412/903/3146 2405/2878/3146 2403/934/3146
f 901/899/3147 894/2879/3147 886/932/3147
f 397/2871/3148 392/863/3148 424/831/3148
f 3276/918/3149 3299/887/3149 3281/886/3149
f 2131/925/3150 2130/889/3150 2128/2880/3150
f 2128/2880/3151 2130/889/3151 2129/2881/3151
f 928/852/3152 934/851/3152 930/2866/3152
f 856/2874/3153 887/823/3153 877/897/3153
f 959/2872/3154 952/769/3154 955/743/3154
f 889/2882/3155 944/896/3155 907/895/3155
f 886/932/3156 894/2879/3156 875/985/3156
f 403/2883/3157 413/2868/3157 414/2852/3157
f 391/2877/3158 394/2869/3158 388/2859/3158
f 1068/987/3159 1062/939/3159 1063/935/3159
f 174/938/3160 97/856/3160 90/907/3160
f 171/2884/3161 90/907/3161 88/908/3161
f 88/908/3162 85/826/3162 171/2884/3162
f 171/2884/3163 85/826/3163 172/900/3163
f 403/2883/3164 414/2852/3164 401/2876/3164
f 391/2877/3165 388/2859/3165 389/2861/3165
f 2402/988/3166 2405/2878/3166 2401/2885/3166
f 393/2886/3167 391/2877/3167 392/863/3167
f 392/863/3168 391/2877/3168 389/2861/3168
f 397/2871/3169 393/2886/3169 392/863/3169
f 395/2887/3170 397/2871/3170 430/830/3170
f 427/1001/3171 395/2887/3171 430/830/3171
f 3276/918/3172 3281/886/3172 3277/930/3172
f 2128/2880/3173 2129/2881/3173 2126/1032/3173
f 933/980/3174 937/894/3174 927/2863/3174
f 948/2855/3175 950/2856/3175 967/2888/3175
f 967/2888/3176 950/2856/3176 959/2872/3176
f 862/2873/3177 867/2857/3177 856/2874/3177
f 855/982/3178 856/2874/3178 877/897/3178
f 959/2872/3179 955/743/3179 976/2889/3179
f 788/2875/3180 790/792/3180 787/2867/3180
f 889/2882/3181 907/895/3181 904/1035/3181
f 174/938/3182 90/907/3182 171/2884/3182
f 2403/934/3183 2405/2878/3183 2402/988/3183
f 403/2883/3184 401/2876/3184 402/2890/3184
f 402/2890/3185 401/2876/3185 395/2887/3185
f 395/2887/3186 401/2876/3186 391/2877/3186
f 395/2887/3187 391/2877/3187 393/2886/3187
f 395/2887/3188 393/2886/3188 397/2871/3188
f 1011/958/3189 1024/910/3189 1043/962/3189
f 427/1001/3190 409/1016/3190 395/2887/3190
f 1011/958/3191 1043/962/3191 1019/961/3191
f 3370/843/3192 3383/879/3192 3375/968/3192
f 1020/964/3193 1022/943/3193 1023/971/3193
f 3276/918/3194 3277/930/3194 3278/975/3194
f 3307/979/3195 3308/978/3195 3310/1007/3195
f 2127/1031/3196 2128/2880/3196 2126/1032/3196
f 904/1035/3197 907/895/3197 933/980/3197
f 854/983/3198 877/897/3198 886/932/3198
f 446/2891/3199 448/2858/3199 413/2868/3199
f 446/2891/3200 413/2868/3200 410/2892/3200
f 2394/981/3201 2397/956/3201 2388/1010/3201
f 410/2892/3202 413/2868/3202 403/2883/3202
f 2402/988/3203 2401/2885/3203 2386/989/3203
f 2386/989/3204 2401/2885/3204 2389/2893/3204
f 402/2890/3205 395/2887/3205 409/1016/3205
f 1011/958/3206 1019/961/3206 1009/1005/3206
f 978/2894/3207 946/2865/3207 948/2855/3207
f 2410/1076/3208 2417/952/3208 2409/953/3208
f 2410/1076/3209 2409/953/3209 2396/2895/3209
f 2396/2895/3210 2409/953/3210 2398/954/3210
f 2396/2895/3211 2398/954/3211 2394/981/3211
f 841/2896/3212 862/2873/3212 856/2874/3212
f 968/2897/3213 948/2855/3213 967/2888/3213
f 967/2888/3214 959/2872/3214 976/2889/3214
f 863/986/3215 875/985/3215 847/2898/3215
f 853/1061/3216 876/1060/3216 889/2882/3216
f 2388/1010/3217 2386/989/3217 2385/2899/3217
f 2385/2899/3218 2386/989/3218 2387/2900/3218
f 2387/2900/3219 2386/989/3219 2389/2893/3219
f 2705/2901/3220 2708/997/3220 2706/996/3220
f 3287/1053/3221 3278/975/3221 3277/930/3221
f 3287/1053/3222 3277/930/3222 3288/1028/3222
f 2125/1033/3223 2126/1032/3223 2124/1058/3223
f 927/2863/3224 928/852/3224 926/2902/3224
f 931/1128/3225 933/980/3225 927/2863/3225
f 930/2866/3226 946/2865/3226 945/2903/3226
f 903/1034/3227 933/980/3227 931/1128/3227
f 945/2903/3228 946/2865/3228 978/2894/3228
f 2418/1078/3229 2417/952/3229 2410/1076/3229
f 978/2894/3230 948/2855/3230 968/2897/3230
f 2396/2895/3231 2394/981/3231 2395/1130/3231
f 787/2867/3232 862/2873/3232 781/2904/3232
f 847/2898/3233 854/983/3233 863/986/3233
f 804/1166/3234 805/793/3234 788/2875/3234
f 889/2882/3235 904/1035/3235 866/2905/3235
f 847/2898/3236 875/985/3236 852/2906/3236
f 853/1061/3237 889/2882/3237 866/2905/3237
f 1070/1039/3238 1068/987/3238 1069/1037/3238
f 405/2907/3239 410/2892/3239 403/2883/3239
f 2390/2908/3240 2387/2900/3240 2389/2893/3240
f 404/2909/3241 403/2883/3241 402/2890/3241
f 2704/2910/3242 2707/2911/3242 2705/2901/3242
f 411/1000/3243 404/2909/3243 402/2890/3243
f 2704/2910/3244 2705/2901/3244 2706/996/3244
f 411/1000/3245 402/2890/3245 409/1016/3245
f 433/2912/3246 411/1000/3246 431/999/3246
f 3303/1054/3247 3287/1053/3247 3288/1028/3247
f 2125/1033/3248 2124/1058/3248 2121/2913/3248
f 931/1128/3249 927/2863/3249 925/2914/3249
f 929/2915/3250 930/2866/3250 945/2903/3250
f 2406/1079/3251 2410/1076/3251 2396/2895/3251
f 841/2896/3252 856/2874/3252 855/982/3252
f 1073/1080/3253 1067/984/3253 1072/1036/3253
f 2395/1130/3254 2394/981/3254 2393/1131/3254
f 866/2905/3255 904/1035/3255 903/1034/3255
f 415/2916/3256 444/2917/3256 446/2891/3256
f 415/2916/3257 446/2891/3257 410/2892/3257
f 2393/1131/3258 2394/981/3258 2388/1010/3258
f 852/2906/3259 875/985/3259 853/1061/3259
f 1285/1011/3260 1287/904/3260 1289/1038/3260
f 1413/1086/3261 1415/1084/3261 1372/1085/3261
f 2393/1131/3262 2388/1010/3262 2392/1163/3262
f 407/2918/3263 410/2892/3263 405/2907/3263
f 2391/2919/3264 2388/1010/3264 2385/2899/3264
f 2392/1163/3265 2388/1010/3265 2391/2919/3265
f 2391/2919/3266 2385/2899/3266 2387/2900/3266
f 2387/2900/3267 2390/2908/3267 2391/2919/3267
f 405/2907/3268 403/2883/3268 404/2909/3268
f 2636/1146/3269 2686/2920/3269 2681/1111/3269
f 3495/1155/3270 3303/1054/3270 3288/1028/3270
f 3495/1155/3271 3288/1028/3271 3501/2921/3271
f 3501/2921/3272 3288/1028/3272 3302/1027/3272
f 925/2914/3273 927/2863/3273 926/2902/3273
f 928/852/3274 930/2866/3274 929/2915/3274
f 926/2902/3275 928/852/3275 929/2915/3275
f 2414/1075/3276 2407/1077/3276 2411/2922/3276
f 1077/1192/3277 1073/1080/3277 1076/1081/3277
f 2406/1079/3278 2396/2895/3278 2404/2923/3278
f 2396/2895/3279 2395/1130/3279 2399/1132/3279
f 781/2904/3280 862/2873/3280 841/2896/3280
f 841/2896/3281 855/982/3281 838/2924/3281
f 838/2924/3282 855/982/3282 854/983/3282
f 777/2925/3283 787/2867/3283 781/2904/3283
f 845/2926/3284 854/983/3284 847/2898/3284
f 438/2927/3285 444/2917/3285 415/2916/3285
f 777/2925/3286 788/2875/3286 787/2867/3286
f 783/1167/3287 804/1166/3287 788/2875/3287
f 1842/1134/3288 1843/1164/3288 1832/1087/3288
f 1294/1062/3289 1285/1011/3289 1295/1133/3289
f 1834/1089/3290 1835/1090/3290 1836/1092/3290
f 433/2912/3291 425/1140/3291 411/1000/3291
f 434/1175/3292 425/1140/3292 433/2912/3292
f 2631/1202/3293 2636/1146/3293 2681/1111/3293
f 3515/2928/3294 3514/1120/3294 3513/1119/3294
f 2121/2913/3295 2124/1058/3295 2123/1126/3295
f 1077/1192/3296 1076/1081/3296 1079/2929/3296
f 2407/1077/3297 2406/1079/3297 2404/2923/3297
f 1075/1160/3298 1073/1080/3298 1077/1192/3298
f 2404/2923/3299 2396/2895/3299 2399/1132/3299
f 845/2926/3300 838/2924/3300 854/983/3300
f 845/2926/3301 847/2898/3301 829/2930/3301
f 895/1129/3302 866/2905/3302 903/1034/3302
f 418/2931/3303 438/2927/3303 415/2916/3303
f 415/2916/3304 410/2892/3304 407/2918/3304
f 406/2932/3305 407/2918/3305 405/2907/3305
f 406/2932/3306 405/2907/3306 404/2909/3306
f 412/1141/3307 406/2932/3307 411/1000/3307
f 411/1000/3308 406/2932/3308 404/2909/3308
f 1791/1101/3309 1793/1066/3309 1796/2933/3309
f 2633/1147/3310 2636/1146/3310 2631/1202/3310
f 3300/1156/3311 3495/1155/3311 3501/2921/3311
f 3516/2934/3312 3515/2928/3312 3513/1119/3312
f 2121/2913/3313 2123/1126/3313 2120/1237/3313
f 2119/2935/3314 2121/2913/3314 2120/1237/3314
f 932/1159/3315 931/1128/3315 925/2914/3315
f 929/2915/3316 945/2903/3316 939/2936/3316
f 939/2936/3317 945/2903/3317 978/2894/3317
f 841/2896/3318 838/2924/3318 837/2937/3318
f 780/2938/3319 781/2904/3319 841/2896/3319
f 780/2938/3320 841/2896/3320 837/2937/3320
f 439/2939/3321 453/2940/3321 438/2927/3321
f 777/2925/3322 781/2904/3322 780/2938/3322
f 439/2939/3323 438/2927/3323 418/2931/3323
f 2465/2941/3324 2469/1194/3324 2466/2942/3324
f 829/2930/3325 847/2898/3325 830/2943/3325
f 847/2898/3326 852/2906/3326 833/2944/3326
f 833/2944/3327 852/2906/3327 853/1061/3327
f 853/1061/3328 866/2905/3328 865/1242/3328
f 866/2905/3329 895/1129/3329 865/1242/3329
f 810/2945/3330 804/1166/3330 789/1168/3330
f 1841/1169/3331 1839/1135/3331 1840/1136/3331
f 1791/1101/3332 1796/2933/3332 1798/1172/3332
f 1798/1172/3333 1796/2933/3333 1799/2946/3333
f 435/1221/3334 432/1174/3334 434/1175/3334
f 2631/1202/3335 2681/1111/3335 2648/1154/3335
f 2682/1110/3336 2683/1109/3336 2679/1183/3336
f 3516/2934/3337 3513/1119/3337 3517/2947/3337
f 2118/1234/3338 2119/2935/3338 2120/1237/3338
f 1077/1192/3339 1079/2929/3339 1080/1217/3339
f 2411/2922/3340 2407/1077/3340 2408/2948/3340
f 2408/2948/3341 2407/1077/3341 2404/2923/3341
f 2467/2949/3342 2474/1193/3342 2464/1195/3342
f 454/2950/3343 453/2940/3343 439/2939/3343
f 2464/1195/3344 2469/1194/3344 2465/2941/3344
f 428/2951/3345 439/2939/3345 418/2931/3345
f 830/2943/3346 847/2898/3346 833/2944/3346
f 833/2944/3347 853/1061/3347 835/2952/3347
f 835/2952/3348 853/1061/3348 865/1242/3348
f 416/2953/3349 418/2931/3349 415/2916/3349
f 1362/1197/3350 1372/1085/3350 1388/1083/3350
f 416/2953/3351 415/2916/3351 407/2918/3351
f 1799/2946/3352 1796/2933/3352 1800/2954/3352
f 2632/1203/3353 2631/1202/3353 2648/1154/3353
f 925/2914/3354 926/2902/3354 924/2955/3354
f 924/2955/3355 926/2902/3355 929/2915/3355
f 2481/2956/3356 2483/2957/3356 2477/2958/3356
f 2477/2958/3357 2474/1193/3357 2467/2949/3357
f 1081/2959/3358 1075/1160/3358 1078/1191/3358
f 891/1240/3359 895/1129/3359 909/1190/3359
f 768/2960/3360 777/2925/3360 780/2938/3360
f 788/2875/3361 777/2925/3361 783/1167/3361
f 799/2961/3362 814/2962/3362 792/2963/3362
f 792/2963/3363 814/2962/3363 811/2964/3363
f 811/2964/3364 810/2945/3364 792/2963/3364
f 792/2963/3365 810/2945/3365 789/1168/3365
f 408/2965/3366 407/2918/3366 406/2932/3366
f 408/2965/3367 406/2932/3367 412/1141/3367
f 408/2965/3368 412/1141/3368 425/1140/3368
f 1714/2966/3369 1708/2967/3369 1713/2968/3369
f 432/1174/3370 408/2965/3370 425/1140/3370
f 3547/2969/3371 3548/2970/3371 3549/1270/3371
f 3395/1215/3372 3439/1213/3372 3419/1116/3372
f 2122/1232/3373 2120/1237/3373 2134/1238/3373
f 924/2955/3374 929/2915/3374 939/2936/3374
f 439/2939/3375 428/2951/3375 437/2971/3375
f 2462/2972/3376 2464/1195/3376 2465/2941/3376
f 860/2973/3377 780/2938/3377 837/2937/3377
f 844/2974/3378 845/2926/3378 829/2930/3378
f 865/1242/3379 895/1129/3379 891/1240/3379
f 830/2943/3380 833/2944/3380 832/2975/3380
f 834/2976/3381 835/2952/3381 865/1242/3381
f 417/2977/3382 416/2953/3382 407/2918/3382
f 417/2977/3383 407/2918/3383 408/2965/3383
f 2638/1246/3384 2632/1203/3384 2648/1154/3384
f 3152/2978/3385 3153/2979/3385 3154/2980/3385
f 3391/1258/3386 3439/1213/3386 3395/1215/3386
f 2122/1232/3387 2134/1238/3387 2135/1263/3387
f 921/1407/3388 925/2914/3388 924/2955/3388
f 921/1407/3389 924/2955/3389 920/1408/3389
f 924/2955/3390 939/2936/3390 940/2981/3390
f 909/1190/3391 932/1159/3391 910/1413/3391
f 454/2950/3392 439/2939/3392 437/2971/3392
f 1421/1218/3393 1427/2982/3393 1425/2983/3393
f 860/2973/3394 837/2937/3394 840/2984/3394
f 837/2937/3395 838/2924/3395 839/2985/3395
f 840/2984/3396 837/2937/3396 839/2985/3396
f 839/2985/3397 838/2924/3397 845/2926/3397
f 437/2971/3398 428/2951/3398 436/2986/3398
f 768/2960/3399 780/2938/3399 860/2973/3399
f 773/2987/3400 777/2925/3400 768/2960/3400
f 2462/2972/3401 2465/2941/3401 2461/2988/3401
f 783/1167/3402 777/2925/3402 773/2987/3402
f 836/2989/3403 829/2930/3403 828/2990/3403
f 828/2990/3404 829/2930/3404 830/2943/3404
f 2461/2988/3405 2465/2941/3405 2466/2942/3405
f 794/2991/3406 799/2961/3406 792/2963/3406
f 779/2992/3407 783/1167/3407 773/2987/3407
f 831/2993/3408 830/2943/3408 832/2975/3408
f 834/2976/3409 865/1242/3409 864/1241/3409
f 426/2994/3410 428/2951/3410 418/2931/3410
f 779/2992/3411 792/2963/3411 789/1168/3411
f 789/1168/3412 783/1167/3412 779/2992/3412
f 832/2975/3413 833/2944/3413 834/2976/3413
f 833/2944/3414 835/2952/3414 834/2976/3414
f 426/2994/3415 418/2931/3415 420/2995/3415
f 420/2995/3416 418/2931/3416 416/2953/3416
f 419/1222/3417 417/2977/3417 408/2965/3417
f 421/2996/3418 417/2977/3418 419/1222/3418
f 432/1174/3419 419/1222/3419 408/2965/3419
f 1707/2997/3420 1708/2967/3420 1709/2998/3420
f 3549/1270/3421 3550/1272/3421 3547/2969/3421
f 1708/2967/3422 1710/2999/3422 1709/2998/3422
f 1710/2999/3423 1718/3000/3423 1711/3001/3423
f 2645/1293/3424 2638/1246/3424 2648/1154/3424
f 2645/1293/3425 2648/1154/3425 2664/1307/3425
f 3394/1260/3426 3391/1258/3426 3395/1215/3426
f 2135/1263/3427 2136/1262/3427 2137/3002/3427
f 2481/2956/3428 2477/2958/3428 2476/3003/3428
f 910/1413/3429 932/1159/3429 921/1407/3429
f 932/1159/3430 925/2914/3430 921/1407/3430
f 920/1408/3431 924/2955/3431 940/2981/3431
f 3144/3004/3432 3145/3005/3432 3146/3006/3432
f 2476/3003/3433 2477/2958/3433 2467/2949/3433
f 2476/3003/3434 2467/2949/3434 2468/3007/3434
f 940/2981/3435 939/2936/3435 980/3008/3435
f 3147/3009/3436 3145/3005/3436 3144/3004/3436
f 2468/3007/3437 2467/2949/3437 2463/3010/3437
f 1407/1285/3438 1421/1218/3438 1425/2983/3438
f 2463/3010/3439 2467/2949/3439 2464/1195/3439
f 2463/3010/3440 2464/1195/3440 2462/2972/3440
f 902/3011/3441 909/1190/3441 910/1413/3441
f 839/2985/3442 845/2926/3442 844/2974/3442
f 891/1240/3443 909/1190/3443 902/3011/3443
f 844/2974/3444 829/2930/3444 836/2989/3444
f 436/2986/3445 428/2951/3445 426/2994/3445
f 794/2991/3446 792/2963/3446 779/2992/3446
f 828/2990/3447 830/2943/3447 831/2993/3447
f 420/2995/3448 416/2953/3448 421/2996/3448
f 421/2996/3449 416/2953/3449 417/2977/3449
f 421/2996/3450 419/1222/3450 440/3012/3450
f 1713/2968/3451 1708/2967/3451 1707/2997/3451
f 1709/2998/3452 1710/2999/3452 1711/3001/3452
f 3316/1223/3453 3315/1245/3453 3317/1421/3453
f 2804/3013/3454 2801/1206/3454 2802/1249/3454
f 2936/1324/3455 2934/3014/3455 2931/1325/3455
f 2931/1325/3456 2934/3014/3456 2933/3015/3456
f 2793/1295/3457 2796/1248/3457 2794/1279/3457
f 2793/1295/3458 2794/1279/3458 2795/1338/3458
f 2842/1329/3459 2844/3016/3459 2840/1327/3459
f 3046/1257/3460 3028/1256/3460 3016/1302/3460
f 3046/1257/3461 3016/1302/3461 3029/1261/3461
f 2142/1315/3462 2135/1263/3462 2143/3017/3462
f 2143/3017/3463 2135/1263/3463 2137/3002/3463
f 2137/3002/3464 2136/1262/3464 2138/3018/3464
f 2138/3018/3465 2136/1262/3465 2139/1284/3465
f 2463/3010/3466 2462/2972/3466 2460/3019/3466
f 2462/2972/3467 2461/2988/3467 2460/3019/3467
f 441/3020/3468 440/3012/3468 419/1222/3468
f 3321/1418/3469 3328/1224/3469 3316/1223/3469
f 2935/1323/3470 2931/1325/3470 2930/3021/3470
f 2930/3021/3471 2931/1325/3471 2932/3022/3471
f 2932/3022/3472 2931/1325/3472 2933/3015/3472
f 2841/1328/3473 2840/1327/3473 2843/3023/3473
f 3393/1342/3474 3394/1260/3474 3398/3024/3474
f 3037/1236/3475 3029/1261/3475 3015/1316/3475
f 1854/3025/3476 1853/3026/3476 1847/3027/3476
f 2482/3028/3477 2484/3029/3477 2481/2956/3477
f 2481/2956/3478 2476/3003/3478 2478/3030/3478
f 920/1408/3479 940/2981/3479 942/1411/3479
f 2476/3003/3480 2468/3007/3480 2471/3031/3480
f 860/2973/3481 840/2984/3481 842/3032/3481
f 761/3033/3482 773/2987/3482 768/2960/3482
f 2460/3019/3483 2461/2988/3483 2455/3034/3483
f 793/3035/3484 794/2991/3484 779/2992/3484
f 779/2992/3485 773/2987/3485 761/3033/3485
f 1/3036/3486 2/3037/3486 3/3038/3486
f 861/3039/3487 864/1241/3487 891/1240/3487
f 832/2975/3488 834/2976/3488 859/3040/3488
f 248/1377/3489 265/1375/3489 262/3041/3489
f 3318/1420/3490 3316/1223/3490 3317/1421/3490
f 2300/3042/3491 2301/3043/3491 2302/3044/3491
f 2301/3043/3492 2304/3045/3492 2302/3044/3492
f 2303/3046/3493 2300/3042/3493 2302/3044/3493
f 2302/3044/3494 2304/3045/3494 2306/3047/3494
f 2665/1391/3495 2670/1326/3495 2645/1293/3495
f 3422/1331/3496 3334/1358/3496 3332/1333/3496
f 3540/3048/3497 3541/3049/3497 3542/3050/3497
f 2305/3051/3498 2303/3046/3498 2302/3044/3498
f 2694/1363/3499 2641/1252/3499 2651/1281/3499
f 3399/1340/3500 3401/1366/3500 3420/1455/3500
f 3399/1340/3501 3420/1455/3501 3422/1331/3501
f 3399/1340/3502 3422/1331/3502 3400/1330/3502
f 1854/3025/3503 1855/1344/3503 1856/1343/3503
f 1852/3052/3504 1855/1344/3504 1854/3025/3504
f 1852/3052/3505 1854/3025/3505 1847/3027/3505
f 1853/3026/3506 1868/3053/3506 1849/1466/3506
f 3039/1318/3507 3010/1317/3507 3014/1346/3507
f 2482/3028/3508 2481/2956/3508 2478/3030/3508
f 2478/3030/3509 2476/3003/3509 2471/3031/3509
f 910/1413/3510 921/1407/3510 912/1406/3510
f 2484/3029/3511 2482/3028/3511 2485/3054/3511
f 2488/3055/3512 2489/3056/3512 2485/3054/3512
f 2489/3056/3513 2484/3029/3513 2485/3054/3513
f 902/3011/3514 910/1413/3514 911/1412/3514
f 1407/1285/3515 1425/2983/3515 1424/3057/3515
f 1406/1373/3516 1407/1285/3516 1424/3057/3516
f 2463/3010/3517 2460/3019/3517 2453/3058/3517
f 842/3032/3518 840/2984/3518 839/2985/3518
f 842/3032/3519 839/2985/3519 843/3059/3519
f 843/3059/3520 839/2985/3520 844/2974/3520
f 831/2993/3521 832/2975/3521 850/3060/3521
f 859/3040/3522 834/2976/3522 861/3039/3522
f 861/3039/3523 834/2976/3523 864/1241/3523
f 793/3035/3524 779/2992/3524 778/3061/3524
f 850/3060/3525 832/2975/3525 859/3040/3525
f 248/1377/3526 262/3041/3526 247/1436/3526
f 262/3041/3527 267/1379/3527 251/1437/3527
f 247/1436/3528 262/3041/3528 251/1437/3528
f 251/1437/3529 267/1379/3529 260/1381/3529
f 2845/1320/3530 2846/1319/3530 2847/3062/3530
f 1712/3063/3531 1713/2968/3531 1707/2997/3531
f 1343/1291/3532 1344/1322/3532 1345/1355/3532
f 2862/1289/3533 2851/1354/3533 2861/1290/3533
f 1712/3063/3534 1707/2997/3534 1709/2998/3534
f 1715/3064/3535 1709/2998/3535 1711/3001/3535
f 2670/1326/3536 2671/1448/3536 2643/1294/3536
f 2643/1294/3537 2671/1448/3537 2644/1277/3537
f 2693/1390/3538 2694/1363/3538 2699/1337/3538
f 2701/1385/3539 2697/1365/3539 2695/1386/3539
f 2664/1307/3540 2665/1391/3540 2645/1293/3540
f 3536/1456/3541 3538/1458/3541 3539/3065/3541
f 2651/1281/3542 2699/1337/3542 2694/1363/3542
f 2658/1308/3543 2654/1314/3543 2653/1394/3543
f 1857/1462/3544 1855/1344/3544 1852/3052/3544
f 1847/3027/3545 1853/3026/3545 1849/1466/3545
f 2471/3031/3546 2468/3007/3546 2459/3066/3546
f 2459/3066/3547 2468/3007/3547 2463/3010/3547
f 2459/3066/3548 2463/3010/3548 2453/3058/3548
f 906/1500/3549 902/3011/3549 911/1412/3549
f 312/1433/3550 278/1368/3550 268/1371/3550
f 2453/3058/3551 2460/3019/3551 2452/3067/3551
f 774/3068/3552 768/2960/3552 860/2973/3552
f 893/1502/3553 891/1240/3553 902/3011/3553
f 2452/3067/3554 2460/3019/3554 2455/3034/3554
f 846/3069/3555 844/2974/3555 836/2989/3555
f 836/2989/3556 831/2993/3556 846/3069/3556
f 861/3039/3557 891/1240/3557 893/1502/3557
f 268/1371/3558 266/1372/3558 257/1376/3558
f 778/3061/3559 779/2992/3559 761/3033/3559
f 2853/1439/3560 2845/1320/3560 2847/3062/3560
f 1712/3063/3561 1709/2998/3561 1715/3064/3561
f 2700/1387/3562 2696/1449/3562 2703/1389/3562
f 3317/1421/3563 3324/1425/3563 3323/1422/3563
f 2672/1447/3564 2675/1446/3564 2671/1448/3564
f 2670/1326/3565 2672/1447/3565 2671/1448/3565
f 2672/1447/3566 2670/1326/3566 2665/1391/3566
f 2644/1277/3567 2671/1448/3567 2693/1390/3567
f 2694/1363/3568 2692/1426/3568 2698/1364/3568
f 2698/1364/3569 2692/1426/3569 2697/1365/3569
f 2692/1426/3570 2695/1386/3570 2697/1365/3570
f 3402/1393/3571 3392/1339/3571 3406/1432/3571
f 3409/1400/3572 3410/1497/3572 3407/1401/3572
f 1846/3070/3573 1857/1462/3573 1852/3052/3573
f 1846/3070/3574 1852/3052/3574 1847/3027/3574
f 1845/3071/3575 1846/3070/3575 1847/3027/3575
f 1847/3027/3576 1849/1466/3576 1848/1465/3576
f 774/3068/3577 860/2973/3577 842/3032/3577
f 843/3059/3578 844/2974/3578 846/3069/3578
f 893/1502/3579 902/3011/3579 906/1500/3579
f 760/3072/3580 761/3033/3580 768/2960/3580
f 846/3069/3581 831/2993/3581 850/3060/3581
f 2452/3067/3582 2455/3034/3582 2454/3073/3582
f 2696/1449/3583 2695/1386/3583 2691/1451/3583
f 2693/1390/3584 2689/1450/3584 2692/1426/3584
f 2660/1428/3585 2665/1391/3585 2659/1362/3585
f 3033/1429/3586 3008/1430/3586 3034/1396/3586
f 1851/1460/3587 1857/1462/3587 1846/3070/3587
f 1848/1465/3588 1845/3071/3588 1847/3027/3588
f 2480/3074/3589 2482/3028/3589 2478/3030/3589
f 2478/3030/3590 2471/3031/3590 2470/3075/3590
f 1426/3076/3591 1406/1373/3591 1424/3057/3591
f 2451/3077/3592 2453/3058/3592 2452/3067/3592
f 1389/1434/3593 1364/1374/3593 1406/1373/3593
f 2450/3078/3594 2452/3067/3594 2454/3073/3594
f 881/3079/3595 861/3039/3595 893/1502/3595
f 850/3060/3596 859/3040/3596 858/3080/3596
f 2456/3081/3597 2454/3073/3597 2455/3034/3597
f 793/3035/3598 778/3061/3598 786/3082/3598
f 806/3083/3599 793/3035/3599 786/3082/3599
f 786/3082/3600 778/3061/3600 759/3084/3600
f 778/3061/3601 761/3033/3601 759/3084/3601
f 260/1381/3602 280/1443/3602 279/1511/3602
f 1716/3085/3603 1712/3063/3603 1715/3064/3603
f 2673/1444/3604 2672/1447/3604 2665/1391/3604
f 3036/1459/3605 3005/1473/3605 3033/1429/3605
f 3033/1429/3606 3005/1473/3606 3008/1430/3606
f 3427/1495/3607 3402/1393/3607 3426/1475/3607
f 1845/3071/3608 1851/1460/3608 1846/3070/3608
f 1851/1460/3609 1845/3071/3609 1850/3086/3609
f 1850/3086/3610 1845/3071/3610 1848/1465/3610
f 3011/1405/3611 3007/1404/3611 3047/1479/3611
f 912/1406/3612 915/1409/3612 914/1670/3612
f 916/1499/3613 917/1410/3613 942/1411/3613
f 2480/3074/3614 2485/3054/3614 2482/3028/3614
f 2471/3031/3615 2459/3066/3615 2470/3075/3615
f 2487/3087/3616 2488/3055/3616 2485/3054/3616
f 2459/3066/3617 2453/3058/3617 2451/3077/3617
f 2458/3088/3618 2459/3066/3618 2451/3077/3618
f 906/1500/3619 911/1412/3619 905/1501/3619
f 312/1433/3620 268/1371/3620 313/3089/3620
f 843/3059/3621 846/3069/3621 848/3090/3621
f 2450/3078/3622 2451/3077/3622 2452/3067/3622
f 846/3069/3623 850/3060/3623 849/3091/3623
f 313/3089/3624 268/1371/3624 257/1376/3624
f 858/3080/3625 859/3040/3625 861/3039/3625
f 757/1562/3626 759/3084/3626 761/3033/3626
f 757/1562/3627 761/3033/3627 760/3072/3627
f 2853/1439/3628 2847/3062/3628 2857/3092/3628
f 1717/3093/3629 1712/3063/3629 1716/3085/3629
f 3559/3094/3630 3572/3095/3630 3571/3096/3630
f 3570/3097/3631 3559/3094/3631 3571/3096/3631
f 2673/1444/3632 2665/1391/3632 2661/1494/3632
f 2674/1491/3633 2673/1444/3633 2661/1494/3633
f 1375/1384/3634 1387/1488/3634 1383/1361/3634
f 3436/1454/3635 3337/1534/3635 3333/1452/3635
f 1383/1361/3636 1391/1493/3636 1397/1395/3636
f 3027/1453/3637 3001/1518/3637 3036/1459/3637
f 3036/1459/3638 3001/1518/3638 3005/1473/3638
f 1858/1477/3639 1851/1460/3639 1850/3086/3639
f 914/1670/3640 915/1409/3640 916/1499/3640
f 911/1412/3641 912/1406/3641 913/3098/3641
f 916/1499/3642 942/1411/3642 977/3099/3642
f 2480/3074/3643 2478/3030/3643 2479/3100/3643
f 2473/3101/3644 2478/3030/3644 2470/3075/3644
f 2470/3075/3645 2459/3066/3645 2458/3088/3645
f 2486/3102/3646 2487/3087/3646 2485/3054/3646
f 2486/3102/3647 2485/3054/3647 2480/3074/3647
f 769/3103/3648 768/2960/3648 774/3068/3648
f 881/3079/3649 893/1502/3649 905/1501/3649
f 848/3090/3650 846/3069/3650 849/3091/3650
f 313/3089/3651 257/1376/3651 256/1467/3651
f 849/3091/3652 850/3060/3652 851/3104/3652
f 2457/1563/3653 2450/3078/3653 2454/3073/3653
f 851/3104/3654 850/3060/3654 858/3080/3654
f 1883/3105/3655 1884/3106/3655 1881/3107/3655
f 1876/3108/3656 1881/3107/3656 1880/3109/3656
f 1876/3108/3657 1880/3109/3657 1874/3110/3657
f 1880/3109/3658 1882/3111/3658 1874/3110/3658
f 2857/3092/3659 2856/3112/3659 2853/1439/3659
f 2856/3112/3660 2855/1506/3660 2853/1439/3660
f 2853/1439/3661 2855/1506/3661 2852/1415/3661
f 3568/3113/3662 3570/3097/3662 3571/3096/3662
f 3026/1490/3663 3001/1518/3663 3027/1453/3663
f 3429/1559/3664 3427/1495/3664 3428/1519/3664
f 2479/3100/3665 2478/3030/3665 2473/3101/3665
f 977/3099/3666 942/1411/3666 982/3114/3666
f 2473/3101/3667 2470/3075/3667 2458/3088/3667
f 1195/1523/3668 1206/1480/3668 1203/3115/3668
f 774/3068/3669 842/3032/3669 785/3116/3669
f 785/3116/3670 842/3032/3670 843/3059/3670
f 785/3116/3671 843/3059/3671 857/3117/3671
f 857/3117/3672 843/3059/3672 848/3090/3672
f 1568/3118/3673 1575/3119/3673 1567/1615/3673
f 762/3120/3674 760/3072/3674 768/2960/3674
f 858/3080/3675 861/3039/3675 881/3079/3675
f 1879/3121/3676 1883/3105/3676 1881/3107/3676
f 758/3122/3677 759/3084/3677 757/1562/3677
f 1879/3121/3678 1881/3107/3678 1876/3108/3678
f 1874/3110/3679 1882/3111/3679 1877/3123/3679
f 1876/3108/3680 1874/3110/3680 1873/3124/3680
f 3576/3125/3681 3577/3126/3681 3578/3127/3681
f 3559/3094/3682 3573/3128/3682 3572/3095/3682
f 3568/3113/3683 3564/1551/3683 3570/3097/3683
f 3567/1549/3684 3564/1551/3684 3568/3113/3684
f 2674/1491/3685 2661/1494/3685 2662/1531/3685
f 3427/1495/3686 3429/1559/3686 3433/3129/3686
f 1859/3130/3687 1858/1477/3687 1850/3086/3687
f 1859/3130/3688 1850/3086/3688 1860/1594/3688
f 913/3098/3689 912/1406/3689 914/1670/3689
f 1203/3115/3690 1207/3131/3690 1201/3132/3690
f 905/1501/3691 911/1412/3691 918/3133/3691
f 2458/3088/3692 2451/3077/3692 2448/3134/3692
f 769/3103/3693 774/3068/3693 775/3135/3693
f 775/3135/3694 774/3068/3694 785/3116/3694
f 2448/3134/3695 2451/3077/3695 2450/3078/3695
f 762/3120/3696 768/2960/3696 769/3103/3696
f 881/3079/3697 905/1501/3697 908/3136/3697
f 1196/3137/3698 1202/1481/3698 1195/1523/3698
f 1567/1615/3699 1575/3119/3699 1573/1617/3699
f 2450/3078/3700 2457/1563/3700 2446/3138/3700
f 858/3080/3701 881/3079/3701 896/3139/3701
f 2446/3138/3702 2457/1563/3702 2445/1565/3702
f 758/3122/3703 757/1562/3703 756/1561/3703
f 1879/3121/3704 1876/3108/3704 1878/3140/3704
f 2436/3141/3705 2437/1564/3705 2438/3142/3705
f 1874/3110/3706 1877/3123/3706 1875/3143/3706
f 1878/3140/3707 1876/3108/3707 1873/3124/3707
f 1873/3124/3708 1874/3110/3708 1875/3143/3708
f 3577/3126/3709 3579/3144/3709 3578/3127/3709
f 3578/3127/3710 3579/3144/3710 3580/3145/3710
f 3574/3146/3711 3575/3147/3711 3576/3125/3711
f 3575/3147/3712 3577/3126/3712 3576/3125/3712
f 2855/1506/3713 2858/1544/3713 2854/1469/3713
f 3557/1568/3714 3573/3128/3714 3559/3094/3714
f 273/1545/3715 250/1438/3715 274/1509/3715
f 3563/3148/3716 3559/3094/3716 3570/3097/3716
f 3564/1551/3717 3563/3148/3717 3570/3097/3717
f 3025/1485/3718 2999/1517/3718 3026/1490/3718
f 3433/3129/3719 3429/1559/3719 3430/1558/3719
f 1869/1592/3720 1860/1594/3720 1850/3086/3720
f 918/3133/3721 911/1412/3721 913/3098/3721
f 1198/3149/3722 1203/3115/3722 1201/3132/3722
f 2473/3101/3723 2458/3088/3723 2448/3134/3723
f 2475/3150/3724 2473/3101/3724 2448/3134/3724
f 908/3136/3725 905/1501/3725 918/3133/3725
f 1195/1523/3726 1203/3115/3726 1198/3149/3726
f 2448/3134/3727 2450/3078/3727 2446/3138/3727
f 796/3151/3728 857/3117/3728 848/3090/3728
f 796/3151/3729 848/3090/3729 849/3091/3729
f 1567/1615/3730 1573/1617/3730 1566/1616/3730
f 1196/3137/3731 1195/1523/3731 1190/3152/3731
f 897/3153/3732 849/3091/3732 851/3104/3732
f 896/3139/3733 881/3079/3733 941/3154/3733
f 1196/3137/3734 1190/3152/3734 1191/1623/3734
f 757/1562/3735 760/3072/3735 753/1560/3735
f 898/3155/3736 858/3080/3736 896/3139/3736
f 2439/1566/3737 2437/1564/3737 2436/3141/3737
f 1875/3143/3738 1877/3123/3738 1885/1596/3738
f 1382/1505/3739 1390/1504/3739 1405/1600/3739
f 2436/3141/3740 2438/3142/3740 2440/3156/3740
f 1875/3143/3741 1885/1596/3741 1886/1598/3741
f 3270/3157/3742 3271/3158/3742 3272/3159/3742
f 3558/3160/3743 3557/1568/3743 3554/1570/3743
f 3559/3094/3744 3552/1569/3744 3557/1568/3744
f 2666/1574/3745 2668/1528/3745 2662/1531/3745
f 1399/1530/3746 1381/1487/3746 1402/1607/3746
f 2656/1476/3747 2667/1582/3747 2657/1472/3747
f 3518/1537/3748 3519/1536/3748 3520/3161/3748
f 2420/3162/3749 2424/3163/3749 2423/3164/3749
f 3488/1474/3750 3411/1498/3750 3417/1649/3750
f 3412/1520/3751 3417/1649/3751 3411/1498/3751
f 1861/3165/3752 1859/3130/3752 1860/1594/3752
f 1201/3132/3753 1205/3166/3753 1186/3167/3753
f 2475/3150/3754 2448/3134/3754 2472/3168/3754
f 982/3114/3755 984/3169/3755 981/3170/3755
f 1185/3171/3756 1195/1523/3756 1198/3149/3756
f 2472/3168/3757 2448/3134/3757 2447/3172/3757
f 775/3135/3758 785/3116/3758 784/3173/3758
f 784/3173/3759 785/3116/3759 857/3117/3759
f 1568/3118/3760 1567/1615/3760 1552/3174/3760
f 2447/3172/3761 2448/3134/3761 2446/3138/3761
f 1195/1523/3762 1185/3171/3762 1190/3152/3762
f 941/3154/3763 881/3079/3763 908/3136/3763
f 753/1560/3764 760/3072/3764 762/3120/3764
f 851/3104/3765 858/3080/3765 898/3155/3765
f 2446/3138/3766 2445/1565/3766 2444/1621/3766
f 1390/1504/3767 1401/1503/3767 1405/1600/3767
f 1197/1625/3768 1196/3137/3768 1191/1623/3768
f 2439/1566/3769 2436/3141/3769 2440/3156/3769
f 3556/1601/3770 3552/1569/3770 3559/3094/3770
f 3562/3175/3771 3556/1601/3771 3563/3148/3771
f 3556/1601/3772 3559/3094/3772 3563/3148/3772
f 3565/3176/3773 3562/3175/3773 3564/1551/3773
f 3562/3175/3774 3563/3148/3774 3564/1551/3774
f 3566/1550/3775 3565/3176/3775 3564/1551/3775
f 3565/3176/3776 3566/1550/3776 3569/3177/3776
f 1861/3165/3777 1860/1594/3777 1862/1593/3777
f 977/3099/3778 982/3114/3778 981/3170/3778
f 1198/3149/3779 1201/3132/3779 1184/3178/3779
f 1184/3178/3780 1201/3132/3780 1186/3167/3780
f 1198/3149/3781 1184/3178/3781 1185/3171/3781
f 1552/3174/3782 1567/1615/3782 1550/1614/3782
f 776/3179/3783 775/3135/3783 784/3173/3783
f 784/3173/3784 857/3117/3784 796/3151/3784
f 941/3154/3785 908/3136/3785 943/3180/3785
f 1190/3152/3786 1185/3171/3786 1183/3181/3786
f 817/3182/3787 796/3151/3787 849/3091/3787
f 1191/1623/3788 1190/3152/3788 1183/3181/3788
f 2444/1621/3789 2445/1565/3789 2439/1566/3789
f 2441/3183/3790 2439/1566/3790 2440/3156/3790
f 2441/3183/3791 2440/3156/3791 2449/3184/3791
f 1194/1659/3792 1161/1661/3792 1193/3185/3792
f 1193/3185/3793 1161/1661/3793 1162/3186/3793
f 3343/1639/3794 3339/1533/3794 3342/1640/3794
f 1165/1610/3795 1193/3185/3795 1162/3186/3795
f 1162/3186/3796 1152/1585/3796 1165/1610/3796
f 2421/3187/3797 2420/3162/3797 2423/3164/3797
f 1862/1593/3798 1863/3188/3798 1861/3165/3798
f 1864/3189/3799 1863/3188/3799 1862/1593/3799
f 923/1672/3800 913/3098/3800 914/1670/3800
f 938/3190/3801 918/3133/3801 913/3098/3801
f 938/3190/3802 913/3098/3802 923/1672/3802
f 943/3180/3803 908/3136/3803 918/3133/3803
f 2444/1621/3804 2447/3172/3804 2446/3138/3804
f 817/3182/3805 849/3091/3805 897/3153/3805
f 897/3153/3806 851/3104/3806 898/3155/3806
f 1191/1623/3807 1183/3181/3807 1187/3191/3807
f 1191/1623/3808 1187/3191/3808 1189/1624/3808
f 2442/1620/3809 2439/1566/3809 2441/3183/3809
f 2854/1469/3810 2859/1599/3810 2865/1571/3810
f 1159/3192/3811 1167/1677/3811 1169/3193/3811
f 3556/1601/3812 3562/3175/3812 3561/1652/3812
f 1140/3194/3813 1141/3195/3813 1142/3196/3813
f 1161/1661/3814 1194/1659/3814 1155/1658/3814
f 1143/3197/3815 1141/3195/3815 1140/3194/3815
f 1143/3197/3816 1140/3194/3816 1144/3198/3816
f 1161/1661/3817 1153/1660/3817 1152/1585/3817
f 1162/3186/3818 1161/1661/3818 1152/1585/3818
f 1151/1586/3819 1152/1585/3819 1143/3197/3819
f 1151/1586/3820 1143/3197/3820 1144/3198/3820
f 2422/3199/3821 2420/3162/3821 2419/3200/3821
f 2419/3200/3822 2420/3162/3822 2421/3187/3822
f 604/1642/3823 609/1644/3823 605/3201/3823
f 1865/3202/3824 1863/3188/3824 1864/3189/3824
f 914/1670/3825 916/1499/3825 919/3203/3825
f 916/1499/3826 977/3099/3826 919/3203/3826
f 919/3203/3827 977/3099/3827 979/3204/3827
f 943/3180/3828 918/3133/3828 938/3190/3828
f 1548/3205/3829 1550/1614/3829 1566/1616/3829
f 1548/3205/3830 1566/1616/3830 1540/3206/3830
f 1185/3171/3831 1184/3178/3831 1182/3207/3831
f 1182/3207/3832 1184/3178/3832 1179/3208/3832
f 1184/3178/3833 1186/3167/3833 1179/3208/3833
f 1179/3208/3834 1186/3167/3834 1180/3209/3834
f 769/3103/3835 775/3135/3835 776/3179/3835
f 784/3173/3836 796/3151/3836 795/3210/3836
f 1540/3206/3837 1566/1616/3837 1571/1618/3837
f 1540/3206/3838 1571/1618/3838 1570/3211/3838
f 1180/3209/3839 1192/3212/3839 1178/3213/3839
f 795/3210/3840 796/3151/3840 817/3182/3840
f 1570/3211/3841 1571/1618/3841 1574/3214/3841
f 1183/3181/3842 1185/3171/3842 1182/3207/3842
f 1179/3208/3843 1180/3209/3843 1178/3213/3843
f 1178/3213/3844 1192/3212/3844 1199/3215/3844
f 1181/1708/3845 1183/3181/3845 1182/3207/3845
f 1178/3213/3846 1199/3215/3846 1200/3216/3846
f 594/3217/3847 580/3218/3847 576/3219/3847
f 579/3220/3848 595/1686/3848 520/1685/3848
f 1178/3213/3849 1200/3216/3849 1170/3221/3849
f 580/3218/3850 578/3222/3850 530/3223/3850
f 578/3222/3851 579/3220/3851 520/1685/3851
f 530/3223/3852 578/3222/3852 522/3224/3852
f 578/3222/3853 520/1685/3853 522/3224/3853
f 2443/3225/3854 2442/1620/3854 2441/3183/3854
f 1149/1675/3855 1167/1677/3855 1159/3192/3855
f 1153/1660/3856 1143/3197/3856 1152/1585/3856
f 3343/1639/3857 3441/3226/3857 3345/1609/3857
f 3335/1555/3858 3338/1554/3858 3346/1665/3858
f 565/1701/3859 604/1642/3859 605/3201/3859
f 977/3099/3860 981/3170/3860 979/3204/3860
f 752/1773/3861 753/1560/3861 762/3120/3861
f 1182/3207/3862 1179/3208/3862 1181/1708/3862
f 1176/3227/3863 1179/3208/3863 1178/3213/3863
f 587/3228/3864 594/3217/3864 576/3219/3864
f 1181/1708/3865 1179/3208/3865 1176/3227/3865
f 229/1706/3866 230/1687/3866 228/1689/3866
f 1183/3181/3867 1181/1708/3867 1177/1710/3867
f 1170/3221/3868 1176/3227/3868 1178/3213/3868
f 1187/3191/3869 1183/3181/3869 1177/1710/3869
f 530/3223/3870 576/3219/3870 580/3218/3870
f 1170/3221/3871 1200/3216/3871 1158/1676/3871
f 1189/1624/3872 1187/3191/3872 1174/1715/3872
f 1189/1624/3873 1174/1715/3873 1166/3229/3873
f 1188/1628/3874 1189/1624/3874 1166/3229/3874
f 1147/3230/3875 1149/1675/3875 1159/3192/3875
f 1175/1631/3876 1188/1628/3876 1166/3229/3876
f 1175/1631/3877 1166/3229/3877 1163/3231/3877
f 1146/3232/3878 1147/3230/3878 1141/3195/3878
f 1141/3195/3879 1147/3230/3879 1142/3196/3879
f 1172/1657/3880 1175/1631/3880 1163/3231/3880
f 1172/1657/3881 1163/3231/3881 1155/1658/3881
f 1153/1660/3882 1155/1658/3882 1145/3233/3882
f 1153/1660/3883 1145/3233/3883 1143/3197/3883
f 1143/3197/3884 1145/3233/3884 1141/3195/3884
f 3546/3234/3885 3544/3235/3885 3543/3236/3885
f 3543/3236/3886 3544/3235/3886 3545/3237/3886
f 3437/1637/3887 3421/1730/3887 3338/1554/3887
f 2425/3238/3888 2422/3199/3888 2419/3200/3888
f 590/1704/3889 565/1701/3889 605/3201/3889
f 1867/3239/3890 1865/3202/3890 1866/3240/3890
f 603/1646/3891 590/1704/3891 605/3201/3891
f 1866/3240/3892 1865/3202/3892 1864/3189/3892
f 922/1671/3893 914/1670/3893 919/3203/3893
f 570/1739/3894 598/3241/3894 571/3242/3894
f 599/1684/3895 598/3241/3895 570/1739/3895
f 764/3243/3896 769/3103/3896 776/3179/3896
f 776/3179/3897 784/3173/3897 795/3210/3897
f 782/3244/3898 776/3179/3898 795/3210/3898
f 230/1687/3899 229/1706/3899 261/1736/3899
f 261/1736/3900 229/1706/3900 264/1737/3900
f 1181/1708/3901 1176/3227/3901 1173/1709/3901
f 544/3245/3902 587/3228/3902 576/3219/3902
f 1173/1709/3903 1176/3227/3903 1171/3246/3903
f 225/1707/3904 228/1689/3904 226/1712/3904
f 1171/3246/3905 1176/3227/3905 1170/3221/3905
f 1187/3191/3906 1177/1710/3906 1174/1715/3906
f 525/3247/3907 522/3224/3907 521/3248/3907
f 521/3248/3908 522/3224/3908 520/1685/3908
f 1156/1717/3909 1170/3221/3909 1158/1676/3909
f 1149/1675/3910 1156/1717/3910 1158/1676/3910
f 1147/3230/3911 1148/1716/3911 1149/1675/3911
f 1146/3232/3912 1148/1716/3912 1147/3230/3912
f 1163/3231/3913 1166/3229/3913 1154/1744/3913
f 1155/1658/3914 1163/3231/3914 1154/1744/3914
f 1150/1743/3915 1146/3232/3915 1145/3233/3915
f 1145/3233/3916 1146/3232/3916 1141/3195/3916
f 1155/1658/3917 1154/1744/3917 1145/3233/3917
f 528/1727/3918 527/1722/3918 552/1724/3918
f 554/1728/3919 528/1727/3919 552/1724/3919
f 581/3249/3920 546/3250/3920 558/1702/3920
f 581/3249/3921 558/1702/3921 583/3251/3921
f 581/3249/3922 583/3251/3922 582/1734/3922
f 1560/3252/3923 1552/3174/3923 1549/3253/3923
f 1549/3253/3924 1552/3174/3924 1550/1614/3924
f 1546/3254/3925 1550/1614/3925 1548/3205/3925
f 1540/3206/3926 1570/3211/3926 1534/3255/3926
f 764/3243/3927 762/3120/3927 769/3103/3927
f 764/3243/3928 776/3179/3928 782/3244/3928
f 1570/3211/3929 1574/3214/3929 1569/1772/3929
f 752/1773/3930 762/3120/3930 764/3243/3930
f 782/3244/3931 795/3210/3931 803/3256/3931
f 572/3257/3932 587/3228/3932 551/3258/3932
f 551/3258/3933 587/3228/3933 544/3245/3933
f 1164/1714/3934 1173/1709/3934 1157/3259/3934
f 1173/1709/3935 1171/3246/3935 1157/3259/3935
f 1156/1717/3936 1171/3246/3936 1170/3221/3936
f 530/3223/3937 544/3245/3937 576/3219/3937
f 1164/1714/3938 1177/1710/3938 1173/1709/3938
f 1157/3259/3939 1171/3246/3939 1156/1717/3939
f 525/3247/3940 530/3223/3940 522/3224/3940
f 1174/1715/3941 1164/1714/3941 1160/1742/3941
f 524/3260/3942 525/3247/3942 521/3248/3942
f 1166/3229/3943 1174/1715/3943 1160/1742/3943
f 1150/1743/3944 1157/3259/3944 1148/1716/3944
f 1148/1716/3945 1157/3259/3945 1156/1717/3945
f 524/3260/3946 521/3248/3946 523/1797/3946
f 526/3261/3947 525/3247/3947 524/3260/3947
f 1166/3229/3948 1160/1742/3948 1154/1744/3948
f 1150/1743/3949 1148/1716/3949 1146/3232/3949
f 528/1727/3950 526/3261/3950 524/3260/3950
f 527/1722/3951 524/3260/3951 523/1797/3951
f 527/1722/3952 523/1797/3952 529/1723/3952
f 528/1727/3953 524/3260/3953 527/1722/3953
f 1154/1744/3954 1150/1743/3954 1145/3233/3954
f 561/1726/3955 531/3262/3955 528/1727/3955
f 2427/3263/3956 2425/3238/3956 2426/3264/3956
f 543/1747/3957 546/3250/3957 573/1752/3957
f 546/3250/3958 543/1747/3958 545/1749/3958
f 550/1735/3959 547/1750/3959 565/1701/3959
f 2426/3264/3960 2425/3238/3960 2419/3200/3960
f 573/1752/3961 546/3250/3961 581/3249/3961
f 546/3250/3962 545/1749/3962 558/1702/3962
f 590/1704/3963 550/1735/3963 565/1701/3963
f 565/1701/3964 548/1751/3964 566/1682/3964
f 560/1703/3965 558/1702/3965 545/1749/3965
f 545/1749/3966 550/1735/3966 560/1703/3966
f 573/1752/3967 581/3249/3967 582/1734/3967
f 570/1739/3968 571/3242/3968 512/3265/3968
f 217/1768/3969 209/1753/3969 213/1755/3969
f 1549/3253/3970 1550/1614/3970 1546/3254/3970
f 1548/3205/3971 1540/3206/3971 1544/3266/3971
f 1534/3255/3972 1570/3211/3972 1569/1772/3972
f 1534/3255/3973 1569/1772/3973 1527/1771/3973
f 520/1685/3974 570/1739/3974 517/3267/3974
f 569/3268/3975 572/3257/3975 551/3258/3975
f 751/1774/3976 754/1650/3976 753/1560/3976
f 540/3269/3977 551/3258/3977 544/3245/3977
f 540/3269/3978 544/3245/3978 533/3270/3978
f 533/3270/3979 544/3245/3979 530/3223/3979
f 224/1760/3980 226/1712/3980 232/1711/3980
f 533/3270/3981 530/3223/3981 525/3247/3981
f 1150/1743/3982 1164/1714/3982 1157/3259/3982
f 1160/1742/3983 1164/1714/3983 1150/1743/3983
f 532/1765/3984 533/3270/3984 525/3247/3984
f 532/1765/3985 525/3247/3985 526/3261/3985
f 259/1741/3986 272/1719/3986 311/1781/3986
f 2871/1745/3987 2872/1800/3987 2869/1656/3987
f 531/3262/3988 532/1765/3988 526/3261/3988
f 549/3271/3989 538/3272/3989 584/3273/3989
f 531/3262/3990 526/3261/3990 528/1727/3990
f 584/3273/3991 538/3272/3991 543/1747/3991
f 529/1723/3992 553/1783/3992 555/1725/3992
f 532/1765/3993 531/3262/3993 548/1751/3993
f 543/1747/3994 538/3272/3994 539/1748/3994
f 541/3274/3995 532/1765/3995 547/1750/3995
f 574/1733/3996 584/3273/3996 543/1747/3996
f 574/1733/3997 543/1747/3997 573/1752/3997
f 545/1749/3998 539/1748/3998 541/3274/3998
f 545/1749/3999 541/3274/3999 550/1735/3999
f 541/3274/4000 547/1750/4000 550/1735/4000
f 514/3275/4001 575/3276/4001 577/3277/4001
f 512/3265/4002 571/3242/4002 514/3275/4002
f 571/3242/4003 575/3276/4003 514/3275/4003
f 1546/3254/4004 1548/3205/4004 1544/3266/4004
f 1563/1770/4005 1565/3278/4005 1523/3279/4005
f 1565/3278/4006 1572/3280/4006 1564/3281/4006
f 1564/3281/4007 1572/3280/4007 1562/1807/4007
f 1544/3266/4008 1540/3206/4008 1538/3282/4008
f 1138/3283/4009 1135/3284/4009 1127/3285/4009
f 542/3286/4010 569/3268/4010 551/3258/4010
f 542/3286/4011 551/3258/4011 540/3269/4011
f 537/3287/4012 542/3286/4012 540/3269/4012
f 535/3288/4013 540/3269/4013 533/3270/4013
f 520/1685/4014 517/3267/4014 509/1796/4014
f 537/3287/4015 540/3269/4015 535/3288/4015
f 521/3248/4016 520/1685/4016 509/1796/4016
f 258/1777/4017 232/1711/4017 277/1778/4017
f 521/3248/4018 509/1796/4018 523/1797/4018
f 549/3271/4019 537/3287/4019 538/3272/4019
f 536/3289/4020 537/3287/4020 535/3288/4020
f 536/3289/4021 535/3288/4021 534/3290/4021
f 2322/3291/4022 2323/3292/4022 2319/3293/4022
f 538/3272/4023 537/3287/4023 536/3289/4023
f 535/3288/4024 533/3270/4024 534/3290/4024
f 529/1723/4025 523/1797/4025 503/1782/4025
f 585/1697/4026 586/1763/4026 549/3271/4026
f 585/1697/4027 549/3271/4027 584/3273/4027
f 534/3290/4028 533/3270/4028 532/1765/4028
f 3474/1784/4029 3460/1721/4029 3459/1786/4029
f 574/1733/4030 585/1697/4030 584/3273/4030
f 538/3272/4031 536/3289/4031 539/1748/4031
f 539/1748/4032 536/3289/4032 534/3290/4032
f 534/3290/4033 532/1765/4033 541/3274/4033
f 539/1748/4034 534/3290/4034 541/3274/4034
f 514/3275/4035 577/3277/4035 519/3294/4035
f 519/3294/4036 577/3277/4036 600/3295/4036
f 1527/1771/4037 1563/1770/4037 1523/3279/4037
f 1523/3279/4038 1565/3278/4038 1564/3281/4038
f 1538/3282/4039 1540/3206/4039 1534/3255/4039
f 802/3296/4040 782/3244/4040 803/3256/4040
f 802/3296/4041 803/3256/4041 813/3297/4041
f 517/3267/4042 570/1739/4042 507/1823/4042
f 1127/3285/4043 1135/3284/4043 1104/3298/4043
f 597/3299/4044 542/3286/4044 537/3287/4044
f 2318/9/4045 2321/1811/4045 2322/3291/4045
f 2322/3291/4046 2321/1811/4046 2324/3300/4046
f 2318/9/4047 2322/3291/4047 2319/3293/4047
f 1521/3301/4048 1564/3281/4048 1562/1807/4048
f 1561/3302/4049 1560/3252/4049 1551/3303/4049
f 513/1861/4050 519/3294/4050 593/3304/4050
f 1551/3303/4051 1560/3252/4051 1549/3253/4051
f 1523/3279/4052 1564/3281/4052 1521/3301/4052
f 1533/1822/4053 1534/3255/4053 1527/1771/4053
f 1538/3282/4054 1534/3255/4054 1536/3305/4054
f 1536/3305/4055 1534/3255/4055 1533/1822/4055
f 507/1823/4056 570/1739/4056 512/3265/4056
f 1127/3285/4057 1104/3298/4057 1091/3306/4057
f 517/3267/4058 507/1823/4058 509/1796/4058
f 1091/3306/4059 1104/3298/4059 1100/3307/4059
f 1091/3306/4060 1100/3307/4060 1092/1935/4060
f 2318/9/4061 2319/3293/4061 2315/7/4061
f 1515/1838/4062 1516/1818/4062 1455/1872/4062
f 1452/1856/4063 1455/1872/4063 1467/3308/4063
f 1452/1856/4064 1467/3308/4064 1463/1857/4064
f 1521/3301/4065 1562/1807/4065 1508/1840/4065
f 508/1863/4066 514/3275/4066 513/1861/4066
f 514/3275/4067 519/3294/4067 513/1861/4067
f 512/3265/4068 514/3275/4068 508/1863/4068
f 1551/3303/4069 1549/3253/4069 1547/3309/4069
f 1549/3253/4070 1546/3254/4070 1547/3309/4070
f 506/1824/4071 512/3265/4071 508/1863/4071
f 752/1773/4072 764/3243/4072 763/3310/4072
f 507/1823/4073 512/3265/4073 506/1824/4073
f 751/1774/4074 752/1773/4074 749/1901/4074
f 750/1903/4075 751/1774/4075 749/1901/4075
f 509/1796/4076 507/1823/4076 502/3311/4076
f 507/1823/4077 498/1825/4077 502/3311/4077
f 509/1796/4078 502/3311/4078 503/1782/4078
f 3478/1852/4079 3479/3312/4079 3477/1814/4079
f 2315/7/4080 2319/3293/4080 2320/3313/4080
f 3354/1732/4081 3424/1836/4081 3434/1746/4081
f 1507/1806/4082 1509/1805/4082 1505/1819/4082
f 1522/1924/4083 1523/3279/4083 1521/3301/4083
f 1528/1821/4084 1527/1771/4084 1526/3314/4084
f 1526/3314/4085 1527/1771/4085 1523/3279/4085
f 1526/3314/4086 1523/3279/4086 1522/1924/4086
f 212/1820/4087 195/1808/4087 198/1842/4087
f 1553/3315/4088 1551/3303/4088 1547/3309/4088
f 1547/3309/4089 1546/3254/4089 1545/3316/4089
f 1545/3316/4090 1546/3254/4090 1544/3266/4090
f 1545/3316/4091 1544/3266/4091 1539/3317/4091
f 1544/3266/4092 1538/3282/4092 1539/3317/4092
f 764/3243/4093 782/3244/4093 772/3318/4093
f 782/3244/4094 802/3296/4094 772/3318/4094
f 772/3318/4095 802/3296/4095 801/3319/4095
f 749/1901/4096 752/1773/4096 763/3310/4096
f 1126/3320/4097 1127/3285/4097 1091/3306/4097
f 1091/3306/4098 1092/1935/4098 1090/1937/4098
f 2874/1780/4099 2876/1826/4099 2875/1798/4099
f 553/1783/4100 503/1782/4100 504/3321/4100
f 589/3322/4101 511/1853/4101 588/1855/4101
f 511/1853/4102 589/3322/4102 504/3321/4102
f 591/1801/4103 553/1783/4103 504/3321/4103
f 504/3321/4104 589/3322/4104 591/1801/4104
f 220/1839/4105 216/1859/4105 307/3323/4105
f 1539/3317/4106 1538/3282/4106 1536/3305/4106
f 1536/3305/4107 1533/1822/4107 1535/3324/4107
f 763/3310/4108 764/3243/4108 772/3318/4108
f 801/3319/4109 802/3296/4109 813/3297/4109
f 801/3319/4110 813/3297/4110 812/3325/4110
f 1132/3326/4111 1127/3285/4111 1126/3320/4111
f 502/3311/4112 498/1825/4112 499/3327/4112
f 2316/10/4113 2315/7/4113 2320/3313/4113
f 502/3311/4114 499/3327/4114 503/1782/4114
f 503/1782/4115 499/3327/4115 504/3321/4115
f 588/1855/4116 567/1854/4116 568/1889/4116
f 3469/1890/4117 3464/1834/4117 3465/1871/4117
f 3461/3328/4118 3453/1790/4118 3451/1767/4118
f 1455/1872/4119 1452/1856/4119 1453/3329/4119
f 1456/1873/4120 1455/1872/4120 1453/3329/4120
f 1450/1858/4121 1463/1857/4121 1449/3330/4121
f 308/3331/4122 220/1839/4122 307/3323/4122
f 307/3323/4123 216/1859/4123 306/1874/4123
f 1520/1922/4124 1521/3301/4124 1508/1840/4124
f 1522/1924/4125 1521/3301/4125 1520/1922/4125
f 1535/3324/4126 1533/1822/4126 1532/1880/4126
f 1539/3317/4127 1536/3305/4127 1535/3324/4127
f 495/1862/4128 513/1861/4128 518/3332/4128
f 498/1825/4129 506/1824/4129 497/3333/4129
f 499/3327/4130 498/1825/4130 496/3334/4130
f 498/1825/4131 497/3333/4131 496/3334/4131
f 504/3321/4132 499/3327/4132 511/1853/4132
f 3453/1790/4133 3461/3328/4133 3462/1815/4133
f 3492/1837/4134 3461/3328/4134 3451/1767/4134
f 1453/3329/4135 1452/1856/4135 1451/3335/4135
f 1452/1856/4136 1450/1858/4136 1451/3335/4136
f 1451/3335/4137 1450/1858/4137 1448/3336/4137
f 1504/1893/4138 1505/1819/4138 1506/1892/4138
f 1448/3336/4139 1450/1858/4139 1449/3330/4139
f 1504/1893/4140 1507/1806/4140 1505/1819/4140
f 1439/3337/4141 1441/3338/4141 1444/3339/4141
f 1443/1951/4142 1444/3339/4142 1462/1912/4142
f 302/3340/4143 303/1894/4143 288/1877/4143
f 302/3340/4144 288/1877/4144 289/1896/4144
f 1520/1922/4145 1508/1840/4145 1513/1895/4145
f 1529/3341/4146 1528/1821/4146 1526/3314/4146
f 1531/3342/4147 1532/1880/4147 1528/1821/4147
f 749/1901/4148 763/3310/4148 747/3343/4148
f 747/3343/4149 763/3310/4149 765/3344/4149
f 495/1862/4150 518/3332/4150 516/3345/4150
f 506/1824/4151 508/1863/4151 497/3333/4151
f 508/1863/4152 495/1862/4152 497/3333/4152
f 1126/3320/4153 1091/3306/4153 1089/3346/4153
f 282/1882/4154 298/1932/4154 297/1930/4154
f 2586/1904/4155 2605/1846/4155 2611/1831/4155
f 511/1853/4156 499/3327/4156 496/3334/4156
f 511/1853/4157 496/3334/4157 501/1888/4157
f 567/1854/4158 511/1853/4158 501/1888/4158
f 3461/3328/4159 3470/1906/4159 3462/1815/4159
f 3470/1906/4160 3463/1835/4160 3462/1815/4160
f 1459/1909/4161 1456/1873/4161 1453/3329/4161
f 1448/3336/4162 1449/3330/4162 1447/3347/4162
f 1447/3347/4163 1449/3330/4163 1441/3338/4163
f 304/3348/4164 303/1894/4164 302/3340/4164
f 1470/3349/4165 1503/3350/4165 1475/3351/4165
f 1475/3351/4166 1503/3350/4166 1502/3352/4166
f 292/1919/4167 287/1918/4167 299/3353/4167
f 299/3353/4168 287/1918/4168 296/3354/4168
f 1530/3355/4169 1529/3341/4169 1526/3314/4169
f 1526/3314/4170 1522/1924/4170 1524/1923/4170
f 671/3356/4171 680/3357/4171 674/3358/4171
f 1531/3342/4172 1528/1821/4172 1529/3341/4172
f 296/3354/4173 287/1918/4173 286/1927/4173
f 296/3354/4174 286/1927/4174 295/1959/4174
f 765/3344/4175 763/3310/4175 772/3318/4175
f 495/1862/4176 516/3345/4176 493/3359/4176
f 493/3359/4177 516/3345/4177 515/3360/4177
f 491/3361/4178 515/3360/4178 510/3362/4178
f 515/3360/4179 491/3361/4179 493/3359/4179
f 291/1929/4180 297/1930/4180 301/1995/4180
f 494/3363/4181 495/1862/4181 493/3359/4181
f 1089/3346/4182 1091/3306/4182 1090/1937/4182
f 497/3333/4183 495/1862/4183 496/3334/4183
f 496/3334/4184 495/1862/4184 494/3363/4184
f 2609/2059/4185 2616/1847/4185 2604/1885/4185
f 2898/1867/4186 2900/1969/4186 2899/1868/4186
f 3480/1869/4187 3482/1939/4187 3483/3364/4187
f 501/1888/4188 496/3334/4188 494/3363/4188
f 3466/1949/4189 3463/1835/4189 3468/1907/4189
f 487/1947/4190 563/3365/4190 557/1948/4190
f 562/1891/4191 505/1908/4191 500/1946/4191
f 562/1891/4192 500/1946/4192 557/1948/4192
f 1453/3329/4193 1451/3335/4193 1457/3366/4193
f 1510/1950/4194 1504/1893/4194 1506/1892/4194
f 1447/3347/4195 1441/3338/4195 1437/3367/4195
f 1437/3367/4196 1441/3338/4196 1439/3337/4196
f 1439/3337/4197 1444/3339/4197 1440/3368/4197
f 1440/3368/4198 1444/3339/4198 1443/1951/4198
f 1475/3351/4199 1502/3352/4199 1474/3369/4199
f 1474/3369/4200 1502/3352/4200 1477/3370/4200
f 677/3371/4201 681/3372/4201 671/3356/4201
f 1520/1922/4202 1513/1895/4202 1517/1980/4202
f 1478/1981/4203 1477/3370/4203 1482/3373/4203
f 1478/1981/4204 1482/3373/4204 1483/1979/4204
f 1530/3355/4205 1526/3314/4205 1524/1923/4205
f 510/3362/4206 490/1964/4206 489/1963/4206
f 1126/3320/4207 1089/3346/4207 1128/3374/4207
f 491/3361/4208 510/3362/4208 488/3375/4208
f 488/3375/4209 510/3362/4209 489/1963/4209
f 492/3376/4210 493/3359/4210 491/3361/4210
f 486/3377/4211 491/3361/4211 488/3375/4211
f 492/3376/4212 491/3361/4212 486/3377/4212
f 494/3363/4213 493/3359/4213 492/3376/4213
f 500/1946/4214 494/3363/4214 492/3376/4214
f 3485/2000/4215 3481/1887/4215 3493/1945/4215
f 501/1888/4216 494/3363/4216 500/1946/4216
f 487/1947/4217 485/3378/4217 563/3365/4217
f 563/3365/4218 485/3378/4218 564/3379/4218
f 3493/1945/4219 3469/1890/4219 3467/3380/4219
f 505/1908/4220 501/1888/4220 500/1946/4220
f 3466/1949/4221 3467/3380/4221 3465/1871/4221
f 3465/1871/4222 3467/3380/4222 3469/1890/4222
f 1459/1909/4223 1453/3329/4223 1457/3366/4223
f 1457/3366/4224 1451/3335/4224 1454/2068/4224
f 1448/3336/4225 1447/3347/4225 1446/3381/4225
f 1465/1971/4226 1471/1910/4226 1470/3349/4226
f 1504/1893/4227 1510/1950/4227 1511/1976/4227
f 1442/3382/4228 1440/3368/4228 1443/1951/4228
f 1486/2006/4229 1484/1978/4229 1500/1977/4229
f 1474/3369/4230 1477/3370/4230 1476/3383/4230
f 1476/3383/4231 1477/3370/4231 1478/1981/4231
f 468/3384/4232 472/3385/4232 471/3386/4232
f 469/3387/4233 472/3385/4233 463/3388/4233
f 463/3388/4234 472/3385/4234 468/3384/4234
f 671/3356/4235 674/3358/4235 673/3389/4235
f 482/1961/4236 483/1982/4236 480/1984/4236
f 479/1962/4237 482/1961/4237 480/1984/4237
f 749/1901/4238 747/3343/4238 748/1902/4238
f 1132/3326/4239 1126/3320/4239 1128/3374/4239
f 21/3390/4240 22/3391/4240 17/3392/4240
f 2095/1985/4241 2109/2012/4241 2097/2010/4241
f 488/3375/4242 489/1963/4242 481/1993/4242
f 486/3377/4243 488/3375/4243 481/1993/4243
f 486/3377/4244 481/1993/4244 485/3378/4244
f 487/1947/4245 486/3377/4245 485/3378/4245
f 492/3376/4246 486/3377/4246 487/1947/4246
f 500/1946/4247 492/3376/4247 487/1947/4247
f 485/3378/4248 484/3393/4248 564/3379/4248
f 484/3393/4249 477/3394/4249 564/3379/4249
f 1510/1950/4250 1459/1909/4250 1525/3395/4250
f 1525/3395/4251 1459/1909/4251 1537/3396/4251
f 1451/3335/4252 1448/3336/4252 1454/2068/4252
f 1454/2068/4253 1448/3336/4253 1446/3381/4253
f 1446/3381/4254 1447/3347/4254 1437/3367/4254
f 1487/2031/4255 1492/1972/4255 1491/1974/4255
f 1437/3367/4256 1439/3337/4256 1438/3397/4256
f 1438/3397/4257 1439/3337/4257 1440/3368/4257
f 679/3398/4258 677/3371/4258 678/3399/4258
f 1470/3349/4259 1475/3351/4259 1468/2087/4259
f 1465/1971/4260 1470/3349/4260 1468/2087/4260
f 1468/2087/4261 1475/3351/4261 1474/3369/4261
f 1476/3383/4262 1478/1981/4262 1479/3400/4262
f 1479/3400/4263 1478/1981/4263 1484/1978/4263
f 672/3401/4264 671/3356/4264 673/3389/4264
f 480/1984/4265 470/1983/4265 459/2007/4265
f 459/2007/4266 470/1983/4266 469/3387/4266
f 459/2007/4267 469/3387/4267 462/3402/4267
f 469/3387/4268 463/3388/4268 462/3402/4268
f 481/1993/4269 479/1962/4269 478/3403/4269
f 479/1962/4270 480/1984/4270 458/2008/4270
f 478/3403/4271 479/1962/4271 458/2008/4271
f 2905/1997/4272 2903/1996/4272 2904/2020/4272
f 485/3378/4273 481/1993/4273 484/3393/4273
f 484/3393/4274 481/1993/4274 478/3403/4274
f 484/3393/4275 478/3403/4275 477/3394/4275
f 477/3394/4276 478/3403/4276 458/2008/4276
f 477/3394/4277 458/2008/4277 461/3404/4277
f 592/3405/4278 474/3406/4278 476/3407/4278
f 5/3408/4279 16/3409/4279 6/3410/4279
f 477/3394/4280 461/3404/4280 556/3411/4280
f 461/3404/4281 475/3412/4281 559/3413/4281
f 556/3411/4282 461/3404/4282 559/3413/4282
f 559/3413/4283 475/3412/4283 474/3406/4283
f 474/3406/4284 592/3405/4284 559/3413/4284
f 1537/3396/4285 1459/1909/4285 1457/3366/4285
f 2830/3414/4286 2832/3415/4286 2825/3416/4286
f 1446/3381/4287 1437/3367/4287 1436/2084/4287
f 1485/3417/4288 1486/2006/4288 1487/2031/4288
f 1486/2006/4289 1492/1972/4289 1487/2031/4289
f 1443/1951/4290 1461/1911/4290 1445/2005/4290
f 1468/2087/4291 1474/3369/4291 1473/3418/4291
f 1479/3400/4292 1484/1978/4292 1485/3417/4292
f 1484/1978/4293 1486/2006/4293 1485/3417/4293
f 1473/3418/4294 1474/3369/4294 1476/3383/4294
f 675/3419/4295 671/3356/4295 670/3420/4295
f 1519/3421/4296 1517/1980/4296 1518/2034/4296
f 468/3384/4297 471/3386/4297 467/3422/4297
f 670/3420/4298 671/3356/4298 672/3401/4298
f 468/3384/4299 467/3422/4299 464/3423/4299
f 463/3388/4300 468/3384/4300 464/3423/4300
f 462/3402/4301 463/3388/4301 460/3424/4301
f 463/3388/4302 464/3423/4302 460/3424/4302
f 459/2007/4303 462/3402/4303 460/3424/4303
f 458/2008/4304 459/2007/4304 460/3424/4304
f 461/3404/4305 458/2008/4305 460/3424/4305
f 461/3404/4306 460/3424/4306 475/3412/4306
f 475/3412/4307 460/3424/4307 474/3406/4307
f 474/3406/4308 460/3424/4308 473/3425/4308
f 473/3425/4309 465/3426/4309 476/3407/4309
f 473/3425/4310 476/3407/4310 474/3406/4310
f 2751/3427/4311 2750/3428/4311 2747/3429/4311
f 2747/3429/4312 2750/3428/4312 2748/3430/4312
f 2828/3431/4313 2830/3414/4313 2825/3416/4313
f 1537/3396/4314 1457/3366/4314 1541/2067/4314
f 1541/2067/4315 1457/3366/4315 1454/2068/4315
f 1436/2084/4316 1437/3367/4316 1438/3397/4316
f 1445/2005/4317 1465/1971/4317 1464/2121/4317
f 1438/3397/4318 1440/3368/4318 1442/3382/4318
f 1442/3382/4319 1443/1951/4319 1445/2005/4319
f 1464/2121/4320 1465/1971/4320 1468/2087/4320
f 678/3399/4321 677/3371/4321 675/3419/4321
f 675/3419/4322 677/3371/4322 671/3356/4322
f 464/3423/4323 467/3422/4323 466/3432/4323
f 765/3344/4324 772/3318/4324 771/3433/4324
f 771/3433/4325 772/3318/4325 801/3319/4325
f 801/3319/4326 812/3325/4326 808/3434/4326
f 460/3424/4327 464/3423/4327 465/3426/4327
f 464/3423/4328 466/3432/4328 465/3426/4328
f 460/3424/4329 465/3426/4329 473/3425/4329
f 17/3392/4330 16/3409/4330 15/3435/4330
f 1089/3346/4331 1090/1937/4331 1088/3436/4331
f 15/3435/4332 16/3409/4332 5/3408/4332
f 2920/2042/4333 2921/2056/4333 2907/2003/4333
f 1542/2066/4334 1454/2068/4334 1446/3381/4334
f 1446/3381/4335 1436/2084/4335 1554/2083/4335
f 1542/2066/4336 1446/3381/4336 1554/2083/4336
f 1556/3437/4337 1537/3396/4337 1541/2067/4337
f 1525/3395/4338 1537/3396/4338 1556/3437/4338
f 3623/3438/4339 3624/3439/4339 3616/3440/4339
f 1464/2121/4340 1468/2087/4340 1469/2086/4340
f 1134/3441/4341 1132/3326/4341 1128/3374/4341
f 18/3442/4342 21/3390/4342 17/3392/4342
f 18/3442/4343 17/3392/4343 15/3435/4343
f 2913/2021/4344 2911/2015/4344 2912/2088/4344
f 2747/3429/4345 2748/3430/4345 2749/3443/4345
f 2749/3443/4346 2748/3430/4346 2753/3444/4346
f 2826/3445/4347 2828/3431/4347 2825/3416/4347
f 1488/3446/4348 1487/2031/4348 1489/3447/4348
f 1487/2031/4349 1490/2032/4349 1489/3447/4349
f 2826/3445/4350 2825/3416/4350 2824/3448/4350
f 1460/2082/4351 1436/2084/4351 1438/3397/4351
f 1485/3417/4352 1487/2031/4352 1488/3446/4352
f 1493/3449/4353 1485/3417/4353 1488/3446/4353
f 2824/3448/4354 2825/3416/4354 2821/3450/4354
f 1438/3397/4355 1442/3382/4355 1458/2123/4355
f 1458/2123/4356 1442/3382/4356 1445/2005/4356
f 1458/2123/4357 1445/2005/4357 1464/2121/4357
f 1472/2085/4358 1468/2087/4358 1473/3418/4358
f 1472/2085/4359 1473/3418/4359 1476/3383/4359
f 1480/3451/4360 1479/3400/4360 1485/3417/4360
f 1480/3451/4361 1485/3417/4361 1493/3449/4361
f 1472/2085/4362 1476/3383/4362 1481/3452/4362
f 1481/3452/4363 1476/3383/4363 1480/3451/4363
f 1476/3383/4364 1479/3400/4364 1480/3451/4364
f 3705/3453/4365 3708/2073/4365 3706/2072/4365
f 747/3343/4366 765/3344/4366 745/2211/4366
f 771/3433/4367 801/3319/4367 808/3434/4367
f 1134/3441/4368 1128/3374/4368 1129/2244/4368
f 748/1902/4369 747/3343/4369 746/3454/4369
f 3602/3455/4370 3601/2110/4370 3589/2143/4370
f 3603/2055/4371 3601/2110/4371 3602/3455/4371
f 1098/2222/4372 1090/1937/4372 1099/1936/4372
f 2100/2078/4373 2094/2036/4373 2099/2077/4373
f 2100/2078/4374 2099/2077/4374 2113/2094/4374
f 2749/3443/4375 2753/3444/4375 2752/3456/4375
f 2829/3457/4376 2826/3445/4376 2824/3448/4376
f 1556/3437/4377 1541/2067/4377 1557/2124/4377
f 1460/2082/4378 1438/3397/4378 1458/2123/4378
f 1466/2122/4379 1464/2121/4379 1469/2086/4379
f 3622/3458/4380 3623/3438/4380 3616/3440/4380
f 765/3344/4381 771/3433/4381 766/3459/4381
f 3705/3453/4382 3706/2072/4382 3707/3460/4382
f 2311/3461/4383 2314/3462/4383 2312/3463/4383
f 746/3454/4384 747/3343/4384 745/2211/4384
f 3618/2052/4385 3614/2104/4385 3608/2106/4385
f 2528/3464/4386 2524/2107/4386 2526/2109/4386
f 1129/2244/4387 1128/3374/4387 1089/3346/4387
f 3618/2052/4388 3608/2106/4388 3604/2053/4388
f 3601/2110/4389 3600/2112/4389 3589/2143/4389
f 3591/2144/4390 3592/2146/4390 3589/2143/4390
f 3604/2053/4391 3601/2110/4391 3603/2055/4391
f 1088/3436/4392 1090/1937/4392 1098/2222/4392
f 4/3465/4393 5/3408/4393 6/3410/4393
f 1580/2100/4394 1586/2044/4394 1588/3466/4394
f 1488/3446/4395 1489/3447/4395 1497/3467/4395
f 2824/3448/4396 2821/3450/4396 2820/2181/4396
f 1494/3468/4397 1493/3449/4397 1488/3446/4397
f 1469/2086/4398 1472/2085/4398 1498/2158/4398
f 1480/3451/4399 1493/3449/4399 1494/3468/4399
f 2820/2181/4400 2821/3450/4400 2822/2179/4400
f 1472/2085/4401 1481/3452/4401 1498/2158/4401
f 2822/2179/4402 2821/3450/4402 2827/3469/4402
f 3622/3458/4403 3616/3440/4403 3611/3470/4403
f 3611/3470/4404 3616/3440/4404 3615/3471/4404
f 3615/3471/4405 3616/3440/4405 3617/2165/4405
f 2822/2179/4406 2827/3469/4406 2823/3472/4406
f 745/2211/4407 765/3344/4407 766/3459/4407
f 2308/3473/4408 2311/3461/4408 2309/3474/4408
f 2311/3461/4409 2312/3463/4409 2309/3474/4409
f 3613/2105/4410 3635/2130/4410 3612/2129/4410
f 3613/2105/4411 3612/2129/4411 3608/2106/4411
f 1733/3475/4412 1738/3476/4412 1736/3477/4412
f 3612/2129/4413 3609/2132/4413 3608/2106/4413
f 19/3478/4414 18/3442/4414 15/3435/4414
f 3608/2106/4415 3609/2132/4415 3607/3479/4415
f 1736/3477/4416 1739/3480/4416 1734/3481/4416
f 2040/2203/4417 2042/3482/4417 2038/2202/4417
f 3608/2106/4418 3607/3479/4418 3604/2053/4418
f 3604/2053/4419 3607/3479/4419 3605/3483/4419
f 3604/2053/4420 3605/3483/4420 3601/2110/4420
f 3601/2110/4421 3605/3483/4421 3634/2111/4421
f 3600/2112/4422 3588/2139/4422 3589/2143/4422
f 3588/2139/4423 3587/2141/4423 3589/2143/4423
f 12/3484/4424 15/3435/4424 5/3408/4424
f 4/3465/4425 6/3410/4425 7/3485/4425
f 7/3485/4426 6/3410/4426 8/3486/4426
f 2747/3429/4427 2749/3443/4427 2752/3456/4427
f 1488/3446/4428 1497/3467/4428 1494/3468/4428
f 1543/2120/4429 1542/2066/4429 1554/2083/4429
f 1558/2157/4430 1460/2082/4430 1458/2123/4430
f 1495/3487/4431 1480/3451/4431 1494/3468/4431
f 3682/2183/4432 3683/3488/4432 3677/2162/4432
f 1466/2122/4433 1469/2086/4433 1499/2159/4433
f 3638/2163/4434 3671/3489/4434 3670/2187/4434
f 3671/3489/4435 3687/2185/4435 3670/2187/4435
f 1498/2158/4436 1481/3452/4436 1496/3490/4436
f 1496/3490/4437 1481/3452/4437 1480/3451/4437
f 1496/3490/4438 1480/3451/4438 1495/3487/4438
f 2817/2180/4439 2822/2179/4439 2823/3472/4439
f 2817/2180/4440 2823/3472/4440 2814/2188/4440
f 2814/2188/4441 2823/3472/4441 2831/3491/4441
f 3610/3492/4442 3611/3470/4442 3615/3471/4442
f 3710/3493/4443 3711/3494/4443 3712/3495/4443
f 2814/2188/4444 2815/3496/4444 2816/2189/4444
f 3609/2132/4445 3611/3470/4445 3610/3492/4445
f 2313/3497/4446 2308/3473/4446 2307/3498/4446
f 2307/3498/4447 2308/3473/4447 2309/3474/4447
f 3607/3479/4448 3609/2132/4448 3610/3492/4448
f 1733/3475/4449 1736/3477/4449 1734/3481/4449
f 3605/3483/4450 3607/3479/4450 3637/3499/4450
f 3584/3500/4451 3637/3499/4451 3582/3501/4451
f 3626/2198/4452 3590/2142/4452 3587/2141/4452
f 1129/2244/4453 1089/3346/4453 1087/2245/4453
f 3693/1/4454 3694/3502/4454 3691/2/4454
f 3584/3500/4455 3582/3501/4455 3581/3503/4455
f 3589/2143/4456 3590/2142/4456 3591/2144/4456
f 1087/2245/4457 1089/3346/4457 1088/3436/4457
f 3678/2147/4458 3631/2145/4458 3639/3504/4458
f 12/3484/4459 5/3408/4459 4/3465/4459
f 2294/2176/4460 2295/2178/4460 2299/3505/4460
f 2829/3457/4461 2824/3448/4461 2820/2181/4461
f 1555/2156/4462 1460/2082/4462 1558/2157/4462
f 3661/3506/4463 3664/3507/4463 3663/3508/4463
f 1558/2157/4464 1466/2122/4464 1559/3509/4464
f 3661/3506/4465 3663/3508/4465 3662/3510/4465
f 3628/2164/4466 3638/2163/4466 3670/2187/4466
f 3687/2185/4467 3686/2182/4467 3630/2186/4467
f 3682/2183/4468 3677/2162/4468 3621/3511/4468
f 3627/3512/4469 3677/2162/4469 3599/2161/4469
f 3597/3513/4470 3627/3512/4470 3599/2161/4470
f 3599/2161/4471 3633/2160/4471 3632/3514/4471
f 3620/3515/4472 3621/3511/4472 3677/2162/4472
f 3620/3515/4473 3677/2162/4473 3627/3512/4473
f 3599/2161/4474 3632/3514/4474 3598/3516/4474
f 3632/3514/4475 3679/3517/4475 3672/3518/4475
f 3700/3519/4476 3703/3520/4476 3701/3521/4476
f 3615/3471/4477 3617/2165/4477 3628/2164/4477
f 3598/3516/4478 3632/3514/4478 3672/3518/4478
f 2818/3522/4479 2817/2180/4479 2816/2189/4479
f 3628/2164/4480 3670/2187/4480 3585/2208/4480
f 3594/3523/4481 3620/3515/4481 3627/3512/4481
f 670/3420/4482 672/3401/4482 676/3524/4482
f 3615/3471/4483 3628/2164/4483 3610/3492/4483
f 2307/3498/4484 2309/3474/4484 2310/3525/4484
f 2296/2169/4485 2292/3526/4485 2286/2166/4485
f 3628/2164/4486 3585/2208/4486 3582/3501/4486
f 745/2211/4487 766/3459/4487 744/2209/4487
f 1737/3527/4488 1733/3475/4488 1735/3528/4488
f 3607/3479/4489 3610/3492/4489 3637/3499/4489
f 3582/3501/4490 3585/2208/4490 3583/2140/4490
f 1733/3475/4491 1734/3481/4491 1735/3528/4491
f 3593/2199/4492 3594/3523/4492 3591/2144/4492
f 3591/2144/4493 3594/3523/4493 3595/3529/4493
f 3581/3503/4494 3582/3501/4494 3583/2140/4494
f 3590/2142/4495 3593/2199/4495 3591/2144/4495
f 2043/3530/4496 2040/2203/4496 2039/2201/4496
f 3631/2145/4497 3591/2144/4497 3595/3529/4497
f 3631/2145/4498 3595/3529/4498 3619/2212/4498
f 3639/3504/4499 3631/2145/4499 3619/2212/4499
f 2294/2176/4500 2299/3505/4500 2298/3531/4500
f 2294/2176/4501 2298/3531/4501 2290/3532/4501
f 2819/3533/4502 2829/3457/4502 2820/2181/4502
f 2819/3533/4503 2820/2181/4503 2817/2180/4503
f 3676/2184/4504 3682/2183/4504 3621/3511/4504
f 3703/3520/4505 3704/3534/4505 3701/3521/4505
f 3667/3535/4506 3664/3507/4506 3661/3506/4506
f 3659/3536/4507 3661/3506/4507 3662/3510/4507
f 2292/3526/4508 2293/2177/4508 2287/3537/4508
f 3597/3513/4509 3599/2161/4509 3598/3516/4509
f 2292/3526/4510 2287/3537/4510 2286/2166/4510
f 3630/2186/4511 3686/2182/4511 3676/2184/4511
f 3597/3513/4512 3598/3516/4512 3596/3538/4512
f 2289/3539/4513 2288/2167/4513 2287/3537/4513
f 3585/2208/4514 3670/2187/4514 3630/2186/4514
f 3594/3523/4515 3627/3512/4515 3597/3513/4515
f 2286/2166/4516 2287/3537/4516 2288/2167/4516
f 3676/2184/4517 3626/2198/4517 3586/2207/4517
f 3630/2186/4518 3676/2184/4518 3586/2207/4518
f 3626/2198/4519 3676/2184/4519 3621/3511/4519
f 3626/2198/4520 3621/3511/4520 3593/2199/4520
f 3593/2199/4521 3621/3511/4521 3620/3515/4521
f 3594/3523/4522 3597/3513/4522 3596/3538/4522
f 3593/2199/4523 3620/3515/4523 3594/3523/4523
f 3596/3538/4524 3598/3516/4524 3629/3540/4524
f 3598/3516/4525 3672/3518/4525 3629/3540/4525
f 767/3541/4526 771/3433/4526 808/3434/4526
f 767/3541/4527 808/3434/4527 807/3542/4527
f 3594/3523/4528 3596/3538/4528 3595/3529/4528
f 3587/2141/4529 3583/2140/4529 3586/2207/4529
f 3586/2207/4530 3626/2198/4530 3587/2141/4530
f 3596/3538/4531 3629/3540/4531 3619/2212/4531
f 3595/3529/4532 3596/3538/4532 3619/2212/4532
f 3639/3504/4533 3619/2212/4533 3640/3543/4533
f 3640/3543/4534 3619/2212/4534 3641/2214/4534
f 13/3544/4535 15/3435/4535 12/3484/4535
f 2880/2024/4536 2881/2205/4536 2882/3545/4536
f 1086/2224/4537 1088/3436/4537 1098/2222/4537
f 7/3485/4538 8/3486/4538 9/3546/4538
f 9/3546/4539 8/3486/4539 10/3547/4539
f 14/3548/4540 10/3547/4540 23/3549/4540
f 2293/2177/4541 2294/2176/4541 2291/3550/4541
f 2294/2176/4542 2290/3532/4542 2291/3550/4542
f 2293/2177/4543 2291/3550/4543 2287/3537/4543
f 2818/3522/4544 2819/3533/4544 2817/2180/4544
f 2290/3532/4545 2289/3539/4545 2287/3537/4545
f 3667/3535/4546 3661/3506/4546 3660/3551/4546
f 3660/3551/4547 3661/3506/4547 3659/3536/4547
f 3700/3519/4548 3701/3521/4548 3702/3552/4548
f 2313/3497/4549 2307/3498/4549 2310/3525/4549
f 3629/3540/4550 3672/3518/4550 3681/3553/4550
f 771/3433/4551 767/3541/4551 766/3459/4551
f 19/3478/4552 15/3435/4552 20/3554/4552
f 3629/3540/4553 3673/2213/4553 3619/2212/4553
f 742/2220/4554 746/3454/4554 745/2211/4554
f 20/3554/4555 15/3435/4555 13/3544/4555
f 3641/2214/4556 3673/2213/4556 3644/2225/4556
f 3640/3543/4557 3641/2214/4557 3642/3555/4557
f 3642/3555/4558 3641/2214/4558 3643/2227/4558
f 3643/2227/4559 3641/2214/4559 3644/2225/4559
f 2291/3550/4560 2290/3532/4560 2287/3537/4560
f 3681/3553/4561 3667/3535/4561 3660/3551/4561
f 3673/2213/4562 3629/3540/4562 3681/3553/4562
f 24/3556/4563 19/3478/4563 20/3554/4563
f 807/3542/4564 808/3434/4564 819/3557/4564
f 1728/3558/4565 1729/3559/4565 1730/3560/4565
f 1731/3561/4566 1728/3558/4566 1730/3560/4566
f 1730/3560/4567 1729/3559/4567 1732/3562/4567
f 3643/2227/4568 3645/2226/4568 3646/3563/4568
f 9/3546/4569 10/3547/4569 11/3564/4569
f 11/3564/4570 10/3547/4570 14/3548/4570
f 1697/2217/4571 1689/2216/4571 1700/2233/4571
f 3685/3565/4572 3684/2234/4572 3675/2236/4572
f 3665/3566/4573 3659/3536/4573 3662/3510/4573
f 3665/3566/4574 3662/3510/4574 3666/3567/4574
f 3681/3553/4575 3660/3551/4575 3668/3568/4575
f 3673/2213/4576 3681/3553/4576 3668/3568/4576
f 3644/2225/4577 3673/2213/4577 3645/2226/4577
f 13/3544/4578 12/3484/4578 4/3465/4578
f 3646/3563/4579 3645/2226/4579 3647/2239/4579
f 744/2209/4580 766/3459/4580 767/3541/4580
f 3659/3536/4581 3665/3566/4581 3658/3569/4581
f 3660/3551/4582 3659/3536/4582 3650/3570/4582
f 3668/3568/4583 3660/3551/4583 3650/3570/4583
f 3650/3570/4584 3659/3536/4584 3658/3569/4584
f 3673/2213/4585 3668/3568/4585 3648/3571/4585
f 3648/3571/4586 3668/3568/4586 3650/3570/4586
f 3645/2226/4587 3673/2213/4587 3648/3571/4587
f 3645/2226/4588 3648/3571/4588 3647/2239/4588
f 3680/2235/4589 3669/2243/4589 3675/2236/4589
f 3675/2236/4590 3669/2243/4590 3674/3572/4590
f 767/3541/4591 807/3542/4591 770/2260/4591
f 3650/3570/4592 3658/3569/4592 3657/3573/4592
f 1087/2245/4593 1088/3436/4593 1086/2224/4593
f 3647/2239/4594 3648/3571/4594 3649/2240/4594
f 3653/2241/4595 3649/2240/4595 3652/2242/4595
f 740/2249/4596 744/2209/4596 767/3541/4596
f 740/2249/4597 767/3541/4597 770/2260/4597
f 770/2260/4598 807/3542/4598 816/3574/4598
f 816/3574/4599 807/3542/4599 819/3557/4599
f 3650/3570/4600 3657/3573/4600 3656/3575/4600
f 3649/2240/4601 3648/3571/4601 3650/3570/4601
f 3649/2240/4602 3650/3570/4602 3651/3576/4602
f 3652/2242/4603 3649/2240/4603 3651/3576/4603
f 3669/2243/4604 3652/2242/4604 3655/3577/4604
f 3669/2243/4605 3655/3577/4605 3674/3572/4605
f 3650/3570/4606 3656/3575/4606 3654/3578/4606
f 3651/3576/4607 3650/3570/4607 3654/3578/4607
f 3651/3576/4608 3654/3578/4608 3652/2242/4608
f 3652/2242/4609 3654/3578/4609 3655/3577/4609
f 821/2261/4610 770/2260/4610 816/3574/4610
f 1122/2246/4611 1087/2245/4611 1085/3579/4611
f 1085/3579/4612 1087/2245/4612 1086/2224/4612
f 740/2249/4613 770/2260/4613 820/2259/4613
f 1139/2254/4614 1121/2255/4614 1137/3580/4614
f 1083/2258/4615 1085/3579/4615 1086/2224/4615
f 1121/2255/4616 1122/2246/4616 1085/3579/4616
f 1082/3581/4617 1121/2255/4617 1085/3579/4617
f 3120/2276/4618 3127/3582/4618 3121/3583/4618
f 3141/3584/4619 3140/3585/4619 3120/2276/4619
f 3140/3585/4620 3127/3582/4620 3120/2276/4620
f 3121/3583/4621 3127/3582/4621 3136/3586/4621
f 1136/3587/4622 1137/3580/4622 1121/2255/4622
f 1125/3588/4623 1121/2255/4623 1082/3581/4623
f 1082/3581/4624 1085/3579/4624 1083/2258/4624
f 1136/3587/4625 1121/2255/4625 1125/3588/4625
f 3120/2276/4626 3121/3583/4626 3119/3589/4626
f 3118/2277/4627 3120/2276/4627 3119/3589/4627
f 3141/3584/4628 3120/2276/4628 3139/2278/4628
f 822/2265/4629 823/2264/4629 824/2282/4629
f 1082/3581/4630 1083/2258/4630 1084/3590/4630
f 3119/3589/4631 3121/3583/4631 3122/3591/4631
f 3122/3591/4632 3121/3583/4632 3138/3592/4632
f 1084/3590/4633 1083/2258/4633 1102/2271/4633
f 2603/2274/4634 2594/2263/4634 2595/2281/4634
f 3118/2277/4635 3119/3589/4635 3116/3593/4635
f 3116/3593/4636 3119/3589/4636 3122/3591/4636
f 3139/2278/4637 3118/2277/4637 3117/2289/4637
f 3122/3591/4638 3138/3592/4638 3134/3594/4638
f 1130/3595/4639 1125/3588/4639 1082/3581/4639
f 3117/2289/4640 3118/2277/4640 3116/3593/4640
f 1130/3595/4641 1082/3581/4641 1093/3596/4641
f 1094/2294/4642 1084/3590/4642 1102/2271/4642
f 1093/3596/4643 1082/3581/4643 1084/3590/4643
f 3116/3593/4644 3122/3591/4644 3134/3594/4644
f 1093/3596/4645 1084/3590/4645 1094/2294/4645
f 3116/3593/4646 3134/3594/4646 3115/3597/4646
f 3143/3598/4647 3139/2278/4647 3078/2290/4647
f 3117/2289/4648 3116/3593/4648 3114/2300/4648
f 3114/2300/4649 3116/3593/4649 3115/3597/4649
f 3115/3597/4650 3134/3594/4650 3131/3599/4650
f 1133/3600/4651 1130/3595/4651 1093/3596/4651
f 1093/3596/4652 1094/2294/4652 1095/3601/4652
f 1133/3600/4653 1093/3596/4653 1124/3602/4653
f 1124/3602/4654 1093/3596/4654 1095/3601/4654
f 1095/3601/4655 1094/2294/4655 1096/3603/4655
f 3113/3604/4656 3114/2300/4656 3115/3597/4656
f 3078/2290/4657 3117/2289/4657 3114/2300/4657
f 3115/3597/4658 3131/3599/4658 3113/3604/4658
f 1094/2294/4659 1103/2293/4659 1096/3603/4659
f 3114/2300/4660 3113/3604/4660 3077/2301/4660
f 3052/2296/4661 3078/2290/4661 3077/2301/4661
f 3077/2301/4662 3113/3604/4662 3112/3605/4662
f 3052/2296/4663 3077/2301/4663 3076/2305/4663
f 3113/3604/4664 3131/3599/4664 3112/3605/4664
f 1133/3600/4665 1124/3602/4665 1131/3606/4665
f 3112/3605/4666 3131/3599/4666 3132/3607/4666
f 1124/3602/4667 1095/3601/4667 1131/3606/4667
f 3077/2301/4668 3112/3605/4668 3099/2313/4668
f 3099/2313/4669 3112/3605/4669 3097/3608/4669
f 3123/3609/4670 3112/3605/4670 3132/3607/4670
f 1131/3606/4671 1095/3601/4671 1097/3610/4671
f 1097/3610/4672 1095/3601/4672 1096/3603/4672
f 3076/2305/4673 3077/2301/4673 3099/2313/4673
f 3097/3608/4674 3112/3605/4674 3123/3609/4674
f 1097/3610/4675 1096/3603/4675 1101/2320/4675
f 1101/2320/4676 1096/3603/4676 1105/2321/4676
f 3062/2315/4677 3076/2305/4677 3075/2314/4677
f 3099/2313/4678 3097/3608/4678 3098/2324/4678
f 3123/3609/4679 3132/3607/4679 3137/3611/4679
f 2606/2318/4680 2600/2307/4680 2563/2317/4680
f 3097/3608/4681 3123/3609/4681 3124/3612/4681
f 3124/3612/4682 3123/3609/4682 3137/3611/4682
f 1120/3613/4683 1097/3610/4683 1101/2320/4683
f 3097/3608/4684 3124/3612/4684 3095/3614/4684
f 1120/3613/4685 1101/2320/4685 1110/3615/4685
f 1110/3615/4686 1101/2320/4686 1109/2326/4686
f 3075/2314/4687 3098/2324/4687 3096/3616/4687
f 3096/3616/4688 3098/2324/4688 3097/3608/4688
f 3096/3616/4689 3097/3608/4689 3095/3614/4689
f 3060/2327/4690 3075/2314/4690 3074/2345/4690
f 3074/2345/4691 3075/2314/4691 3096/3616/4691
f 3095/3614/4692 3124/3612/4692 3125/3617/4692
f 1120/3613/4693 1110/3615/4693 1123/3618/4693
f 1110/3615/4694 1109/2326/4694 1111/3619/4694
f 1111/3619/4695 1109/2326/4695 1113/2332/4695
f 3094/3620/4696 3095/3614/4696 3125/3617/4696
f 1123/3618/4697 1110/3615/4697 1112/2361/4697
f 1112/2361/4698 1110/3615/4698 1111/3619/4698
f 1741/3621/4699 1749/3622/4699 1743/3623/4699
f 1743/3623/4700 1749/3622/4700 1750/3624/4700
f 2623/2337/4701 2621/2330/4701 2622/2334/4701
f 1117/2376/4702 1123/3618/4702 1112/2361/4702
f 1112/2361/4703 1111/3619/4703 1115/2359/4703
f 1742/3625/4704 1741/3621/4704 1743/3623/4704
f 1748/3626/4705 1742/3625/4705 1743/3623/4705
f 3096/3616/4706 3095/3614/4706 3089/3627/4706
f 3089/3627/4707 3095/3614/4707 3094/3620/4707
f 3056/2347/4708 3060/2327/4708 3073/2346/4708
f 3094/3620/4709 3125/3617/4709 3126/2373/4709
f 1744/3628/4710 1741/3621/4710 1740/3629/4710
f 1740/3629/4711 1741/3621/4711 1742/3625/4711
f 2555/2344/4712 2579/2352/4712 2622/2334/4712
f 1740/3629/4713 1742/3625/4713 1748/3626/4713
f 3074/2345/4714 3096/3616/4714 3089/3627/4714
f 3089/3627/4715 3094/3620/4715 3086/2372/4715
f 3094/3620/4716 3126/2373/4716 3086/2372/4716
f 1624/2340/4717 1625/2349/4717 1626/2362/4717
f 1744/3628/4718 1740/3629/4718 1745/3630/4718
f 1745/3630/4719 1740/3629/4719 1746/3631/4719
f 3090/3632/4720 3074/2345/4720 3089/3627/4720
f 3073/2346/4721 3074/2345/4721 3090/3632/4721
f 3088/3633/4722 3089/3627/4722 3086/2372/4722
f 1117/2376/4723 1112/2361/4723 1116/2360/4723
f 2550/2350/4724 2575/2371/4724 2561/2351/4724
f 1746/3631/4725 1747/3634/4725 1745/3630/4725
f 3090/3632/4726 3089/3627/4726 3088/3633/4726
f 3088/3633/4727 3086/2372/4727 3083/3635/4727
f 3083/3635/4728 3086/2372/4728 3085/2374/4728
f 3055/3636/4729 3058/2357/4729 3056/2347/4729
f 3055/3636/4730 3056/2347/4730 3057/2366/4730
f 3071/2365/4731 3073/2346/4731 3090/3632/4731
f 2968/3637/4732 2969/2382/4732 2970/2384/4732
f 2735/3638/4733 2738/3639/4733 2737/3640/4733
f 1119/3641/4734 1117/2376/4734 1118/2375/4734
f 2807/2370/4735 2809/2364/4735 2805/2405/4735
f 3085/2374/4736 3126/2373/4736 3133/3642/4736
f 2739/3643/4737 2738/3639/4737 2735/3638/4737
f 2736/3644/4738 2735/3638/4738 2737/3640/4738
f 3090/3632/4739 3088/3633/4739 3091/3645/4739
f 3100/3646/4740 3088/3633/4740 3083/3635/4740
f 3083/3635/4741 3085/2374/4741 3080/3647/4741
f 2495/3648/4742 2494/3649/4742 2492/2402/4742
f 2734/3650/4743 2735/3638/4743 2736/3644/4743
f 2492/2402/4744 2494/3649/4744 2490/2400/4744
f 2805/2405/4745 2806/3651/4745 2807/2370/4745
f 3071/2365/4746 3090/3632/4746 3070/2394/4746
f 3070/2394/4747 3090/3632/4747 3091/3645/4747
f 3085/2374/4748 3087/3652/4748 3080/3647/4748
f 2734/3650/4749 2739/3643/4749 2735/3638/4749
f 2744/3653/4750 2745/3654/4750 2743/3655/4750
f 3083/3635/4751 3080/3647/4751 3082/3656/4751
f 2806/3651/4752 2805/2405/4752 2808/2404/4752
f 3091/3645/4753 3088/3633/4753 3092/3657/4753
f 3092/3657/4754 3088/3633/4754 3100/3646/4754
f 2740/3658/4755 2744/3653/4755 2743/3655/4755
f 3158/3659/4756 3155/2419/4756 3157/2421/4756
f 3082/3656/4757 3080/3647/4757 3079/3660/4757
f 3070/2394/4758 3091/3645/4758 3107/3661/4758
f 2740/3658/4759 2743/3655/4759 2741/3662/4759
f 3080/3647/4760 3087/3652/4760 3084/3663/4760
f 1673/2416/4761 1646/2391/4761 1653/2409/4761
f 2496/3664/4762 2493/2408/4762 2491/2401/4762
f 3092/3657/4763 3100/3646/4763 3101/3665/4763
f 3101/3665/4764 3100/3646/4764 3103/3666/4764
f 3103/3666/4765 3100/3646/4765 3104/3667/4765
f 3079/3660/4766 3080/3647/4766 3081/3668/4766
f 3080/3647/4767 3084/3663/4767 3081/3668/4767
f 2725/2435/4768 2733/3669/4768 2726/2437/4768
f 3093/2446/4769 3091/3645/4769 3092/3657/4769
f 3109/3670/4770 3092/3657/4770 3101/3665/4770
f 3103/3666/4771 3104/3667/4771 3105/3671/4771
f 2740/3658/4772 2741/3662/4772 2742/3672/4772
f 2742/3672/4773 2741/3662/4773 2746/3673/4773
f 3106/3674/4774 3103/3666/4774 3105/3671/4774
f 3101/3665/4775 3103/3666/4775 3142/3675/4775
f 3092/3657/4776 3109/3670/4776 3110/3676/4776
f 3068/2418/4777 3070/2394/4777 3107/3661/4777
f 2945/3677/4778 2947/3678/4778 2946/3679/4778
f 3142/3675/4779 3103/3666/4779 3106/3674/4779
f 2771/3680/4780 2775/3681/4780 2772/3682/4780
f 1643/2412/4781 1656/3683/4781 1654/2413/4781
f 2064/3684/4782 2059/2447/4782 2063/3685/4782
f 2944/3686/4783 2945/3677/4783 2946/3679/4783
f 2927/3687/4784 2928/3688/4784 2929/3689/4784
f 1654/2413/4785 1656/3683/4785 1655/2417/4785
f 3093/2446/4786 3092/3657/4786 3102/2444/4786
f 3102/2444/4787 3092/3657/4787 3135/3690/4787
f 2773/3691/4788 2771/3680/4788 2770/3692/4788
f 2063/3685/4789 2059/2447/4789 2061/2449/4789
f 2944/3686/4790 2946/3679/4790 2943/3693/4790
f 2770/3692/4791 2771/3680/4791 2772/3682/4791
f 1644/2433/4792 1639/2432/4792 1671/2451/4792
f 1659/2427/4793 1638/2415/4793 1664/2438/4793
f 3064/2454/4794 3067/2424/4794 3068/2418/4794
f 3108/3694/4795 3068/2418/4795 3107/3661/4795
f 3065/2459/4796 3068/2418/4796 3108/3694/4796
f 3102/2444/4797 3135/3690/4797 3130/3695/4797
f 2941/3696/4798 2944/3686/4798 2943/3693/4798
f 2767/3697/4799 2768/3698/4799 2769/3699/4799
f 3110/3676/4800 3109/3670/4800 3111/3700/4800
f 2770/3692/4801 2772/3682/4801 2774/3701/4801
f 2941/3696/4802 2943/3693/4802 2942/3702/4802
f 1665/2456/4803 1659/2427/4803 1664/2438/4803
f 3064/2454/4804 3068/2418/4804 3065/2459/4804
f 3128/2445/4805 3102/2444/4805 3129/3703/4805
f 2940/3704/4806 2944/3686/4806 2941/3696/4806
f 2731/2457/4807 2728/2439/4807 2732/3705/4807
f 3129/3703/4808 3102/2444/4808 3130/3695/4808
f 2940/3704/4809 2941/3696/4809 2942/3702/4809
f 2776/3706/4810 2770/3692/4810 2774/3701/4810
f 2954/3707/4811 2955/3708/4811 2956/3709/4811
f 2975/3710/4812 2976/3711/4812 2977/3712/4812
